Time,Rack1,Rack2,Rack3,Rack4
0,4.72,8.47,8.6,3.88
600,4.444444444,7.911111111,8.381111111,3.841111111
1200,4.168888889,7.352222222,8.162222222,3.802222222
1800,3.893333333,6.793333333,7.943333333,3.763333333
2400,3.617777778,6.234444444,7.724444444,3.724444444
3000,3.342222222,5.675555556,7.505555556,3.685555556
3600,3.066666667,5.116666667,7.286666667,3.646666667
4200,2.791111111,4.557777778,7.067777778,3.607777778
4800,2.515555556,3.998888889,6.848888889,3.568888889
5400,2.24,3.44,6.63,3.53
6000,2.24,3.43,6.57875,3.52625
6600,2.24,3.42,6.5275,3.5225
7200,2.24,3.41,6.47625,3.51875
7800,2.24,3.4,6.425,3.515
8400,2.24,3.39,6.37375,3.51125
9000,2.24,3.38,6.3225,3.5075
9600,2.24,3.37,6.27125,3.50375
10200,2.24,3.36,6.22,3.5
10800,2.23875,3.3625,6.20125,3.5
11400,2.2375,3.365,6.1825,3.5
12000,2.23625,3.3675,6.16375,3.5
12600,2.235,3.37,6.145,3.5
13200,2.23375,3.3725,6.12625,3.5
13800,2.2325,3.375,6.1075,3.5
14400,2.23125,3.3775,6.08875,3.5
15000,2.23,3.38,6.07,3.5
15600,2.231111111,3.376666667,6.046666667,3.5
16200,2.232222222,3.373333333,6.023333333,3.5
16800,2.233333333,3.37,6,3.5
17400,2.234444444,3.366666667,5.976666667,3.5
18000,2.235555556,3.363333333,5.953333333,3.5
18600,2.236666667,3.36,5.93,3.5
19200,2.237777778,3.356666667,5.906666667,3.5
19800,2.238888889,3.353333333,5.883333333,3.5
20400,2.24,3.35,5.86,3.5
21000,2.22625,3.35125,5.855,3.49875
21600,2.2125,3.3525,5.85,3.4975
22200,2.19875,3.35375,5.845,3.49625
22800,2.185,3.355,5.84,3.495
23400,2.17125,3.35625,5.835,3.49375
24000,2.1575,3.3575,5.83,3.4925
24600,2.14375,3.35875,5.825,3.49125
25200,2.13,3.36,5.82,3.49
25800,2.13125,3.3625,5.87875,3.49125
26400,2.1325,3.365,5.9375,3.4925
27000,2.13375,3.3675,5.99625,3.49375
27600,2.135,3.37,6.055,3.495
28200,2.13625,3.3725,6.11375,3.49625
28800,2.1375,3.375,6.1725,3.4975
29400,2.13875,3.3775,6.23125,3.49875
30000,2.14,3.38,6.29,3.5
30600,2.13875,3.37625,6.3175,3.50375
31200,2.1375,3.3725,6.345,3.5075
31800,2.13625,3.36875,6.3725,3.51125
32400,2.135,3.365,6.4,3.515
33000,2.13375,3.36125,6.4275,3.51875
33600,2.1325,3.3575,6.455,3.5225
34200,2.13125,3.35375,6.4825,3.52625
34800,2.13,3.35,6.51,3.53
35400,2.13,3.35,6.49,3.544444444
36000,2.13,3.35,6.47,3.558888889
36600,2.13,3.35,6.45,3.573333333
37200,2.13,3.35,6.43,3.587777778
37800,2.13,3.35,6.41,3.602222222
38400,2.13,3.35,6.39,3.616666667
39000,2.13,3.35,6.37,3.631111111
39600,2.13,3.35,6.35,3.645555556
40200,2.13,3.35,6.33,3.66
40800,2.1275,3.34875,6.3225,3.6425
41400,2.125,3.3475,6.315,3.625
42000,2.1225,3.34625,6.3075,3.6075
42600,2.12,3.345,6.3,3.59
43200,2.1175,3.34375,6.2925,3.5725
43800,2.115,3.3425,6.285,3.555
44400,2.1125,3.34125,6.2775,3.5375
45000,2.11,3.34,6.27,3.52
45600,2.10875,3.34125,6.27625,3.5175
46200,2.1075,3.3425,6.2825,3.515
46800,2.10625,3.34375,6.28875,3.5125
47400,2.105,3.345,6.295,3.51
48000,2.10375,3.34625,6.30125,3.5075
48600,2.1025,3.3475,6.3075,3.505
49200,2.10125,3.34875,6.31375,3.5025
49800,2.1,3.35,6.32,3.5
50400,2.102222222,3.35,6.346666667,3.5
51000,2.104444444,3.35,6.373333333,3.5
51600,2.106666667,3.35,6.4,3.5
52200,2.108888889,3.35,6.426666667,3.5
52800,2.111111111,3.35,6.453333333,3.5
53400,2.113333333,3.35,6.48,3.5
54000,2.115555556,3.35,6.506666667,3.5
54600,2.117777778,3.35,6.533333333,3.5
55200,2.12,3.35,6.56,3.5
55800,2.12875,3.3625,6.535,3.49875
56400,2.1375,3.375,6.51,3.4975
57000,2.14625,3.3875,6.485,3.49625
57600,2.155,3.4,6.46,3.495
58200,2.16375,3.4125,6.435,3.49375
58800,2.1725,3.425,6.41,3.4925
59400,2.18125,3.4375,6.385,3.49125
60000,2.19,3.45,6.36,3.49
60600,2.19125,3.4475,6.32625,3.49125
61200,2.1925,3.445,6.2925,3.4925
61800,2.19375,3.4425,6.25875,3.49375
62400,2.195,3.44,6.225,3.495
63000,2.19625,3.4375,6.19125,3.49625
63600,2.1975,3.435,6.1575,3.4975
64200,2.19875,3.4325,6.12375,3.49875
64800,2.2,3.43,6.09,3.5
65400,2.194444444,3.427777778,6.142222222,3.5
66000,2.188888889,3.425555556,6.194444444,3.5
66600,2.183333333,3.423333333,6.246666667,3.5
67200,2.177777778,3.421111111,6.298888889,3.5
67800,2.172222222,3.418888889,6.351111111,3.5
68400,2.166666667,3.416666667,6.403333333,3.5
69000,2.161111111,3.414444444,6.455555556,3.5
69600,2.155555556,3.412222222,6.507777778,3.5
70200,2.15,3.41,6.56,3.5
70800,2.14375,3.4025,6.5325,3.5
71400,2.1375,3.395,6.505,3.5
72000,2.13125,3.3875,6.4775,3.5
72600,2.125,3.38,6.45,3.5
73200,2.11875,3.3725,6.4225,3.5
73800,2.1125,3.365,6.395,3.5
74400,2.10625,3.3575,6.3675,3.5
75000,2.1,3.35,6.34,3.5
75600,2.1,3.35,6.40625,3.50125
76200,2.1,3.35,6.4725,3.5025
76800,2.1,3.35,6.53875,3.50375
77400,2.1,3.35,6.605,3.505
78000,2.1,3.35,6.67125,3.50625
78600,2.1,3.35,6.7375,3.5075
79200,2.1,3.35,6.80375,3.50875
79800,2.1,3.35,6.87,3.51
80400,2.10125,3.28375,6.95875,3.50875
81000,2.1025,3.2175,7.0475,3.5075
81600,2.10375,3.15125,7.13625,3.50625
82200,2.105,3.085,7.225,3.505
82800,2.10625,3.01875,7.31375,3.50375
83400,2.1075,2.9525,7.4025,3.5025
84000,2.10875,2.88625,7.49125,3.50125
84600,2.11,2.82,7.58,3.5
85200,2.36,3.081111111,7.643333333,3.745555556
85800,2.61,3.342222222,7.706666667,3.991111111
86400,2.86,3.603333333,7.77,4.236666667
87000,3.11,3.864444444,7.833333333,4.482222222
87600,3.36,4.125555556,7.896666667,4.727777778
88200,3.61,4.386666667,7.96,4.973333333
88800,3.86,4.647777778,8.023333333,5.218888889
89400,4.11,4.908888889,8.086666667,5.464444444
90000,4.36,5.17,8.15,5.71
90600,5.24,6.06125,8.40625,6.53375
91200,6.12,6.9525,8.6625,7.3575
91800,7,7.84375,8.91875,8.18125
92400,7.88,8.735,9.175,9.005
93000,8.76,9.62625,9.43125,9.82875
93600,9.64,10.5175,9.6875,10.6525
94200,10.52,11.40875,9.94375,11.47625
94800,11.4,12.3,10.2,12.3
95400,11.3875,12.2875,10.13875,12.3125
96000,11.375,12.275,10.0775,12.325
96600,11.3625,12.2625,10.01625,12.3375
97200,11.35,12.25,9.955,12.35
97800,11.3375,12.2375,9.89375,12.3625
98400,11.325,12.225,9.8325,12.375
99000,11.3125,12.2125,9.77125,12.3875
99600,11.3,12.2,9.71,12.4
100200,11.28888889,12.21111111,9.695555556,12.36666667
100800,11.27777778,12.22222222,9.681111111,12.33333333
101400,11.26666667,12.23333333,9.666666667,12.3
102000,11.25555556,12.24444444,9.652222222,12.26666667
102600,11.24444444,12.25555556,9.637777778,12.23333333
103200,11.23333333,12.26666667,9.623333333,12.2
103800,11.22222222,12.27777778,9.608888889,12.16666667
104400,11.21111111,12.28888889,9.594444444,12.13333333
105000,11.2,12.3,9.58,12.1
105600,11.2,12.3125,9.645,12.1375
106200,11.2,12.325,9.71,12.175
106800,11.2,12.3375,9.775,12.2125
107400,11.2,12.35,9.84,12.25
108000,11.2,12.3625,9.905,12.2875
108600,11.2,12.375,9.97,12.325
109200,11.2,12.3875,10.035,12.3625
109800,11.2,12.4,10.1,12.4
110400,11.1875,12.3875,10.06875,12.4
111000,11.175,12.375,10.0375,12.4
111600,11.1625,12.3625,10.00625,12.4
112200,11.15,12.35,9.975,12.4
112800,11.1375,12.3375,9.94375,12.4
113400,11.125,12.325,9.9125,12.4
114000,11.1125,12.3125,9.88125,12.4
114600,11.1,12.3,9.85,12.4
115200,11.12222222,12.31111111,9.888888889,12.41111111
115800,11.14444444,12.32222222,9.927777778,12.42222222
116400,11.16666667,12.33333333,9.966666667,12.43333333
117000,11.18888889,12.34444444,10.00555556,12.44444444
117600,11.21111111,12.35555556,10.04444444,12.45555556
118200,11.23333333,12.36666667,10.08333333,12.46666667
118800,11.25555556,12.37777778,10.12222222,12.47777778
119400,11.27777778,12.38888889,10.16111111,12.48888889
120000,11.3,12.4,10.2,12.5
120600,11.275,12.4,10.2375,12.4875
121200,11.25,12.4,10.275,12.475
121800,11.225,12.4,10.3125,12.4625
122400,11.2,12.4,10.35,12.45
123000,11.175,12.4,10.3875,12.4375
123600,11.15,12.4,10.425,12.425
124200,11.125,12.4,10.4625,12.4125
124800,11.1,12.4,10.5,12.4
125400,11.0875,12.3375,10.475,12.35
126000,11.075,12.275,10.45,12.3
126600,11.0625,12.2125,10.425,12.25
127200,11.05,12.15,10.4,12.2
127800,11.0375,12.0875,10.375,12.15
128400,11.025,12.025,10.35,12.1
129000,11.0125,11.9625,10.325,12.05
129600,11,11.9,10.3,12
130200,10.9625,11.8625,10.3125,11.9625
130800,10.925,11.825,10.325,11.925
131400,10.8875,11.7875,10.3375,11.8875
132000,10.85,11.75,10.35,11.85
132600,10.8125,11.7125,10.3625,11.8125
133200,10.775,11.675,10.375,11.775
133800,10.7375,11.6375,10.3875,11.7375
134400,10.7,11.6,10.4,11.7
135000,10.68888889,11.63333333,10.4,11.72222222
135600,10.67777778,11.66666667,10.4,11.74444444
136200,10.66666667,11.7,10.4,11.76666667
136800,10.65555556,11.73333333,10.4,11.78888889
137400,10.64444444,11.76666667,10.4,11.81111111
138000,10.63333333,11.8,10.4,11.83333333
138600,10.62222222,11.83333333,10.4,11.85555556
139200,10.61111111,11.86666667,10.4,11.87777778
139800,10.6,11.9,10.4,11.9
140400,10.5625,11.9,10.3325,11.9125
141000,10.525,11.9,10.265,11.925
141600,10.4875,11.9,10.1975,11.9375
142200,10.45,11.9,10.13,11.95
142800,10.4125,11.9,10.0625,11.9625
143400,10.375,11.9,9.995,11.975
144000,10.3375,11.9,9.9275,11.9875
144600,10.3,11.9,9.86,12
145200,10.35,11.9,9.73375,12
145800,10.4,11.9,9.6075,12
146400,10.45,11.9,9.48125,12
147000,10.5,11.9,9.355,12
147600,10.55,11.9,9.22875,12
148200,10.6,11.9,9.1025,12
148800,10.65,11.9,8.97625,12
149400,10.7,11.9,8.85,12
150000,10.71111111,11.9,8.855555556,11.98888889
150600,10.72222222,11.9,8.861111111,11.97777778
151200,10.73333333,11.9,8.866666667,11.96666667
151800,10.74444444,11.9,8.872222222,11.95555556
152400,10.75555556,11.9,8.877777778,11.94444444
153000,10.76666667,11.9,8.883333333,11.93333333
153600,10.77777778,11.9,8.888888889,11.92222222
154200,10.78888889,11.9,8.894444444,11.91111111
154800,10.8,11.9,8.9,11.9
155400,10.7875,11.9,8.87375,11.9125
156000,10.775,11.9,8.8475,11.925
156600,10.7625,11.9,8.82125,11.9375
157200,10.75,11.9,8.795,11.95
157800,10.7375,11.9,8.76875,11.9625
158400,10.725,11.9,8.7425,11.975
159000,10.7125,11.9,8.71625,11.9875
159600,10.7,11.9,8.69,12
160200,10.7125,11.9125,8.63625,11.9875
160800,10.725,11.925,8.5825,11.975
161400,10.7375,11.9375,8.52875,11.9625
162000,10.75,11.95,8.475,11.95
162600,10.7625,11.9625,8.42125,11.9375
163200,10.775,11.975,8.3675,11.925
163800,10.7875,11.9875,8.31375,11.9125
164400,10.8,12,8.26,11.9
165000,10.8,11.96666667,8.293333333,11.9
165600,10.8,11.93333333,8.326666667,11.9
166200,10.8,11.9,8.36,11.9
166800,10.8,11.86666667,8.393333333,11.9
167400,10.8,11.83333333,8.426666667,11.9
168000,10.8,11.8,8.46,11.9
168600,10.8,11.76666667,8.493333333,11.9
169200,10.8,11.73333333,8.526666667,11.9
169800,10.8,11.7,8.56,11.9
170400,10.8,11.7,8.53625,11.9
171000,10.8,11.7,8.5125,11.9
171600,10.8,11.7,8.48875,11.9
172200,10.8,11.7,8.465,11.9
172800,10.8,11.7,8.44125,11.9
173400,10.8,11.7,8.4175,11.9
174000,10.8,11.7,8.39375,11.9
174600,10.8,11.7,8.37,11.9
175200,10.7625,11.725,8.32875,11.9125
175800,10.725,11.75,8.2875,11.925
176400,10.6875,11.775,8.24625,11.9375
177000,10.65,11.8,8.205,11.95
177600,10.6125,11.825,8.16375,11.9625
178200,10.575,11.85,8.1225,11.975
178800,10.5375,11.875,8.08125,11.9875
179400,10.5,11.9,8.04,12
180000,10.525,11.9,8.0475,11.9875
180600,10.55,11.9,8.055,11.975
181200,10.575,11.9,8.0625,11.9625
181800,10.6,11.9,8.07,11.95
182400,10.625,11.9,8.0775,11.9375
183000,10.65,11.9,8.085,11.925
183600,10.675,11.9,8.0925,11.9125
184200,10.7,11.9,8.1,11.9
184800,10.71111111,11.9,8.138888889,11.88888889
185400,10.72222222,11.9,8.177777778,11.87777778
186000,10.73333333,11.9,8.216666667,11.86666667
186600,10.74444444,11.9,8.255555556,11.85555556
187200,10.75555556,11.9,8.294444444,11.84444444
187800,10.76666667,11.9,8.333333333,11.83333333
188400,10.77777778,11.9,8.372222222,11.82222222
189000,10.78888889,11.9,8.411111111,11.81111111
189600,10.8,11.9,8.45,11.8
190200,10.7875,11.8875,8.48375,11.75
190800,10.775,11.875,8.5175,11.7
191400,10.7625,11.8625,8.55125,11.65
192000,10.75,11.85,8.585,11.6
192600,10.7375,11.8375,8.61875,11.55
193200,10.725,11.825,8.6525,11.5
193800,10.7125,11.8125,8.68625,11.45
194400,10.7,11.8,8.72,11.4
195000,10.675,11.8125,8.69875,11.425
195600,10.65,11.825,8.6775,11.45
196200,10.625,11.8375,8.65625,11.475
196800,10.6,11.85,8.635,11.5
197400,10.575,11.8625,8.61375,11.525
198000,10.55,11.875,8.5925,11.55
198600,10.525,11.8875,8.57125,11.575
199200,10.5,11.9,8.55,11.6
199800,10.44444444,11.9,8.547777778,11.58888889
200400,10.38888889,11.9,8.545555556,11.57777778
201000,10.33333333,11.9,8.543333333,11.56666667
201600,10.27777778,11.9,8.541111111,11.55555556
202200,10.22222222,11.9,8.538888889,11.54444444
202800,10.16666667,11.9,8.536666667,11.53333333
203400,10.11111111,11.9,8.534444444,11.52222222
204000,10.05555556,11.9,8.532222222,11.51111111
204600,10,11.9,8.53,11.5
205200,10.0125,11.9,8.5125,11.5125
205800,10.025,11.9,8.495,11.525
206400,10.0375,11.9,8.4775,11.5375
207000,10.05,11.9,8.46,11.55
207600,10.0625,11.9,8.4425,11.5625
208200,10.075,11.9,8.425,11.575
208800,10.0875,11.9,8.4075,11.5875
209400,10.1,11.9,8.39,11.6
210000,10.1375,11.9,8.4525,11.625
210600,10.175,11.9,8.515,11.65
211200,10.2125,11.9,8.5775,11.675
211800,10.25,11.9,8.64,11.7
212400,10.2875,11.9,8.7025,11.725
213000,10.325,11.9,8.765,11.75
213600,10.3625,11.9,8.8275,11.775
214200,10.4,11.9,8.89,11.8
214800,10.44444444,11.91111111,8.881111111,11.8
215400,10.48888889,11.92222222,8.872222222,11.8
216000,10.53333333,11.93333333,8.863333333,11.8
216600,10.57777778,11.94444444,8.854444444,11.8
217200,10.62222222,11.95555556,8.845555556,11.8
217800,10.66666667,11.96666667,8.836666667,11.8
218400,10.71111111,11.97777778,8.827777778,11.8
219000,10.75555556,11.98888889,8.818888889,11.8
219600,10.8,12,8.81,11.8
220200,10.7875,11.9875,8.81375,11.825
220800,10.775,11.975,8.8175,11.85
221400,10.7625,11.9625,8.82125,11.875
222000,10.75,11.95,8.825,11.9
222600,10.7375,11.9375,8.82875,11.925
223200,10.725,11.925,8.8325,11.95
223800,10.7125,11.9125,8.83625,11.975
224400,10.7,11.9,8.84,12
225000,10.7125,11.9125,8.83,11.9875
225600,10.725,11.925,8.82,11.975
226200,10.7375,11.9375,8.81,11.9625
226800,10.75,11.95,8.8,11.95
227400,10.7625,11.9625,8.79,11.9375
228000,10.775,11.975,8.78,11.925
228600,10.7875,11.9875,8.77,11.9125
229200,10.8,12,8.76,11.9
229800,10.8,12,8.7475,11.9
230400,10.8,12,8.735,11.9
231000,10.8,12,8.7225,11.9
231600,10.8,12,8.71,11.9
232200,10.8,12,8.6975,11.9
232800,10.8,12,8.685,11.9
233400,10.8,12,8.6725,11.9
234000,10.8,12,8.66,11.9
234600,10.76666667,11.98888889,8.658888889,11.88888889
235200,10.73333333,11.97777778,8.657777778,11.87777778
235800,10.7,11.96666667,8.656666667,11.86666667
236400,10.66666667,11.95555556,8.655555556,11.85555556
237000,10.63333333,11.94444444,8.654444444,11.84444444
237600,10.6,11.93333333,8.653333333,11.83333333
238200,10.56666667,11.92222222,8.652222222,11.82222222
238800,10.53333333,11.91111111,8.651111111,11.81111111
239400,10.5,11.9,8.65,11.8
240000,10.4625,11.8875,8.655,11.8
240600,10.425,11.875,8.66,11.8
241200,10.3875,11.8625,8.665,11.8
241800,10.35,11.85,8.67,11.8
242400,10.3125,11.8375,8.675,11.8
243000,10.275,11.825,8.68,11.8
243600,10.2375,11.8125,8.685,11.8
244200,10.2,11.8,8.69,11.8
244800,10.1875,11.8,8.68625,11.7875
245400,10.175,11.8,8.6825,11.775
246000,10.1625,11.8,8.67875,11.7625
246600,10.15,11.8,8.675,11.75
247200,10.1375,11.8,8.67125,11.7375
247800,10.125,11.8,8.6675,11.725
248400,10.1125,11.8,8.66375,11.7125
249000,10.1,11.8,8.66,11.7
249600,10.14444444,11.78888889,8.663333333,11.68888889
250200,10.18888889,11.77777778,8.666666667,11.67777778
250800,10.23333333,11.76666667,8.67,11.66666667
251400,10.27777778,11.75555556,8.673333333,11.65555556
252000,10.32222222,11.74444444,8.676666667,11.64444444
252600,10.36666667,11.73333333,8.68,11.63333333
253200,10.41111111,11.72222222,8.683333333,11.62222222
253800,10.45555556,11.71111111,8.686666667,11.61111111
254400,10.5,11.7,8.69,11.6
255000,10.5125,11.7,8.69,11.6
255600,10.525,11.7,8.69,11.6
256200,10.5375,11.7,8.69,11.6
256800,10.55,11.7,8.69,11.6
257400,10.5625,11.7,8.69,11.6
258000,10.575,11.7,8.69,11.6
258600,10.5875,11.7,8.69,11.6
259200,10.6,11.7,8.69,11.6
259800,10.6125,11.7,8.66625,11.6125
260400,10.625,11.7,8.6425,11.625
261000,10.6375,11.7,8.61875,11.6375
261600,10.65,11.7,8.595,11.65
262200,10.6625,11.7,8.57125,11.6625
262800,10.675,11.7,8.5475,11.675
263400,10.6875,11.7,8.52375,11.6875
264000,10.7,11.7,8.5,11.7
264600,10.71111111,11.7,8.477777778,11.71111111
265200,10.72222222,11.7,8.455555556,11.72222222
265800,10.73333333,11.7,8.433333333,11.73333333
266400,10.74444444,11.7,8.411111111,11.74444444
267000,10.75555556,11.7,8.388888889,11.75555556
267600,10.76666667,11.7,8.366666667,11.76666667
268200,10.77777778,11.7,8.344444444,11.77777778
268800,10.78888889,11.7,8.322222222,11.78888889
269400,10.8,11.7,8.3,11.8
270000,10.8,11.7,8.295,11.8
270600,10.8,11.7,8.29,11.8
271200,10.8,11.7,8.285,11.8
271800,10.8,11.7,8.28,11.8
272400,10.8,11.7,8.275,11.8
273000,10.8,11.7,8.27,11.8
273600,10.8,11.7,8.265,11.8
274200,10.8,11.7,8.26,11.8
274800,10.7875,11.7,8.325,11.8125
275400,10.775,11.7,8.39,11.825
276000,10.7625,11.7,8.455,11.8375
276600,10.75,11.7,8.52,11.85
277200,10.7375,11.7,8.585,11.8625
277800,10.725,11.7,8.65,11.875
278400,10.7125,11.7,8.715,11.8875
279000,10.7,11.7,8.78,11.9
279600,10.7,11.7125,8.79,11.9125
280200,10.7,11.725,8.8,11.925
280800,10.7,11.7375,8.81,11.9375
281400,10.7,11.75,8.82,11.95
282000,10.7,11.7625,8.83,11.9625
282600,10.7,11.775,8.84,11.975
283200,10.7,11.7875,8.85,11.9875
283800,10.7,11.8,8.86,12
284400,10.71111111,11.8,8.861111111,11.98888889
285000,10.72222222,11.8,8.862222222,11.97777778
285600,10.73333333,11.8,8.863333333,11.96666667
286200,10.74444444,11.8,8.864444444,11.95555556
286800,10.75555556,11.8,8.865555556,11.94444444
287400,10.76666667,11.8,8.866666667,11.93333333
288000,10.77777778,11.8,8.867777778,11.92222222
288600,10.78888889,11.8,8.868888889,11.91111111
289200,10.8,11.8,8.87,11.9
289800,10.8,11.775,8.86625,11.9
290400,10.8,11.75,8.8625,11.9
291000,10.8,11.725,8.85875,11.9
291600,10.8,11.7,8.855,11.9
292200,10.8,11.675,8.85125,11.9
292800,10.8,11.65,8.8475,11.9
293400,10.8,11.625,8.84375,11.9
294000,10.8,11.6,8.84,11.9
294600,10.8125,11.5875,8.84625,11.9125
295200,10.825,11.575,8.8525,11.925
295800,10.8375,11.5625,8.85875,11.9375
296400,10.85,11.55,8.865,11.95
297000,10.8625,11.5375,8.87125,11.9625
297600,10.875,11.525,8.8775,11.975
298200,10.8875,11.5125,8.88375,11.9875
298800,10.9,11.5,8.89,12
299400,10.88888889,11.45555556,8.887777778,12
300000,10.87777778,11.41111111,8.885555556,12
300600,10.86666667,11.36666667,8.883333333,12
301200,10.85555556,11.32222222,8.881111111,12
301800,10.84444444,11.27777778,8.878888889,12
302400,10.83333333,11.23333333,8.876666667,12
303000,10.82222222,11.18888889,8.874444444,12
303600,10.81111111,11.14444444,8.872222222,12
304200,10.8,11.1,8.87,12
304800,10.725,11.175,8.8675,12
305400,10.65,11.25,8.865,12
306000,10.575,11.325,8.8625,12
306600,10.5,11.4,8.86,12
307200,10.425,11.475,8.8575,12
307800,10.35,11.55,8.855,12
308400,10.275,11.625,8.8525,12
309000,10.2,11.7,8.85,12
309600,10.225,11.6625,8.855,11.9875
310200,10.25,11.625,8.86,11.975
310800,10.275,11.5875,8.865,11.9625
311400,10.3,11.55,8.87,11.95
312000,10.325,11.5125,8.875,11.9375
312600,10.35,11.475,8.88,11.925
313200,10.375,11.4375,8.885,11.9125
313800,10.4,11.4,8.89,11.9
314400,10.45555556,11.34444444,8.897777778,11.91111111
315000,10.51111111,11.28888889,8.905555556,11.92222222
315600,10.56666667,11.23333333,8.913333333,11.93333333
316200,10.62222222,11.17777778,8.921111111,11.94444444
316800,10.67777778,11.12222222,8.928888889,11.95555556
317400,10.73333333,11.06666667,8.936666667,11.96666667
318000,10.78888889,11.01111111,8.944444444,11.97777778
318600,10.84444444,10.95555556,8.952222222,11.98888889
319200,10.9,10.9,8.96,12
319800,10.9125,11.0125,8.85375,12
320400,10.925,11.125,8.7475,12
321000,10.9375,11.2375,8.64125,12
321600,10.95,11.35,8.535,12
322200,10.9625,11.4625,8.42875,12
322800,10.975,11.575,8.3225,12
323400,10.9875,11.6875,8.21625,12
324000,11,11.8,8.11,12
324600,10.9875,11.8125,8.2225,12
325200,10.975,11.825,8.335,12
325800,10.9625,11.8375,8.4475,12
326400,10.95,11.85,8.56,12
327000,10.9375,11.8625,8.6725,12
327600,10.925,11.875,8.785,12
328200,10.9125,11.8875,8.8975,12
328800,10.9,11.9,9.01,12
329400,10.9,11.9125,9.015,12.0125
330000,10.9,11.925,9.02,12.025
330600,10.9,11.9375,9.025,12.0375
331200,10.9,11.95,9.03,12.05
331800,10.9,11.9625,9.035,12.0625
332400,10.9,11.975,9.04,12.075
333000,10.9,11.9875,9.045,12.0875
333600,10.9,12,9.05,12.1
334200,10.87777778,11.98888889,9.047777778,12.1
334800,10.85555556,11.97777778,9.045555556,12.1
335400,10.83333333,11.96666667,9.043333333,12.1
336000,10.81111111,11.95555556,9.041111111,12.1
336600,10.78888889,11.94444444,9.038888889,12.1
337200,10.76666667,11.93333333,9.036666667,12.1
337800,10.74444444,11.92222222,9.034444444,12.1
338400,10.72222222,11.91111111,9.032222222,12.1
339000,10.7,11.9,9.03,12.1
339600,10.725,11.9,9.025,12.1
340200,10.75,11.9,9.02,12.1
340800,10.775,11.9,9.015,12.1
341400,10.8,11.9,9.01,12.1
342000,10.825,11.9,9.005,12.1
342600,10.85,11.9,9,12.1
343200,10.875,11.9,8.995,12.1
343800,10.9,11.9,8.99,12.1
344400,10.9,11.9,8.99875,12.1
345000,10.9,11.9,9.0075,12.1
345600,10.9,11.9,9.01625,12.1
346200,10.9,11.9,9.025,12.1
346800,10.9,11.9,9.03375,12.1
347400,10.9,11.9,9.0425,12.1
348000,10.9,11.9,9.05125,12.1
348600,10.9,11.9,9.06,12.1
349200,10.9,11.9,9.058888889,12.1
349800,10.9,11.9,9.057777778,12.1
350400,10.9,11.9,9.056666667,12.1
351000,10.9,11.9,9.055555556,12.1
351600,10.9,11.9,9.054444444,12.1
352200,10.9,11.9,9.053333333,12.1
352800,10.9,11.9,9.052222222,12.1
353400,10.9,11.9,9.051111111,12.1
354000,10.9,11.9,9.05,12.1
354600,10.9125,11.9125,9.04875,12.1125
355200,10.925,11.925,9.0475,12.125
355800,10.9375,11.9375,9.04625,12.1375
356400,10.95,11.95,9.045,12.15
357000,10.9625,11.9625,9.04375,12.1625
357600,10.975,11.975,9.0425,12.175
358200,10.9875,11.9875,9.04125,12.1875
358800,11,12,9.04,12.2
359400,11,12,9.03375,12.1875
360000,11,12,9.0275,12.175
360600,11,12,9.02125,12.1625
361200,11,12,9.015,12.15
361800,11,12,9.00875,12.1375
362400,11,12,9.0025,12.125
363000,11,12,8.99625,12.1125
363600,11,12,8.99,12.1
364200,10.97777778,11.98888889,8.986666667,12.1
364800,10.95555556,11.97777778,8.983333333,12.1
365400,10.93333333,11.96666667,8.98,12.1
366000,10.91111111,11.95555556,8.976666667,12.1
366600,10.88888889,11.94444444,8.973333333,12.1
367200,10.86666667,11.93333333,8.97,12.1
367800,10.84444444,11.92222222,8.966666667,12.1
368400,10.82222222,11.91111111,8.963333333,12.1
369000,10.8,11.9,8.96,12.1
369600,10.8125,11.9,8.97375,12.0875
370200,10.825,11.9,8.9875,12.075
370800,10.8375,11.9,9.00125,12.0625
371400,10.85,11.9,9.015,12.05
372000,10.8625,11.9,9.02875,12.0375
372600,10.875,11.9,9.0425,12.025
373200,10.8875,11.9,9.05625,12.0125
373800,10.9,11.9,9.07,12
374400,10.9125,11.9,9.14625,12
375000,10.925,11.9,9.2225,12
375600,10.9375,11.9,9.29875,12
376200,10.95,11.9,9.375,12
376800,10.9625,11.9,9.45125,12
377400,10.975,11.9,9.5275,12
378000,10.9875,11.9,9.60375,12
378600,11,11.9,9.68,12
379200,10.9875,11.875,9.745,12.0125
379800,10.975,11.85,9.81,12.025
380400,10.9625,11.825,9.875,12.0375
381000,10.95,11.8,9.94,12.05
381600,10.9375,11.775,10.005,12.0625
382200,10.925,11.75,10.07,12.075
382800,10.9125,11.725,10.135,12.0875
383400,10.9,11.7,10.2,12.1
384000,10.88888889,11.66666667,10.2,12.1
384600,10.87777778,11.63333333,10.2,12.1
385200,10.86666667,11.6,10.2,12.1
385800,10.85555556,11.56666667,10.2,12.1
386400,10.84444444,11.53333333,10.2,12.1
387000,10.83333333,11.5,10.2,12.1
387600,10.82222222,11.46666667,10.2,12.1
388200,10.81111111,11.43333333,10.2,12.1
388800,10.8,11.4,10.2,12.1
389400,10.8,11.4375,10.2,12.1
390000,10.8,11.475,10.2,12.1
390600,10.8,11.5125,10.2,12.1
391200,10.8,11.55,10.2,12.1
391800,10.8,11.5875,10.2,12.1
392400,10.8,11.625,10.2,12.1
393000,10.8,11.6625,10.2,12.1
393600,10.8,11.7,10.2,12.1
394200,10.665,11.7,10.2125,12.0875
394800,10.53,11.7,10.225,12.075
395400,10.395,11.7,10.2375,12.0625
396000,10.26,11.7,10.25,12.05
396600,10.125,11.7,10.2625,12.0375
397200,9.99,11.7,10.275,12.025
397800,9.855,11.7,10.2875,12.0125
398400,9.72,11.7,10.3,12
399000,9.585555556,11.65555556,10.23888889,11.96666667
399600,9.451111111,11.61111111,10.17777778,11.93333333
400200,9.316666667,11.56666667,10.11666667,11.9
400800,9.182222222,11.52222222,10.05555556,11.86666667
401400,9.047777778,11.47777778,9.994444444,11.83333333
402000,8.913333333,11.43333333,9.933333333,11.8
402600,8.778888889,11.38888889,9.872222222,11.76666667
403200,8.644444444,11.34444444,9.811111111,11.73333333
403800,8.51,11.3,9.75,11.7
404400,8.5025,11.2875,9.68125,11.7
405000,8.495,11.275,9.6125,11.7
405600,8.4875,11.2625,9.54375,11.7
406200,8.48,11.25,9.475,11.7
406800,8.4725,11.2375,9.40625,11.7
407400,8.465,11.225,9.3375,11.7
408000,8.4575,11.2125,9.26875,11.7
408600,8.45,11.2,9.2,11.7
409200,8.44875,11.1875,9.19,11.7125
409800,8.4475,11.175,9.18,11.725
410400,8.44625,11.1625,9.17,11.7375
411000,8.445,11.15,9.16,11.75
411600,8.44375,11.1375,9.15,11.7625
412200,8.4425,11.125,9.14,11.775
412800,8.44125,11.1125,9.13,11.7875
413400,8.44,11.1,9.12,11.8
414000,8.441111111,11.08888889,9.117777778,11.8
414600,8.442222222,11.07777778,9.115555556,11.8
415200,8.443333333,11.06666667,9.113333333,11.8
415800,8.444444444,11.05555556,9.111111111,11.8
416400,8.445555556,11.04444444,9.108888889,11.8
417000,8.446666667,11.03333333,9.106666667,11.8
417600,8.447777778,11.02222222,9.104444444,11.8
418200,8.448888889,11.01111111,9.102222222,11.8
418800,8.45,11,9.1,11.8
419400,8.42375,10.975,9.10625,11.7875
420000,8.3975,10.95,9.1125,11.775
420600,8.37125,10.925,9.11875,11.7625
421200,8.345,10.9,9.125,11.75
421800,8.31875,10.875,9.13125,11.7375
422400,8.2925,10.85,9.1375,11.725
423000,8.26625,10.825,9.14375,11.7125
423600,8.24,10.8,9.15,11.7
424200,8.235,10.7125,9.15125,11.6625
424800,8.23,10.625,9.1525,11.625
425400,8.225,10.5375,9.15375,11.5875
426000,8.22,10.45,9.155,11.55
426600,8.215,10.3625,9.15625,11.5125
427200,8.21,10.275,9.1575,11.475
427800,8.205,10.1875,9.15875,11.4375
428400,8.2,10.1,9.16,11.4
429000,8.2075,10.1,9.15875,11.35
429600,8.215,10.1,9.1575,11.3
430200,8.2225,10.1,9.15625,11.25
430800,8.23,10.1,9.155,11.2
431400,8.2375,10.1,9.15375,11.15
432000,8.245,10.1,9.1525,11.1
432600,8.2525,10.1,9.15125,11.05
433200,8.26,10.1,9.15,11
433800,8.253333333,10.08444444,9.107777778,11.01111111
434400,8.246666667,10.06888889,9.065555556,11.02222222
435000,8.24,10.05333333,9.023333333,11.03333333
435600,8.233333333,10.03777778,8.981111111,11.04444444
436200,8.226666667,10.02222222,8.938888889,11.05555556
436800,8.22,10.00666667,8.896666667,11.06666667
437400,8.213333333,9.991111111,8.854444444,11.07777778
438000,8.206666667,9.975555556,8.812222222,11.08888889
438600,8.2,9.96,8.77,11.1
439200,8.21125,9.9175,8.74125,11.0875
439800,8.2225,9.875,8.7125,11.075
440400,8.23375,9.8325,8.68375,11.0625
441000,8.245,9.79,8.655,11.05
441600,8.25625,9.7475,8.62625,11.0375
442200,8.2675,9.705,8.5975,11.025
442800,8.27875,9.6625,8.56875,11.0125
443400,8.29,9.62,8.54,11
444000,8.2825,9.64,8.47625,11.0125
444600,8.275,9.66,8.4125,11.025
445200,8.2675,9.68,8.34875,11.0375
445800,8.26,9.7,8.285,11.05
446400,8.2525,9.72,8.22125,11.0625
447000,8.245,9.74,8.1575,11.075
447600,8.2375,9.76,8.09375,11.0875
448200,8.23,9.78,8.03,11.1
448800,8.231111111,9.782222222,7.965555556,11.08888889
449400,8.232222222,9.784444444,7.901111111,11.07777778
450000,8.233333333,9.786666667,7.836666667,11.06666667
450600,8.234444444,9.788888889,7.772222222,11.05555556
451200,8.235555556,9.791111111,7.707777778,11.04444444
451800,8.236666667,9.793333333,7.643333333,11.03333333
452400,8.237777778,9.795555556,7.578888889,11.02222222
453000,8.238888889,9.797777778,7.514444444,11.01111111
453600,8.24,9.8,7.45,11
454200,8.24,9.8225,7.43125,10.9875
454800,8.24,9.845,7.4125,10.975
455400,8.24,9.8675,7.39375,10.9625
456000,8.24,9.89,7.375,10.95
456600,8.24,9.9125,7.35625,10.9375
457200,8.24,9.935,7.3375,10.925
457800,8.24,9.9575,7.31875,10.9125
458400,8.24,9.98,7.3,10.9
459000,8.23875,9.9475,7.265,10.8875
459600,8.2375,9.915,7.23,10.875
460200,8.23625,9.8825,7.195,10.8625
460800,8.235,9.85,7.16,10.85
461400,8.23375,9.8175,7.125,10.8375
462000,8.2325,9.785,7.09,10.825
462600,8.23125,9.7525,7.055,10.8125
463200,8.23,9.72,7.02,10.8
463800,8.228888889,9.737777778,7.024444444,10.8
464400,8.227777778,9.755555556,7.028888889,10.8
465000,8.226666667,9.773333333,7.033333333,10.8
465600,8.225555556,9.791111111,7.037777778,10.8
466200,8.224444444,9.808888889,7.042222222,10.8
466800,8.223333333,9.826666667,7.046666667,10.8
467400,8.222222222,9.844444444,7.051111111,10.8
468000,8.221111111,9.862222222,7.055555556,10.8
468600,8.22,9.88,7.06,10.8
469200,8.23,9.85625,7.04375,10.8
469800,8.24,9.8325,7.0275,10.8
470400,8.25,9.80875,7.01125,10.8
471000,8.26,9.785,6.995,10.8
471600,8.27,9.76125,6.97875,10.8
472200,8.28,9.7375,6.9625,10.8
472800,8.29,9.71375,6.94625,10.8
473400,8.3,9.69,6.93,10.8
474000,8.295,9.69125,6.95,10.8125
474600,8.29,9.6925,6.97,10.825
475200,8.285,9.69375,6.99,10.8375
475800,8.28,9.695,7.01,10.85
476400,8.275,9.69625,7.03,10.8625
477000,8.27,9.6975,7.05,10.875
477600,8.265,9.69875,7.07,10.8875
478200,8.26,9.7,7.09,10.9
478800,8.26125,9.6975,7.07375,10.8875
479400,8.2625,9.695,7.0575,10.875
480000,8.26375,9.6925,7.04125,10.8625
480600,8.265,9.69,7.025,10.85
481200,8.26625,9.6875,7.00875,10.8375
481800,8.2675,9.685,6.9925,10.825
482400,8.26875,9.6825,6.97625,10.8125
483000,8.27,9.68,6.96,10.8
483600,8.274444444,9.69,6.954444444,10.8
484200,8.278888889,9.7,6.948888889,10.8
484800,8.283333333,9.71,6.943333333,10.8
485400,8.287777778,9.72,6.937777778,10.8
486000,8.292222222,9.73,6.932222222,10.8
486600,8.296666667,9.74,6.926666667,10.8
487200,8.301111111,9.75,6.921111111,10.8
487800,8.305555556,9.76,6.915555556,10.8
488400,8.31,9.77,6.91,10.8
489000,8.2975,9.755,6.84875,10.8375
489600,8.285,9.74,6.7875,10.875
490200,8.2725,9.725,6.72625,10.9125
490800,8.26,9.71,6.665,10.95
491400,8.2475,9.695,6.60375,10.9875
492000,8.235,9.68,6.5425,11.025
492600,8.2225,9.665,6.48125,11.0625
493200,8.21,9.65,6.42,11.1
493800,8.205,9.685,6.37875,11.0875
494400,8.2,9.72,6.3375,11.075
495000,8.195,9.755,6.29625,11.0625
495600,8.19,9.79,6.255,11.05
496200,8.185,9.825,6.21375,11.0375
496800,8.18,9.86,6.1725,11.025
497400,8.175,9.895,6.13125,11.0125
498000,8.17,9.93,6.09,11
498600,8.183333333,9.871111111,6.167777778,11
499200,8.196666667,9.812222222,6.245555556,11
499800,8.21,9.753333333,6.323333333,11
500400,8.223333333,9.694444444,6.401111111,11
501000,8.236666667,9.635555556,6.478888889,11
501600,8.25,9.576666667,6.556666667,11
502200,8.263333333,9.517777778,6.634444444,11
502800,8.276666667,9.458888889,6.712222222,11
503400,8.29,9.4,6.79,11
504000,8.27875,9.4075,6.90625,11
504600,8.2675,9.415,7.0225,11
505200,8.25625,9.4225,7.13875,11
505800,8.245,9.43,7.255,11
506400,8.23375,9.4375,7.37125,11
507000,8.2225,9.445,7.4875,11
507600,8.21125,9.4525,7.60375,11
508200,8.2,9.46,7.72,11
508800,8.21,9.4575,7.73125,11
509400,8.22,9.455,7.7425,11
510000,8.23,9.4525,7.75375,11
510600,8.24,9.45,7.765,11
511200,8.25,9.4475,7.77625,11
511800,8.26,9.445,7.7875,11
512400,8.27,9.4425,7.79875,11
513000,8.28,9.44,7.81,11
513600,8.27,9.434444444,7.838888889,11.01111111
514200,8.26,9.428888889,7.867777778,11.02222222
514800,8.25,9.423333333,7.896666667,11.03333333
515400,8.24,9.417777778,7.925555556,11.04444444
516000,8.23,9.412222222,7.954444444,11.05555556
516600,8.22,9.406666667,7.983333333,11.06666667
517200,8.21,9.401111111,8.012222222,11.07777778
517800,8.2,9.395555556,8.041111111,11.08888889
518400,8.19,9.39,8.07,11.1
519000,8.19375,9.39625,8.06125,11.1
519600,8.1975,9.4025,8.0525,11.1
520200,8.20125,9.40875,8.04375,11.1
520800,8.205,9.415,8.035,11.1
521400,8.20875,9.42125,8.02625,11.1
522000,8.2125,9.4275,8.0175,11.1
522600,8.21625,9.43375,8.00875,11.1
523200,8.22,9.44,8,11.1
523800,8.20375,9.475,7.9775,11.1125
524400,8.1875,9.51,7.955,11.125
525000,8.17125,9.545,7.9325,11.1375
525600,8.155,9.58,7.91,11.15
526200,8.13875,9.615,7.8875,11.1625
526800,8.1225,9.65,7.865,11.175
527400,8.10625,9.685,7.8425,11.1875
528000,8.09,9.72,7.82,11.2
528600,8.035,9.70125,7.8425,11.1875
529200,7.98,9.6825,7.865,11.175
529800,7.925,9.66375,7.8875,11.1625
530400,7.87,9.645,7.91,11.15
531000,7.815,9.62625,7.9325,11.1375
531600,7.76,9.6075,7.955,11.125
532200,7.705,9.58875,7.9775,11.1125
532800,7.65,9.57,8,11.1
533400,7.724444444,9.546666667,8.023333333,11.11111111
534000,7.798888889,9.523333333,8.046666667,11.12222222
534600,7.873333333,9.5,8.07,11.13333333
535200,7.947777778,9.476666667,8.093333333,11.14444444
535800,8.022222222,9.453333333,8.116666667,11.15555556
536400,8.096666667,9.43,8.14,11.16666667
537000,8.171111111,9.406666667,8.163333333,11.17777778
537600,8.245555556,9.383333333,8.186666667,11.18888889
538200,8.32,9.36,8.21,11.2
538800,8.2875,9.3,8.22125,11.175
539400,8.255,9.24,8.2325,11.15
540000,8.2225,9.18,8.24375,11.125
540600,8.19,9.12,8.255,11.1
541200,8.1575,9.06,8.26625,11.075
541800,8.125,9,8.2775,11.05
542400,8.0925,8.94,8.28875,11.025
543000,8.06,8.88,8.3,11
543600,8.02625,8.845,8.26375,11
544200,7.9925,8.81,8.2275,11
544800,7.95875,8.775,8.19125,11
545400,7.925,8.74,8.155,11
546000,7.89125,8.705,8.11875,11
546600,7.8575,8.67,8.0825,11
547200,7.82375,8.635,8.04625,11
547800,7.79,8.6,8.01,11
548400,7.738888889,8.598888889,8,11
549000,7.687777778,8.597777778,7.99,11
549600,7.636666667,8.596666667,7.98,11
550200,7.585555556,8.595555556,7.97,11
550800,7.534444444,8.594444444,7.96,11
551400,7.483333333,8.593333333,7.95,11
552000,7.432222222,8.592222222,7.94,11
552600,7.381111111,8.591111111,7.93,11
553200,7.33,8.59,7.92,11
553800,7.33375,8.56875,7.94625,10.95
554400,7.3375,8.5475,7.9725,10.9
555000,7.34125,8.52625,7.99875,10.85
555600,7.345,8.505,8.025,10.8
556200,7.34875,8.48375,8.05125,10.75
556800,7.3525,8.4625,8.0775,10.7
557400,7.35625,8.44125,8.10375,10.65
558000,7.36,8.42,8.13,10.6
558600,7.36625,8.37875,8.14125,10.5625
559200,7.3725,8.3375,8.1525,10.525
559800,7.37875,8.29625,8.16375,10.4875
560400,7.385,8.255,8.175,10.45
561000,7.39125,8.21375,8.18625,10.4125
561600,7.3975,8.1725,8.1975,10.375
562200,7.40375,8.13125,8.20875,10.3375
562800,7.41,8.09,8.22,10.3
563400,7.488888889,8.144444444,8.245555556,10.28888889
564000,7.567777778,8.198888889,8.271111111,10.27777778
564600,7.646666667,8.253333333,8.296666667,10.26666667
565200,7.725555556,8.307777778,8.322222222,10.25555556
565800,7.804444444,8.362222222,8.347777778,10.24444444
566400,7.883333333,8.416666667,8.373333333,10.23333333
567000,7.962222222,8.471111111,8.398888889,10.22222222
567600,8.041111111,8.525555556,8.424444444,10.21111111
568200,8.12,8.58,8.45,10.2
568800,8.18,8.6675,8.4625,10.225
569400,8.24,8.755,8.475,10.25
570000,8.3,8.8425,8.4875,10.275
570600,8.36,8.93,8.5,10.3
571200,8.42,9.0175,8.5125,10.325
571800,8.48,9.105,8.525,10.35
572400,8.54,9.1925,8.5375,10.375
573000,8.6,9.28,8.55,10.4
573600,8.665,9.42,8.58625,10.4375
574200,8.73,9.56,8.6225,10.475
574800,8.795,9.7,8.65875,10.5125
575400,8.86,9.84,8.695,10.55
576000,8.925,9.98,8.73125,10.5875
576600,8.99,10.12,8.7675,10.625
577200,9.055,10.26,8.80375,10.6625
577800,9.12,10.4,8.84,10.7
578400,9.1325,10.35,8.8075,10.7125
579000,9.145,10.3,8.775,10.725
579600,9.1575,10.25,8.7425,10.7375
580200,9.17,10.2,8.71,10.75
580800,9.1825,10.15,8.6775,10.7625
581400,9.195,10.1,8.645,10.775
582000,9.2075,10.05,8.6125,10.7875
582600,9.22,10,8.58,10.8
583200,9.146666667,9.996666667,8.587777778,10.71111111
583800,9.073333333,9.993333333,8.595555556,10.62222222
584400,9,9.99,8.603333333,10.53333333
585000,8.926666667,9.986666667,8.611111111,10.44444444
585600,8.853333333,9.983333333,8.618888889,10.35555556
586200,8.78,9.98,8.626666667,10.26666667
586800,8.706666667,9.976666667,8.634444444,10.17777778
587400,8.633333333,9.973333333,8.642222222,10.08888889
588000,8.56,9.97,8.65,10
588600,8.49875,9.945,8.665,9.89625
589200,8.4375,9.92,8.68,9.7925
589800,8.37625,9.895,8.695,9.68875
590400,8.315,9.87,8.71,9.585
591000,8.25375,9.845,8.725,9.48125
591600,8.1925,9.82,8.74,9.3775
592200,8.13125,9.795,8.755,9.27375
592800,8.07,9.77,8.77,9.17
593400,8.22625,9.84875,8.7875,9.32375
594000,8.3825,9.9275,8.805,9.4775
594600,8.53875,10.00625,8.8225,9.63125
595200,8.695,10.085,8.84,9.785
595800,8.85125,10.16375,8.8575,9.93875
596400,9.0075,10.2425,8.875,10.0925
597000,9.16375,10.32125,8.8925,10.24625
597600,9.32,10.4,8.91,10.4
598200,9.318888889,10.32444444,8.932222222,10.4
598800,9.317777778,10.24888889,8.954444444,10.4
599400,9.316666667,10.17333333,8.976666667,10.4
600000,9.315555556,10.09777778,8.998888889,10.4
600600,9.314444444,10.02222222,9.021111111,10.4
601200,9.313333333,9.946666667,9.043333333,10.4
601800,9.312222222,9.871111111,9.065555556,10.4
602400,9.311111111,9.795555556,9.087777778,10.4
603000,9.31,9.72,9.11,10.4
603600,9.3075,9.72125,9.15875,10.4125
604200,9.305,9.7225,9.2075,10.425
604800,9.3025,9.72375,9.25625,10.4375
605400,9.3,9.725,9.305,10.45
606000,9.2975,9.72625,9.35375,10.4625
606600,9.295,9.7275,9.4025,10.475
607200,9.2925,9.72875,9.45125,10.4875
607800,9.29,9.73,9.5,10.5
608400,9.30375,9.76375,9.48,10.4875
609000,9.3175,9.7975,9.46,10.475
609600,9.33125,9.83125,9.44,10.4625
610200,9.345,9.865,9.42,10.45
610800,9.35875,9.89875,9.4,10.4375
611400,9.3725,9.9325,9.38,10.425
612000,9.38625,9.96625,9.36,10.4125
612600,9.4,10,9.34,10.4
613200,9.414444444,10,9.334444444,10.41111111
613800,9.428888889,10,9.328888889,10.42222222
614400,9.443333333,10,9.323333333,10.43333333
615000,9.457777778,10,9.317777778,10.44444444
615600,9.472222222,10,9.312222222,10.45555556
616200,9.486666667,10,9.306666667,10.46666667
616800,9.501111111,10,9.301111111,10.47777778
617400,9.515555556,10,9.295555556,10.48888889
618000,9.53,10,9.29,10.5
618600,9.60125,10.1,9.2875,10.5875
619200,9.6725,10.2,9.285,10.675
619800,9.74375,10.3,9.2825,10.7625
620400,9.815,10.4,9.28,10.85
621000,9.88625,10.5,9.2775,10.9375
621600,9.9575,10.6,9.275,11.025
622200,10.02875,10.7,9.2725,11.1125
622800,10.1,10.8,9.27,11.2
623400,10.1375,10.8125,9.28,11.1875
624000,10.175,10.825,9.29,11.175
624600,10.2125,10.8375,9.3,11.1625
625200,10.25,10.85,9.31,11.15
625800,10.2875,10.8625,9.32,11.1375
626400,10.325,10.875,9.33,11.125
627000,10.3625,10.8875,9.34,11.1125
627600,10.4,10.9,9.35,11.1
628200,10.345,10.9125,9.355,11.1125
628800,10.29,10.925,9.36,11.125
629400,10.235,10.9375,9.365,11.1375
630000,10.18,10.95,9.37,11.15
630600,10.125,10.9625,9.375,11.1625
631200,10.07,10.975,9.38,11.175
631800,10.015,10.9875,9.385,11.1875
632400,9.96,11,9.39,11.2
633000,9.953333333,11.01111111,9.38,11.21111111
633600,9.946666667,11.02222222,9.37,11.22222222
634200,9.94,11.03333333,9.36,11.23333333
634800,9.933333333,11.04444444,9.35,11.24444444
635400,9.926666667,11.05555556,9.34,11.25555556
636000,9.92,11.06666667,9.33,11.26666667
636600,9.913333333,11.07777778,9.32,11.27777778
637200,9.906666667,11.08888889,9.31,11.28888889
637800,9.9,11.1,9.3,11.3
638400,9.89875,11.0875,9.30125,11.3
639000,9.8975,11.075,9.3025,11.3
639600,9.89625,11.0625,9.30375,11.3
640200,9.895,11.05,9.305,11.3
640800,9.89375,11.0375,9.30625,11.3
641400,9.8925,11.025,9.3075,11.3
642000,9.89125,11.0125,9.30875,11.3
642600,9.89,11,9.31,11.3
643200,9.89125,11.0125,9.28,11.2875
643800,9.8925,11.025,9.25,11.275
644400,9.89375,11.0375,9.22,11.2625
645000,9.895,11.05,9.19,11.25
645600,9.89625,11.0625,9.16,11.2375
646200,9.8975,11.075,9.13,11.225
646800,9.89875,11.0875,9.1,11.2125
647400,9.9,11.1,9.07,11.2
648000,9.898888889,11.13333333,9.07,11.21111111
648600,9.897777778,11.16666667,9.07,11.22222222
649200,9.896666667,11.2,9.07,11.23333333
649800,9.895555556,11.23333333,9.07,11.24444444
650400,9.894444444,11.26666667,9.07,11.25555556
651000,9.893333333,11.3,9.07,11.26666667
651600,9.892222222,11.33333333,9.07,11.27777778
652200,9.891111111,11.36666667,9.07,11.28888889
652800,9.89,11.4,9.07,11.3
653400,9.88875,11.4125,9.06875,11.2875
654000,9.8875,11.425,9.0675,11.275
654600,9.88625,11.4375,9.06625,11.2625
655200,9.885,11.45,9.065,11.25
655800,9.88375,11.4625,9.06375,11.2375
656400,9.8825,11.475,9.0625,11.225
657000,9.88125,11.4875,9.06125,11.2125
657600,9.88,11.5,9.06,11.2
658200,9.8825,11.4875,9.06125,11.2
658800,9.885,11.475,9.0625,11.2
659400,9.8875,11.4625,9.06375,11.2
660000,9.89,11.45,9.065,11.2
660600,9.8925,11.4375,9.06625,11.2
661200,9.895,11.425,9.0675,11.2
661800,9.8975,11.4125,9.06875,11.2
662400,9.9,11.4,9.07,11.2
663000,9.901111111,11.35555556,9.025555556,11.21111111
663600,9.902222222,11.31111111,8.981111111,11.22222222
664200,9.903333333,11.26666667,8.936666667,11.23333333
664800,9.904444444,11.22222222,8.892222222,11.24444444
665400,9.905555556,11.17777778,8.847777778,11.25555556
666000,9.906666667,11.13333333,8.803333333,11.26666667
666600,9.907777778,11.08888889,8.758888889,11.27777778
667200,9.908888889,11.04444444,8.714444444,11.28888889
667800,9.91,11,8.67,11.3
668400,9.88625,10.9625,8.64625,11.2875
669000,9.8625,10.925,8.6225,11.275
669600,9.83875,10.8875,8.59875,11.2625
670200,9.815,10.85,8.575,11.25
670800,9.79125,10.8125,8.55125,11.2375
671400,9.7675,10.775,8.5275,11.225
672000,9.74375,10.7375,8.50375,11.2125
672600,9.72,10.7,8.48,11.2
673200,9.74375,10.7875,8.4675,11.2
673800,9.7675,10.875,8.455,11.2
674400,9.79125,10.9625,8.4425,11.2
675000,9.815,11.05,8.43,11.2
675600,9.83875,11.1375,8.4175,11.2
676200,9.8625,11.225,8.405,11.2
676800,9.88625,11.3125,8.3925,11.2
677400,9.91,11.4,8.38,11.2
678000,9.90625,11.4125,8.15,11.2
678600,9.9025,11.425,7.92,11.2
679200,9.89875,11.4375,7.69,11.2
679800,9.895,11.45,7.46,11.2
680400,9.89125,11.4625,7.23,11.2
681000,9.8875,11.475,7,11.2
681600,9.88375,11.4875,6.77,11.2
682200,9.88,11.5,6.54,11.2
682800,9.888888889,11.48888889,6.48,11.2
683400,9.897777778,11.47777778,6.42,11.2
684000,9.906666667,11.46666667,6.36,11.2
684600,9.915555556,11.45555556,6.3,11.2
685200,9.924444444,11.44444444,6.24,11.2
685800,9.933333333,11.43333333,6.18,11.2
686400,9.942222222,11.42222222,6.12,11.2
687000,9.951111111,11.41111111,6.06,11.2
687600,9.96,11.4,6,11.2
688200,9.95,11.4,6.0925,11.2125
688800,9.94,11.4,6.185,11.225
689400,9.93,11.4,6.2775,11.2375
690000,9.92,11.4,6.37,11.25
690600,9.91,11.4,6.4625,11.2625
691200,9.9,11.4,6.555,11.275
691800,9.89,11.4,6.6475,11.2875
692400,9.88,11.4,6.74,11.3
693000,9.88125,11.2875,6.9025,11.2625
693600,9.8825,11.175,7.065,11.225
694200,9.88375,11.0625,7.2275,11.1875
694800,9.885,10.95,7.39,11.15
695400,9.88625,10.8375,7.5525,11.1125
696000,9.8875,10.725,7.715,11.075
696600,9.88875,10.6125,7.8775,11.0375
697200,9.89,10.5,8.04,11
697800,9.891111111,10.47777778,8.072222222,11
698400,9.892222222,10.45555556,8.104444444,11
699000,9.893333333,10.43333333,8.136666667,11
699600,9.894444444,10.41111111,8.168888889,11
700200,9.895555556,10.38888889,8.201111111,11
700800,9.896666667,10.36666667,8.233333333,11
701400,9.897777778,10.34444444,8.265555556,11
702000,9.898888889,10.32222222,8.297777778,11
702600,9.9,10.3,8.33,11
703200,9.91,10.425,8.34375,11.0375
703800,9.92,10.55,8.3575,11.075
704400,9.93,10.675,8.37125,11.1125
705000,9.94,10.8,8.385,11.15
705600,9.95,10.925,8.39875,11.1875
706200,9.96,11.05,8.4125,11.225
706800,9.97,11.175,8.42625,11.2625
707400,9.98,11.3,8.44,11.3
708000,9.975,11.3,8.43875,11.275
708600,9.97,11.3,8.4375,11.25
709200,9.965,11.3,8.43625,11.225
709800,9.96,11.3,8.435,11.2
710400,9.955,11.3,8.43375,11.175
711000,9.95,11.3,8.4325,11.15
711600,9.945,11.3,8.43125,11.125
712200,9.94,11.3,8.43,11.1
712800,9.9,11.33333333,8.445555556,11.08888889
713400,9.86,11.36666667,8.461111111,11.07777778
714000,9.82,11.4,8.476666667,11.06666667
714600,9.78,11.43333333,8.492222222,11.05555556
715200,9.74,11.46666667,8.507777778,11.04444444
715800,9.7,11.5,8.523333333,11.03333333
716400,9.66,11.53333333,8.538888889,11.02222222
717000,9.62,11.56666667,8.554444444,11.01111111
717600,9.58,11.6,8.57,11
718200,9.56875,11.5875,8.5375,11
718800,9.5575,11.575,8.505,11
719400,9.54625,11.5625,8.4725,11
720000,9.535,11.55,8.44,11
720600,9.52375,11.5375,8.4075,11
721200,9.5125,11.525,8.375,11
721800,9.50125,11.5125,8.3425,11
722400,9.49,11.5,8.31,11
723000,9.4625,11.475,8.3525,10.95
723600,9.435,11.45,8.395,10.9
724200,9.4075,11.425,8.4375,10.85
724800,9.38,11.4,8.48,10.8
725400,9.3525,11.375,8.5225,10.75
726000,9.325,11.35,8.565,10.7
726600,9.2975,11.325,8.6075,10.65
727200,9.27,11.3,8.65,10.6
727800,9.31375,11.325,8.63875,10.675
728400,9.3575,11.35,8.6275,10.75
729000,9.40125,11.375,8.61625,10.825
729600,9.445,11.4,8.605,10.9
730200,9.48875,11.425,8.59375,10.975
730800,9.5325,11.45,8.5825,11.05
731400,9.57625,11.475,8.57125,11.125
732000,9.62,11.5,8.56,11.2
732600,9.684444444,11.47777778,8.565555556,11.22222222
733200,9.748888889,11.45555556,8.571111111,11.24444444
733800,9.813333333,11.43333333,8.576666667,11.26666667
734400,9.877777778,11.41111111,8.582222222,11.28888889
735000,9.942222222,11.38888889,8.587777778,11.31111111
735600,10.00666667,11.36666667,8.593333333,11.33333333
736200,10.07111111,11.34444444,8.598888889,11.35555556
736800,10.13555556,11.32222222,8.604444444,11.37777778
737400,10.2,11.3,8.61,11.4
738000,10.2625,11.3875,8.615,11.4375
738600,10.325,11.475,8.62,11.475
739200,10.3875,11.5625,8.625,11.5125
739800,10.45,11.65,8.63,11.55
740400,10.5125,11.7375,8.635,11.5875
741000,10.575,11.825,8.64,11.625
741600,10.6375,11.9125,8.645,11.6625
742200,10.7,12,8.65,11.7
742800,10.725,12.0375,8.63875,11.775
743400,10.75,12.075,8.6275,11.85
744000,10.775,12.1125,8.61625,11.925
744600,10.8,12.15,8.605,12
745200,10.825,12.1875,8.59375,12.075
745800,10.85,12.225,8.5825,12.15
746400,10.875,12.2625,8.57125,12.225
747000,10.9,12.3,8.56,12.3
747600,10.91111111,12.3,8.558888889,12.31111111
748200,10.92222222,12.3,8.557777778,12.32222222
748800,10.93333333,12.3,8.556666667,12.33333333
749400,10.94444444,12.3,8.555555556,12.34444444
750000,10.95555556,12.3,8.554444444,12.35555556
750600,10.96666667,12.3,8.553333333,12.36666667
751200,10.97777778,12.3,8.552222222,12.37777778
751800,10.98888889,12.3,8.551111111,12.38888889
752400,11,12.3,8.55,12.4
753000,11.05,12.3125,8.56125,12.4
753600,11.1,12.325,8.5725,12.4
754200,11.15,12.3375,8.58375,12.4
754800,11.2,12.35,8.595,12.4
755400,11.25,12.3625,8.60625,12.4
756000,11.3,12.375,8.6175,12.4
756600,11.35,12.3875,8.62875,12.4
757200,11.4,12.4,8.64,12.4
757800,11.4,12.4,8.59375,12.4
758400,11.4,12.4,8.5475,12.4
759000,11.4,12.4,8.50125,12.4
759600,11.4,12.4,8.455,12.4
760200,11.4,12.4,8.40875,12.4
760800,11.4,12.4,8.3625,12.4
761400,11.4,12.4,8.31625,12.4
762000,11.4,12.4,8.27,12.4
762600,11.38888889,12.4,8.23,12.41111111
763200,11.37777778,12.4,8.19,12.42222222
763800,11.36666667,12.4,8.15,12.43333333
764400,11.35555556,12.4,8.11,12.44444444
765000,11.34444444,12.4,8.07,12.45555556
765600,11.33333333,12.4,8.03,12.46666667
766200,11.32222222,12.4,7.99,12.47777778
766800,11.31111111,12.4,7.95,12.48888889
767400,11.3,12.4,7.91,12.5
768000,11.1375,12.0325,7.9825,12.2375
768600,10.975,11.665,8.055,11.975
769200,10.8125,11.2975,8.1275,11.7125
769800,10.65,10.93,8.2,11.45
770400,10.4875,10.5625,8.2725,11.1875
771000,10.325,10.195,8.345,10.925
771600,10.1625,9.8275,8.4175,10.6625
772200,10,9.46,8.49,10.4
772800,9.8175,9.22,8.44125,10.1825
773400,9.635,8.98,8.3925,9.965
774000,9.4525,8.74,8.34375,9.7475
774600,9.27,8.5,8.295,9.53
775200,9.0875,8.26,8.24625,9.3125
775800,8.905,8.02,8.1975,9.095
776400,8.7225,7.78,8.14875,8.8775
777000,8.54,7.54,8.1,8.66
777600,8.5525,7.53375,8.06375,8.68
778200,8.565,7.5275,8.0275,8.7
778800,8.5775,7.52125,7.99125,8.72
779400,8.59,7.515,7.955,8.74
780000,8.6025,7.50875,7.91875,8.76
780600,8.615,7.5025,7.8825,8.78
781200,8.6275,7.49625,7.84625,8.8
781800,8.64,7.49,7.81,8.82
782400,8.813333333,7.52,7.821111111,8.873333333
783000,8.986666667,7.55,7.832222222,8.926666667
783600,9.16,7.58,7.843333333,8.98
784200,9.333333333,7.61,7.854444444,9.033333333
784800,9.506666667,7.64,7.865555556,9.086666667
785400,9.68,7.67,7.876666667,9.14
786000,9.853333333,7.7,7.887777778,9.193333333
786600,10.02666667,7.73,7.898888889,9.246666667
787200,10.2,7.76,7.91,9.3
787800,10.2125,7.9975,7.89625,9.38
788400,10.225,8.235,7.8825,9.46
789000,10.2375,8.4725,7.86875,9.54
789600,10.25,8.71,7.855,9.62
790200,10.2625,8.9475,7.84125,9.7
790800,10.275,9.185,7.8275,9.78
791400,10.2875,9.4225,7.81375,9.86
792000,10.3,9.66,7.8,9.94
792600,10.3125,9.79,7.83875,9.96
793200,10.325,9.92,7.8775,9.98
793800,10.3375,10.05,7.91625,10
794400,10.35,10.18,7.955,10.02
795000,10.3625,10.31,7.99375,10.04
795600,10.375,10.44,8.0325,10.06
796200,10.3875,10.57,8.07125,10.08
796800,10.4,10.7,8.11,10.1
797400,10.4,10.68888889,8.128888889,10.07333333
798000,10.4,10.67777778,8.147777778,10.04666667
798600,10.4,10.66666667,8.166666667,10.02
799200,10.4,10.65555556,8.185555556,9.993333333
799800,10.4,10.64444444,8.204444444,9.966666667
800400,10.4,10.63333333,8.223333333,9.94
801000,10.4,10.62222222,8.242222222,9.913333333
801600,10.4,10.61111111,8.261111111,9.886666667
802200,10.4,10.6,8.28,9.86
802800,10.4,10.55,8.28625,9.81375
803400,10.4,10.5,8.2925,9.7675
804000,10.4,10.45,8.29875,9.72125
804600,10.4,10.4,8.305,9.675
805200,10.4,10.35,8.31125,9.62875
805800,10.4,10.3,8.3175,9.5825
806400,10.4,10.25,8.32375,9.53625
807000,10.4,10.2,8.33,9.49
807600,10.4,10.2,8.3275,9.4825
808200,10.4,10.2,8.325,9.475
808800,10.4,10.2,8.3225,9.4675
809400,10.4,10.2,8.32,9.46
810000,10.4,10.2,8.3175,9.4525
810600,10.4,10.2,8.315,9.445
811200,10.4,10.2,8.3125,9.4375
811800,10.4,10.2,8.31,9.43
812400,10.41111111,10.2,8.321111111,9.435555556
813000,10.42222222,10.2,8.332222222,9.441111111
813600,10.43333333,10.2,8.343333333,9.446666667
814200,10.44444444,10.2,8.354444444,9.452222222
814800,10.45555556,10.2,8.365555556,9.457777778
815400,10.46666667,10.2,8.376666667,9.463333333
816000,10.47777778,10.2,8.387777778,9.468888889
816600,10.48888889,10.2,8.398888889,9.474444444
817200,10.5,10.2,8.41,9.48
817800,10.39125,10.225,8.38375,9.44875
818400,10.2825,10.25,8.3575,9.4175
819000,10.17375,10.275,8.33125,9.38625
819600,10.065,10.3,8.305,9.355
820200,9.95625,10.325,8.27875,9.32375
820800,9.8475,10.35,8.2525,9.2925
821400,9.73875,10.375,8.22625,9.26125
822000,9.63,10.4,8.2,9.23
822600,9.44375,10.425,8.19375,9.225
823200,9.2575,10.45,8.1875,9.22
823800,9.07125,10.475,8.18125,9.215
824400,8.885,10.5,8.175,9.21
825000,8.69875,10.525,8.16875,9.205
825600,8.5125,10.55,8.1625,9.2
826200,8.32625,10.575,8.15625,9.195
826800,8.14,10.6,8.15,9.19
827400,8.12875,10.6125,8.16,9.22625
828000,8.1175,10.625,8.17,9.2625
828600,8.10625,10.6375,8.18,9.29875
829200,8.095,10.65,8.19,9.335
829800,8.08375,10.6625,8.2,9.37125
830400,8.0725,10.675,8.21,9.4075
831000,8.06125,10.6875,8.22,9.44375
831600,8.05,10.7,8.23,9.48
832200,8.062222222,10.73333333,8.268888889,9.5
832800,8.074444444,10.76666667,8.307777778,9.52
833400,8.086666667,10.8,8.346666667,9.54
834000,8.098888889,10.83333333,8.385555556,9.56
834600,8.111111111,10.86666667,8.424444444,9.58
835200,8.123333333,10.9,8.463333333,9.6
835800,8.135555556,10.93333333,8.502222222,9.62
836400,8.147777778,10.96666667,8.541111111,9.64
837000,8.16,11,8.58,9.66
837600,8.17375,11.0125,8.57875,9.6925
838200,8.1875,11.025,8.5775,9.725
838800,8.20125,11.0375,8.57625,9.7575
839400,8.215,11.05,8.575,9.79
840000,8.22875,11.0625,8.57375,9.8225
840600,8.2425,11.075,8.5725,9.855
841200,8.25625,11.0875,8.57125,9.8875
841800,8.27,11.1,8.57,9.92
842400,8.27375,11.1125,8.55875,9.9675
843000,8.2775,11.125,8.5475,10.015
843600,8.28125,11.1375,8.53625,10.0625
844200,8.285,11.15,8.525,10.11
844800,8.28875,11.1625,8.51375,10.1575
845400,8.2925,11.175,8.5025,10.205
846000,8.29625,11.1875,8.49125,10.2525
846600,8.3,11.2,8.48,10.3
847200,8.305555556,11.2,8.462222222,10.33333333
847800,8.311111111,11.2,8.444444444,10.36666667
848400,8.316666667,11.2,8.426666667,10.4
849000,8.322222222,11.2,8.408888889,10.43333333
849600,8.327777778,11.2,8.391111111,10.46666667
850200,8.333333333,11.2,8.373333333,10.5
850800,8.338888889,11.2,8.355555556,10.53333333
851400,8.344444444,11.2,8.337777778,10.56666667
852000,8.35,11.2,8.32,10.6
852600,8.35125,11.2125,8.39,10.6375
853200,8.3525,11.225,8.46,10.675
853800,8.35375,11.2375,8.53,10.7125
854400,8.355,11.25,8.6,10.75
855000,8.35625,11.2625,8.67,10.7875
855600,8.3575,11.275,8.74,10.825
856200,8.35875,11.2875,8.81,10.8625
856800,8.36,11.3,8.88,10.9
857400,8.35375,11.35,8.94,10.9375
858000,8.3475,11.4,9,10.975
858600,8.34125,11.45,9.06,11.0125
859200,8.335,11.5,9.12,11.05
859800,8.32875,11.55,9.18,11.0875
860400,8.3225,11.6,9.24,11.125
861000,8.31625,11.65,9.3,11.1625
861600,8.31,11.7,9.36,11.2
862200,8.318888889,11.67777778,9.394444444,11.22222222
862800,8.327777778,11.65555556,9.428888889,11.24444444
863400,8.336666667,11.63333333,9.463333333,11.26666667
864000,8.345555556,11.61111111,9.497777778,11.28888889
864600,8.354444444,11.58888889,9.532222222,11.31111111
865200,8.363333333,11.56666667,9.566666667,11.33333333
865800,8.372222222,11.54444444,9.601111111,11.35555556
866400,8.381111111,11.52222222,9.635555556,11.37777778
867000,8.39,11.5,9.67,11.4
867600,8.40125,11.525,9.7025,11.425
868200,8.4125,11.55,9.735,11.45
868800,8.42375,11.575,9.7675,11.475
869400,8.435,11.6,9.8,11.5
870000,8.44625,11.625,9.8325,11.525
870600,8.4575,11.65,9.865,11.55
871200,8.46875,11.675,9.8975,11.575
871800,8.48,11.7,9.93,11.6
872400,8.48875,11.725,9.885,11.6125
873000,8.4975,11.75,9.84,11.625
873600,8.50625,11.775,9.795,11.6375
874200,8.515,11.8,9.75,11.65
874800,8.52375,11.825,9.705,11.6625
875400,8.5325,11.85,9.66,11.675
876000,8.54125,11.875,9.615,11.6875
876600,8.55,11.9,9.57,11.7
877200,8.535,11.9,9.56,11.6875
877800,8.52,11.9,9.55,11.675
878400,8.505,11.9,9.54,11.6625
879000,8.49,11.9,9.53,11.65
879600,8.475,11.9,9.52,11.6375
880200,8.46,11.9,9.51,11.625
880800,8.445,11.9,9.5,11.6125
881400,8.43,11.9,9.49,11.6
882000,8.43,11.9,9.507777778,11.61111111
882600,8.43,11.9,9.525555556,11.62222222
883200,8.43,11.9,9.543333333,11.63333333
883800,8.43,11.9,9.561111111,11.64444444
884400,8.43,11.9,9.578888889,11.65555556
885000,8.43,11.9,9.596666667,11.66666667
885600,8.43,11.9,9.614444444,11.67777778
886200,8.43,11.9,9.632222222,11.68888889
886800,8.43,11.9,9.65,11.7
887400,8.4325,11.8875,9.69125,11.7125
888000,8.435,11.875,9.7325,11.725
888600,8.4375,11.8625,9.77375,11.7375
889200,8.44,11.85,9.815,11.75
889800,8.4425,11.8375,9.85625,11.7625
890400,8.445,11.825,9.8975,11.775
891000,8.4475,11.8125,9.93875,11.7875
891600,8.45,11.8,9.98,11.8
892200,8.4525,11.85,9.8975,11.8125
892800,8.455,11.9,9.815,11.825
893400,8.4575,11.95,9.7325,11.8375
894000,8.46,12,9.65,11.85
894600,8.4625,12.05,9.5675,11.8625
895200,8.465,12.1,9.485,11.875
895800,8.4675,12.15,9.4025,11.8875
896400,8.47,12.2,9.32,11.9
897000,8.434444444,12.08888889,9.281111111,11.85555556
897600,8.398888889,11.97777778,9.242222222,11.81111111
898200,8.363333333,11.86666667,9.203333333,11.76666667
898800,8.327777778,11.75555556,9.164444444,11.72222222
899400,8.292222222,11.64444444,9.125555556,11.67777778
900000,8.256666667,11.53333333,9.086666667,11.63333333
900600,8.221111111,11.42222222,9.047777778,11.58888889
901200,8.185555556,11.31111111,9.008888889,11.54444444
901800,8.15,11.2,8.97,11.5
902400,7.9275,10.55875,8.925,10.93875
903000,7.705,9.9175,8.88,10.3775
903600,7.4825,9.27625,8.835,9.81625
904200,7.26,8.635,8.79,9.255
904800,7.0375,7.99375,8.745,8.69375
905400,6.815,7.3525,8.7,8.1325
906000,6.5925,6.71125,8.655,7.57125
906600,6.37,6.07,8.61,7.01
907200,6.39375,6.01875,8.4625,6.96375
907800,6.4175,5.9675,8.315,6.9175
908400,6.44125,5.91625,8.1675,6.87125
909000,6.465,5.865,8.02,6.825
909600,6.48875,5.81375,7.8725,6.77875
910200,6.5125,5.7625,7.725,6.7325
910800,6.53625,5.71125,7.5775,6.68625
911400,6.56,5.66,7.43,6.64
912000,6.532222222,5.665555556,7.431111111,6.636666667
912600,6.504444444,5.671111111,7.432222222,6.633333333
913200,6.476666667,5.676666667,7.433333333,6.63
913800,6.448888889,5.682222222,7.434444444,6.626666667
914400,6.421111111,5.687777778,7.435555556,6.623333333
915000,6.393333333,5.693333333,7.436666667,6.62
915600,6.365555556,5.698888889,7.437777778,6.616666667
916200,6.337777778,5.704444444,7.438888889,6.613333333
916800,6.31,5.71,7.44,6.61
917400,6.31375,5.71125,7.375,6.62
918000,6.3175,5.7125,7.31,6.63
918600,6.32125,5.71375,7.245,6.64
919200,6.325,5.715,7.18,6.65
919800,6.32875,5.71625,7.115,6.66
920400,6.3325,5.7175,7.05,6.67
921000,6.33625,5.71875,6.985,6.68
921600,6.34,5.72,6.92,6.69
922200,6.34125,5.7175,6.83375,6.67375
922800,6.3425,5.715,6.7475,6.6575
923400,6.34375,5.7125,6.66125,6.64125
924000,6.345,5.71,6.575,6.625
924600,6.34625,5.7075,6.48875,6.60875
925200,6.3475,5.705,6.4025,6.5925
925800,6.34875,5.7025,6.31625,6.57625
926400,6.35,5.7,6.23,6.56
927000,6.44375,5.9725,6.18875,6.895
927600,6.5375,6.245,6.1475,7.23
928200,6.63125,6.5175,6.10625,7.565
928800,6.725,6.79,6.065,7.9
929400,6.81875,7.0625,6.02375,8.235
930000,6.9125,7.335,5.9825,8.57
930600,7.00625,7.6075,5.94125,8.905
931200,7.1,7.88,5.9,9.24
931800,7.027777778,7.592222222,5.837777778,9.176666667
932400,6.955555556,7.304444444,5.775555556,9.113333333
933000,6.883333333,7.016666667,5.713333333,9.05
933600,6.811111111,6.728888889,5.651111111,8.986666667
934200,6.738888889,6.441111111,5.588888889,8.923333333
934800,6.666666667,6.153333333,5.526666667,8.86
935400,6.594444444,5.865555556,5.464444444,8.796666667
936000,6.522222222,5.577777778,5.402222222,8.733333333
936600,6.45,5.29,5.34,8.67
937200,6.47125,5.27125,5.27625,8.4
937800,6.4925,5.2525,5.2125,8.13
938400,6.51375,5.23375,5.14875,7.86
939000,6.535,5.215,5.085,7.59
939600,6.55625,5.19625,5.02125,7.32
940200,6.5775,5.1775,4.9575,7.05
940800,6.59875,5.15875,4.89375,6.78
941400,6.62,5.14,4.83,6.51
942000,6.70625,5.02625,4.80875,6.315
942600,6.7925,4.9125,4.7875,6.12
943200,6.87875,4.79875,4.76625,5.925
943800,6.965,4.685,4.745,5.73
944400,7.05125,4.57125,4.72375,5.535
945000,7.1375,4.4575,4.7025,5.34
945600,7.22375,4.34375,4.68125,5.145
946200,7.31,4.23,4.66,4.95
946800,7.456666667,4.212222222,4.646666667,4.896666667
947400,7.603333333,4.194444444,4.633333333,4.843333333
948000,7.75,4.176666667,4.62,4.79
948600,7.896666667,4.158888889,4.606666667,4.736666667
949200,8.043333333,4.141111111,4.593333333,4.683333333
949800,8.19,4.123333333,4.58,4.63
950400,8.336666667,4.105555556,4.566666667,4.576666667
951000,8.483333333,4.087777778,4.553333333,4.523333333
951600,8.63,4.07,4.54,4.47
952200,8.62875,4.07,4.53125,4.46875
952800,8.6275,4.07,4.5225,4.4675
953400,8.62625,4.07,4.51375,4.46625
954000,8.625,4.07,4.505,4.465
954600,8.62375,4.07,4.49625,4.46375
955200,8.6225,4.07,4.4875,4.4625
955800,8.62125,4.07,4.47875,4.46125
956400,8.62,4.07,4.47,4.46
957000,8.585,4.0825,4.49,4.46
957600,8.55,4.095,4.51,4.46
958200,8.515,4.1075,4.53,4.46
958800,8.48,4.12,4.55,4.46
959400,8.445,4.1325,4.57,4.46
960000,8.41,4.145,4.59,4.46
960600,8.375,4.1575,4.61,4.46
961200,8.34,4.17,4.63,4.46
961800,8.233333333,5.051111111,4.634444444,4.46
962400,8.126666667,5.932222222,4.638888889,4.46
963000,8.02,6.813333333,4.643333333,4.46
963600,7.913333333,7.694444444,4.647777778,4.46
964200,7.806666667,8.575555556,4.652222222,4.46
964800,7.7,9.456666667,4.656666667,4.46
965400,7.593333333,10.33777778,4.661111111,4.46
966000,7.486666667,11.21888889,4.665555556,4.46
966600,7.38,12.1,4.67,4.46
967200,7.34125,12.1125,4.595,4.4575
967800,7.3025,12.125,4.52,4.455
968400,7.26375,12.1375,4.445,4.4525
969000,7.225,12.15,4.37,4.45
969600,7.18625,12.1625,4.295,4.4475
970200,7.1475,12.175,4.22,4.445
970800,7.10875,12.1875,4.145,4.4425
971400,7.07,12.2,4.07,4.44
972000,7.0325,12.1125,4.01625,4.44125
972600,6.995,12.025,3.9625,4.4425
973200,6.9575,11.9375,3.90875,4.44375
973800,6.92,11.85,3.855,4.445
974400,6.8825,11.7625,3.80125,4.44625
975000,6.845,11.675,3.7475,4.4475
975600,6.8075,11.5875,3.69375,4.44875
976200,6.77,11.5,3.64,4.45
976800,6.71375,11.4,3.6375,4.88625
977400,6.6575,11.3,3.635,5.3225
978000,6.60125,11.2,3.6325,5.75875
978600,6.545,11.1,3.63,6.195
979200,6.48875,11,3.6275,6.63125
979800,6.4325,10.9,3.625,7.0675
980400,6.37625,10.8,3.6225,7.50375
981000,6.32,10.7,3.62,7.94
981600,6.325555556,10.7,3.618888889,8.246666667
982200,6.331111111,10.7,3.617777778,8.553333333
982800,6.336666667,10.7,3.616666667,8.86
983400,6.342222222,10.7,3.615555556,9.166666667
984000,6.347777778,10.7,3.614444444,9.473333333
984600,6.353333333,10.7,3.613333333,9.78
985200,6.358888889,10.7,3.612222222,10.08666667
985800,6.364444444,10.7,3.611111111,10.39333333
986400,6.37,10.7,3.61,10.7
987000,6.30125,10.8125,3.60625,10.7
987600,6.2325,10.925,3.6025,10.7
988200,6.16375,11.0375,3.59875,10.7
988800,6.095,11.15,3.595,10.7
989400,6.02625,11.2625,3.59125,10.7
990000,5.9575,11.375,3.5875,10.7
990600,5.88875,11.4875,3.58375,10.7
991200,5.82,11.6,3.58,10.7
991800,5.6775,11.7,3.5725,10.7125
992400,5.535,11.8,3.565,10.725
993000,5.3925,11.9,3.5575,10.7375
993600,5.25,12,3.55,10.75
994200,5.1075,12.1,3.5425,10.7625
994800,4.965,12.2,3.535,10.775
995400,4.8225,12.3,3.5275,10.7875
996000,4.68,12.4,3.52,10.8
996600,4.524444444,12.38888889,3.512222222,10.86666667
997200,4.368888889,12.37777778,3.504444444,10.93333333
997800,4.213333333,12.36666667,3.496666667,11
998400,4.057777778,12.35555556,3.488888889,11.06666667
999000,3.902222222,12.34444444,3.481111111,11.13333333
999600,3.746666667,12.33333333,3.473333333,11.2
1000200,3.591111111,12.32222222,3.465555556,11.26666667
1000800,3.435555556,12.31111111,3.457777778,11.33333333
1001400,3.28,12.3,3.45,11.4
1002000,3.26875,12.3125,3.44875,11.3875
1002600,3.2575,12.325,3.4475,11.375
1003200,3.24625,12.3375,3.44625,11.3625
1003800,3.235,12.35,3.445,11.35
1004400,3.22375,12.3625,3.44375,11.3375
1005000,3.2125,12.375,3.4425,11.325
1005600,3.20125,12.3875,3.44125,11.3125
1006200,3.19,12.4,3.44,11.3
1006800,3.21,12.4,3.43625,11.3
1007400,3.23,12.4,3.4325,11.3
1008000,3.25,12.4,3.42875,11.3
1008600,3.27,12.4,3.425,11.3
1009200,3.29,12.4,3.42125,11.3
1009800,3.31,12.4,3.4175,11.3
1010400,3.33,12.4,3.41375,11.3
1011000,3.35,12.4,3.41,11.3
1011600,3.338888889,12.4,3.406666667,11.31111111
1012200,3.327777778,12.4,3.403333333,11.32222222
1012800,3.316666667,12.4,3.4,11.33333333
1013400,3.305555556,12.4,3.396666667,11.34444444
1014000,3.294444444,12.4,3.393333333,11.35555556
1014600,3.283333333,12.4,3.39,11.36666667
1015200,3.272222222,12.4,3.386666667,11.37777778
1015800,3.261111111,12.4,3.383333333,11.38888889
1016400,3.25,12.4,3.38,11.4
1017000,3.25375,12.4,3.3825,11.3875
1017600,3.2575,12.4,3.385,11.375
1018200,3.26125,12.4,3.3875,11.3625
1018800,3.265,12.4,3.39,11.35
1019400,3.26875,12.4,3.3925,11.3375
1020000,3.2725,12.4,3.395,11.325
1020600,3.27625,12.4,3.3975,11.3125
1021200,3.28,12.4,3.4,11.3
1021800,3.27375,12.4,3.4025,11.3
1022400,3.2675,12.4,3.405,11.3
1023000,3.26125,12.4,3.4075,11.3
1023600,3.255,12.4,3.41,11.3
1024200,3.24875,12.4,3.4125,11.3
1024800,3.2425,12.4,3.415,11.3
1025400,3.23625,12.4,3.4175,11.3
1026000,3.23,12.4,3.42,11.3
1026600,3.23375,12.4,3.42,11.3125
1027200,3.2375,12.4,3.42,11.325
1027800,3.24125,12.4,3.42,11.3375
1028400,3.245,12.4,3.42,11.35
1029000,3.24875,12.4,3.42,11.3625
1029600,3.2525,12.4,3.42,11.375
1030200,3.25625,12.4,3.42,11.3875
1030800,3.26,12.4,3.42,11.4
1031400,3.825555556,12.4,3.464444444,11.4
1032000,4.391111111,12.4,3.508888889,11.4
1032600,4.956666667,12.4,3.553333333,11.4
1033200,5.522222222,12.4,3.597777778,11.4
1033800,6.087777778,12.4,3.642222222,11.4
1034400,6.653333333,12.4,3.686666667,11.4
1035000,7.218888889,12.4,3.731111111,11.4
1035600,7.784444444,12.4,3.775555556,11.4
1036200,8.35,12.4,3.82,11.4
1036800,8.41375,12.3625,3.99875,11.4
1037400,8.4775,12.325,4.1775,11.4
1038000,8.54125,12.2875,4.35625,11.4
1038600,8.605,12.25,4.535,11.4
1039200,8.66875,12.2125,4.71375,11.4
1039800,8.7325,12.175,4.8925,11.4
1040400,8.79625,12.1375,5.07125,11.4
1041000,8.86,12.1,5.25,11.4
1041600,8.61,12.125,5.25125,11.3875
1042200,8.36,12.15,5.2525,11.375
1042800,8.11,12.175,5.25375,11.3625
1043400,7.86,12.2,5.255,11.35
1044000,7.61,12.225,5.25625,11.3375
1044600,7.36,12.25,5.2575,11.325
1045200,7.11,12.275,5.25875,11.3125
1045800,6.86,12.3,5.26,11.3
1046400,6.848888889,12.3,5.261111111,11.3
1047000,6.837777778,12.3,5.262222222,11.3
1047600,6.826666667,12.3,5.263333333,11.3
1048200,6.815555556,12.3,5.264444444,11.3
1048800,6.804444444,12.3,5.265555556,11.3
1049400,6.793333333,12.3,5.266666667,11.3
1050000,6.782222222,12.3,5.267777778,11.3
1050600,6.771111111,12.3,5.268888889,11.3
1051200,6.76,12.3,5.27,11.3
1051800,6.76125,12.3,5.25375,11.3125
1052400,6.7625,12.3,5.2375,11.325
1053000,6.76375,12.3,5.22125,11.3375
1053600,6.765,12.3,5.205,11.35
1054200,6.76625,12.3,5.18875,11.3625
1054800,6.7675,12.3,5.1725,11.375
1055400,6.76875,12.3,5.15625,11.3875
1056000,6.77,12.3,5.14,11.4
1056600,7.055,12.3,5.1325,11.35
1057200,7.34,12.3,5.125,11.3
1057800,7.625,12.3,5.1175,11.25
1058400,7.91,12.3,5.11,11.2
1059000,8.195,12.3,5.1025,11.15
1059600,8.48,12.3,5.095,11.1
1060200,8.765,12.3,5.0875,11.05
1060800,9.05,12.3,5.08,11
1061400,9.128888889,12.3,5.107777778,11.03333333
1062000,9.207777778,12.3,5.135555556,11.06666667
1062600,9.286666667,12.3,5.163333333,11.1
1063200,9.365555556,12.3,5.191111111,11.13333333
1063800,9.444444444,12.3,5.218888889,11.16666667
1064400,9.523333333,12.3,5.246666667,11.2
1065000,9.602222222,12.3,5.274444444,11.23333333
1065600,9.681111111,12.3,5.302222222,11.26666667
1066200,9.76,12.3,5.33,11.3
1066800,9.8525,12.3,5.33875,11.3
1067400,9.945,12.3,5.3475,11.3
1068000,10.0375,12.3,5.35625,11.3
1068600,10.13,12.3,5.365,11.3
1069200,10.2225,12.3,5.37375,11.3
1069800,10.315,12.3,5.3825,11.3
1070400,10.4075,12.3,5.39125,11.3
1071000,10.5,12.3,5.4,11.3
1071600,10.5625,12.325,5.51125,11.3125
1072200,10.625,12.35,5.6225,11.325
1072800,10.6875,12.375,5.73375,11.3375
1073400,10.75,12.4,5.845,11.35
1074000,10.8125,12.425,5.95625,11.3625
1074600,10.875,12.45,6.0675,11.375
1075200,10.9375,12.475,6.17875,11.3875
1075800,11,12.5,6.29,11.4
1076400,11,12.4875,6.2975,11.4
1077000,11,12.475,6.305,11.4
1077600,11,12.4625,6.3125,11.4
1078200,11,12.45,6.32,11.4
1078800,11,12.4375,6.3275,11.4
1079400,11,12.425,6.335,11.4
1080000,11,12.4125,6.3425,11.4
1080600,11,12.4,6.35,11.4
1081200,10.82,12.4,6.344444444,11.4
1081800,10.64,12.4,6.338888889,11.4
1082400,10.46,12.4,6.333333333,11.4
1083000,10.28,12.4,6.327777778,11.4
1083600,10.1,12.4,6.322222222,11.4
1084200,9.92,12.4,6.316666667,11.4
1084800,9.74,12.4,6.311111111,11.4
1085400,9.56,12.4,6.305555556,11.4
1086000,9.38,12.4,6.3,11.4
1086600,9.25625,12.4125,6.285,11.4
1087200,9.1325,12.425,6.27,11.4
1087800,9.00875,12.4375,6.255,11.4
1088400,8.885,12.45,6.24,11.4
1089000,8.76125,12.4625,6.225,11.4
1089600,8.6375,12.475,6.21,11.4
1090200,8.51375,12.4875,6.195,11.4
1090800,8.39,12.5,6.18,11.4
1091400,8.42875,12.475,6.16625,11.4
1092000,8.4675,12.45,6.1525,11.4
1092600,8.50625,12.425,6.13875,11.4
1093200,8.545,12.4,6.125,11.4
1093800,8.58375,12.375,6.11125,11.4
1094400,8.6225,12.35,6.0975,11.4
1095000,8.66125,12.325,6.08375,11.4
1095600,8.7,12.3,6.07,11.4
1096200,8.753333333,12.28888889,6.066666667,11.4
1096800,8.806666667,12.27777778,6.063333333,11.4
1097400,8.86,12.26666667,6.06,11.4
1098000,8.913333333,12.25555556,6.056666667,11.4
1098600,8.966666667,12.24444444,6.053333333,11.4
1099200,9.02,12.23333333,6.05,11.4
1099800,9.073333333,12.22222222,6.046666667,11.4
1100400,9.126666667,12.21111111,6.043333333,11.4
1101000,9.18,12.2,6.04,11.4
1101600,9.42,12.2125,6.0425,11.4
1102200,9.66,12.225,6.045,11.4
1102800,9.9,12.2375,6.0475,11.4
1103400,10.14,12.25,6.05,11.4
1104000,10.38,12.2625,6.0525,11.4
1104600,10.62,12.275,6.055,11.4
1105200,10.86,12.2875,6.0575,11.4
1105800,11.1,12.3,6.06,11.4
1106400,11.1125,12.2875,6.0575,11.4
1107000,11.125,12.275,6.055,11.4
1107600,11.1375,12.2625,6.0525,11.4
1108200,11.15,12.25,6.05,11.4
1108800,11.1625,12.2375,6.0475,11.4
1109400,11.175,12.225,6.045,11.4
1110000,11.1875,12.2125,6.0425,11.4
1110600,11.2,12.2,6.04,11.4
1111200,11.18888889,12.21111111,6.134444444,11.41111111
1111800,11.17777778,12.22222222,6.228888889,11.42222222
1112400,11.16666667,12.23333333,6.323333333,11.43333333
1113000,11.15555556,12.24444444,6.417777778,11.44444444
1113600,11.14444444,12.25555556,6.512222222,11.45555556
1114200,11.13333333,12.26666667,6.606666667,11.46666667
1114800,11.12222222,12.27777778,6.701111111,11.47777778
1115400,11.11111111,12.28888889,6.795555556,11.48888889
1116000,11.1,12.3,6.89,11.5
1116600,11.1,12.325,6.94125,11.4875
1117200,11.1,12.35,6.9925,11.475
1117800,11.1,12.375,7.04375,11.4625
1118400,11.1,12.4,7.095,11.45
1119000,11.1,12.425,7.14625,11.4375
1119600,11.1,12.45,7.1975,11.425
1120200,11.1,12.475,7.24875,11.4125
1120800,11.1,12.5,7.3,11.4
1121400,11.1,12.5,7.355,11.4
1122000,11.1,12.5,7.41,11.4
1122600,11.1,12.5,7.465,11.4
1123200,11.1,12.5,7.52,11.4
1123800,11.1,12.5,7.575,11.4
1124400,11.1,12.5,7.63,11.4
1125000,11.1,12.5,7.685,11.4
1125600,11.1,12.5,7.74,11.4
1126200,11.075,12.4875,7.78125,11.4
1126800,11.05,12.475,7.8225,11.4
1127400,11.025,12.4625,7.86375,11.4
1128000,11,12.45,7.905,11.4
1128600,10.975,12.4375,7.94625,11.4
1129200,10.95,12.425,7.9875,11.4
1129800,10.925,12.4125,8.02875,11.4
1130400,10.9,12.4,8.07,11.4
1131000,10.91111111,12.4,8.114444444,11.41111111
1131600,10.92222222,12.4,8.158888889,11.42222222
1132200,10.93333333,12.4,8.203333333,11.43333333
1132800,10.94444444,12.4,8.247777778,11.44444444
1133400,10.95555556,12.4,8.292222222,11.45555556
1134000,10.96666667,12.4,8.336666667,11.46666667
1134600,10.97777778,12.4,8.381111111,11.47777778
1135200,10.98888889,12.4,8.425555556,11.48888889
1135800,11,12.4,8.47,11.5
1136400,11.0125,12.3625,8.47625,11.4875
1137000,11.025,12.325,8.4825,11.475
1137600,11.0375,12.2875,8.48875,11.4625
1138200,11.05,12.25,8.495,11.45
1138800,11.0625,12.2125,8.50125,11.4375
1139400,11.075,12.175,8.5075,11.425
1140000,11.0875,12.1375,8.51375,11.4125
1140600,11.1,12.1,8.52,11.4
1141200,11.1,12.125,8.52125,11.4
1141800,11.1,12.15,8.5225,11.4
1142400,11.1,12.175,8.52375,11.4
1143000,11.1,12.2,8.525,11.4
1143600,11.1,12.225,8.52625,11.4
1144200,11.1,12.25,8.5275,11.4
1144800,11.1,12.275,8.52875,11.4
1145400,11.1,12.3,8.53,11.4
1146000,11.1,12.31111111,8.506666667,11.41111111
1146600,11.1,12.32222222,8.483333333,11.42222222
1147200,11.1,12.33333333,8.46,11.43333333
1147800,11.1,12.34444444,8.436666667,11.44444444
1148400,11.1,12.35555556,8.413333333,11.45555556
1149000,11.1,12.36666667,8.39,11.46666667
1149600,11.1,12.37777778,8.366666667,11.47777778
1150200,11.1,12.38888889,8.343333333,11.48888889
1150800,11.1,12.4,8.32,11.5
1151400,11.1,12.25,8.33625,11.6
1152000,11.1,12.1,8.3525,11.7
1152600,11.1,11.95,8.36875,11.8
1153200,11.1,11.8,8.385,11.9
1153800,11.1,11.65,8.40125,12
1154400,11.1,11.5,8.4175,12.1
1155000,11.1,11.35,8.43375,12.2
1155600,11.1,11.2,8.45,12.3
1156200,10.79125,10.62,8.4175,12.025
1156800,10.4825,10.04,8.385,11.75
1157400,10.17375,9.46,8.3525,11.475
1158000,9.865,8.88,8.32,11.2
1158600,9.55625,8.3,8.2875,10.925
1159200,9.2475,7.72,8.255,10.65
1159800,8.93875,7.14,8.2225,10.375
1160400,8.63,6.56,8.19,10.1
1161000,8.587777778,6.544444444,8.177777778,10.01333333
1161600,8.545555556,6.528888889,8.165555556,9.926666667
1162200,8.503333333,6.513333333,8.153333333,9.84
1162800,8.461111111,6.497777778,8.141111111,9.753333333
1163400,8.418888889,6.482222222,8.128888889,9.666666667
1164000,8.376666667,6.466666667,8.116666667,9.58
1164600,8.334444444,6.451111111,8.104444444,9.493333333
1165200,8.292222222,6.435555556,8.092222222,9.406666667
1165800,8.25,6.42,8.08,9.32
1166400,8.28,6.40875,8.185,9.29625
1167000,8.31,6.3975,8.29,9.2725
1167600,8.34,6.38625,8.395,9.24875
1168200,8.37,6.375,8.5,9.225
1168800,8.4,6.36375,8.605,9.20125
1169400,8.43,6.3525,8.71,9.1775
1170000,8.46,6.34125,8.815,9.15375
1170600,8.49,6.33,8.92,9.13
1171200,8.48625,6.22875,8.915,8.98125
1171800,8.4825,6.1275,8.91,8.8325
1172400,8.47875,6.02625,8.905,8.68375
1173000,8.475,5.925,8.9,8.535
1173600,8.47125,5.82375,8.895,8.38625
1174200,8.4675,5.7225,8.89,8.2375
1174800,8.46375,5.62125,8.885,8.08875
1175400,8.46,5.52,8.88,7.94
1176000,8.46875,5.47625,8.87625,7.925
1176600,8.4775,5.4325,8.8725,7.91
1177200,8.48625,5.38875,8.86875,7.895
1177800,8.495,5.345,8.865,7.88
1178400,8.50375,5.30125,8.86125,7.865
1179000,8.5125,5.2575,8.8575,7.85
1179600,8.52125,5.21375,8.85375,7.835
1180200,8.53,5.17,8.85,7.82
1180800,8.53,5.144444444,8.846666667,7.808888889
1181400,8.53,5.118888889,8.843333333,7.797777778
1182000,8.53,5.093333333,8.84,7.786666667
1182600,8.53,5.067777778,8.836666667,7.775555556
1183200,8.53,5.042222222,8.833333333,7.764444444
1183800,8.53,5.016666667,8.83,7.753333333
1184400,8.53,4.991111111,8.826666667,7.742222222
1185000,8.53,4.965555556,8.823333333,7.731111111
1185600,8.53,4.94,8.82,7.72
1186200,8.575,5.12375,8.8175,7.795
1186800,8.62,5.3075,8.815,7.87
1187400,8.665,5.49125,8.8125,7.945
1188000,8.71,5.675,8.81,8.02
1188600,8.755,5.85875,8.8075,8.095
1189200,8.8,6.0425,8.805,8.17
1189800,8.845,6.22625,8.8025,8.245
1190400,8.89,6.41,8.8,8.32
1191000,9.15375,7.14625,8.81875,8.8675
1191600,9.4175,7.8825,8.8375,9.415
1192200,9.68125,8.61875,8.85625,9.9625
1192800,9.945,9.355,8.875,10.51
1193400,10.20875,10.09125,8.89375,11.0575
1194000,10.4725,10.8275,8.9125,11.605
1194600,10.73625,11.56375,8.93125,12.1525
1195200,11,12.3,8.95,12.7
1195800,10.98888889,12.27777778,8.951111111,12.68888889
1196400,10.97777778,12.25555556,8.952222222,12.67777778
1197000,10.96666667,12.23333333,8.953333333,12.66666667
1197600,10.95555556,12.21111111,8.954444444,12.65555556
1198200,10.94444444,12.18888889,8.955555556,12.64444444
1198800,10.93333333,12.16666667,8.956666667,12.63333333
1199400,10.92222222,12.14444444,8.957777778,12.62222222
1200000,10.91111111,12.12222222,8.958888889,12.61111111
1200600,10.9,12.1,8.96,12.6
1201200,10.9,12.125,8.965,12.6
1201800,10.9,12.15,8.97,12.6
1202400,10.9,12.175,8.975,12.6
1203000,10.9,12.2,8.98,12.6
1203600,10.9,12.225,8.985,12.6
1204200,10.9,12.25,8.99,12.6
1204800,10.9,12.275,8.995,12.6
1205400,10.9,12.3,9,12.6
1206000,10.9,12.3,9.0025,12.6
1206600,10.9,12.3,9.005,12.6
1207200,10.9,12.3,9.0075,12.6
1207800,10.9,12.3,9.01,12.6
1208400,10.9,12.3,9.0125,12.6
1209000,10.9,12.3,9.015,12.6
1209600,10.9,12.3,9.0175,12.6
1210200,10.9,12.3,9.02,12.6
1210800,10.9,12.28888889,9.02,12.58888889
1211400,10.9,12.27777778,9.02,12.57777778
1212000,10.9,12.26666667,9.02,12.56666667
1212600,10.9,12.25555556,9.02,12.55555556
1213200,10.9,12.24444444,9.02,12.54444444
1213800,10.9,12.23333333,9.02,12.53333333
1214400,10.9,12.22222222,9.02,12.52222222
1215000,10.9,12.21111111,9.02,12.51111111
1215600,10.9,12.2,9.02,12.5
1216200,10.925,12.2,9.0025,12.5125
1216800,10.95,12.2,8.985,12.525
1217400,10.975,12.2,8.9675,12.5375
1218000,11,12.2,8.95,12.55
1218600,11.025,12.2,8.9325,12.5625
1219200,11.05,12.2,8.915,12.575
1219800,11.075,12.2,8.8975,12.5875
1220400,11.1,12.2,8.88,12.6
1221000,11.0375,12.2125,8.88375,12.575
1221600,10.975,12.225,8.8875,12.55
1222200,10.9125,12.2375,8.89125,12.525
1222800,10.85,12.25,8.895,12.5
1223400,10.7875,12.2625,8.89875,12.475
1224000,10.725,12.275,8.9025,12.45
1224600,10.6625,12.2875,8.90625,12.425
1225200,10.6,12.3,8.91,12.4
1225800,10.6125,12.275,8.89125,12.3875
1226400,10.625,12.25,8.8725,12.375
1227000,10.6375,12.225,8.85375,12.3625
1227600,10.65,12.2,8.835,12.35
1228200,10.6625,12.175,8.81625,12.3375
1228800,10.675,12.15,8.7975,12.325
1229400,10.6875,12.125,8.77875,12.3125
1230000,10.7,12.1,8.76,12.3
1230600,10.49888889,11.91111111,8.726666667,12.08888889
1231200,10.29777778,11.72222222,8.693333333,11.87777778
1231800,10.09666667,11.53333333,8.66,11.66666667
1232400,9.895555556,11.34444444,8.626666667,11.45555556
1233000,9.694444444,11.15555556,8.593333333,11.24444444
1233600,9.493333333,10.96666667,8.56,11.03333333
1234200,9.292222222,10.77777778,8.526666667,10.82222222
1234800,9.091111111,10.58888889,8.493333333,10.61111111
1235400,8.89,10.4,8.46,10.4
1236000,8.91,10.4375,8.51125,10.3875
1236600,8.93,10.475,8.5625,10.375
1237200,8.95,10.5125,8.61375,10.3625
1237800,8.97,10.55,8.665,10.35
1238400,8.99,10.5875,8.71625,10.3375
1239000,9.01,10.625,8.7675,10.325
1239600,9.03,10.6625,8.81875,10.3125
1240200,9.05,10.7,8.87,10.3
1240800,8.91625,10.6375,8.79125,10.19375
1241400,8.7825,10.575,8.7125,10.0875
1242000,8.64875,10.5125,8.63375,9.98125
1242600,8.515,10.45,8.555,9.875
1243200,8.38125,10.3875,8.47625,9.76875
1243800,8.2475,10.325,8.3975,9.6625
1244400,8.11375,10.2625,8.31875,9.55625
1245000,7.98,10.2,8.24,9.45
1245600,7.971111111,10.09111111,8.203333333,9.414444444
1246200,7.962222222,9.982222222,8.166666667,9.378888889
1246800,7.953333333,9.873333333,8.13,9.343333333
1247400,7.944444444,9.764444444,8.093333333,9.307777778
1248000,7.935555556,9.655555556,8.056666667,9.272222222
1248600,7.926666667,9.546666667,8.02,9.236666667
1249200,7.917777778,9.437777778,7.983333333,9.201111111
1249800,7.908888889,9.328888889,7.946666667,9.165555556
1250400,7.9,9.22,7.91,9.13
1251000,7.91375,9.19375,7.9025,9.12875
1251600,7.9275,9.1675,7.895,9.1275
1252200,7.94125,9.14125,7.8875,9.12625
1252800,7.955,9.115,7.88,9.125
1253400,7.96875,9.08875,7.8725,9.12375
1254000,7.9825,9.0625,7.865,9.1225
1254600,7.99625,9.03625,7.8575,9.12125
1255200,8.01,9.01,7.85,9.12
1255800,7.98,8.9675,7.815,9.06375
1256400,7.95,8.925,7.78,9.0075
1257000,7.92,8.8825,7.745,8.95125
1257600,7.89,8.84,7.71,8.895
1258200,7.86,8.7975,7.675,8.83875
1258800,7.83,8.755,7.64,8.7825
1259400,7.8,8.7125,7.605,8.72625
1260000,7.77,8.67,7.57,8.67
1260600,7.738888889,8.666666667,7.534444444,8.697777778
1261200,7.707777778,8.663333333,7.498888889,8.725555556
1261800,7.676666667,8.66,7.463333333,8.753333333
1262400,7.645555556,8.656666667,7.427777778,8.781111111
1263000,7.614444444,8.653333333,7.392222222,8.808888889
1263600,7.583333333,8.65,7.356666667,8.836666667
1264200,7.552222222,8.646666667,7.321111111,8.864444444
1264800,7.521111111,8.643333333,7.285555556,8.892222222
1265400,7.49,8.64,7.25,8.92
1266000,7.465,8.63625,7.20375,8.895
1266600,7.44,8.6325,7.1575,8.87
1267200,7.415,8.62875,7.11125,8.845
1267800,7.39,8.625,7.065,8.82
1268400,7.365,8.62125,7.01875,8.795
1269000,7.34,8.6175,6.9725,8.77
1269600,7.315,8.61375,6.92625,8.745
1270200,7.29,8.61,6.88,8.72
1270800,7.28,8.6175,6.86875,8.74875
1271400,7.27,8.625,6.8575,8.7775
1272000,7.26,8.6325,6.84625,8.80625
1272600,7.25,8.64,6.835,8.835
1273200,7.24,8.6475,6.82375,8.86375
1273800,7.23,8.655,6.8125,8.8925
1274400,7.22,8.6625,6.80125,8.92125
1275000,7.21,8.67,6.79,8.95
1275600,7.22,8.6375,6.79875,8.91125
1276200,7.23,8.605,6.8075,8.8725
1276800,7.24,8.5725,6.81625,8.83375
1277400,7.25,8.54,6.825,8.795
1278000,7.26,8.5075,6.83375,8.75625
1278600,7.27,8.475,6.8425,8.7175
1279200,7.28,8.4425,6.85125,8.67875
1279800,7.29,8.41,6.86,8.64
1280400,7.323333333,8.42,6.858888889,8.638888889
1281000,7.356666667,8.43,6.857777778,8.637777778
1281600,7.39,8.44,6.856666667,8.636666667
1282200,7.423333333,8.45,6.855555556,8.635555556
1282800,7.456666667,8.46,6.854444444,8.634444444
1283400,7.49,8.47,6.853333333,8.633333333
1284000,7.523333333,8.48,6.852222222,8.632222222
1284600,7.556666667,8.49,6.851111111,8.631111111
1285200,7.59,8.5,6.85,8.63
1285800,7.66125,8.54875,6.88125,8.61625
1286400,7.7325,8.5975,6.9125,8.6025
1287000,7.80375,8.64625,6.94375,8.58875
1287600,7.875,8.695,6.975,8.575
1288200,7.94625,8.74375,7.00625,8.56125
1288800,8.0175,8.7925,7.0375,8.5475
1289400,8.08875,8.84125,7.06875,8.53375
1290000,8.16,8.89,7.1,8.52
1290600,8.19875,8.87125,7.03,8.50625
1291200,8.2375,8.8525,6.96,8.4925
1291800,8.27625,8.83375,6.89,8.47875
1292400,8.315,8.815,6.82,8.465
1293000,8.35375,8.79625,6.75,8.45125
1293600,8.3925,8.7775,6.68,8.4375
1294200,8.43125,8.75875,6.61,8.42375
1294800,8.47,8.74,6.54,8.41
1295400,8.452222222,8.793333333,6.525555556,8.472222222
1296000,8.434444444,8.846666667,6.511111111,8.534444444
1296600,8.416666667,8.9,6.496666667,8.596666667
1297200,8.398888889,8.953333333,6.482222222,8.658888889
1297800,8.381111111,9.006666667,6.467777778,8.721111111
1298400,8.363333333,9.06,6.453333333,8.783333333
1299000,8.345555556,9.113333333,6.438888889,8.845555556
1299600,8.327777778,9.166666667,6.424444444,8.907777778
1300200,8.31,9.22,6.41,8.97
1300800,8.4725,9.205,6.42625,9.09
1301400,8.635,9.19,6.4425,9.21
1302000,8.7975,9.175,6.45875,9.33
1302600,8.96,9.16,6.475,9.45
1303200,9.1225,9.145,6.49125,9.57
1303800,9.285,9.13,6.5075,9.69
1304400,9.4475,9.115,6.52375,9.81
1305000,9.61,9.1,6.54,9.93
1305600,9.68375,9.325,6.5325,9.97625
1306200,9.7575,9.55,6.525,10.0225
1306800,9.83125,9.775,6.5175,10.06875
1307400,9.905,10,6.51,10.115
1308000,9.97875,10.225,6.5025,10.16125
1308600,10.0525,10.45,6.495,10.2075
1309200,10.12625,10.675,6.4875,10.25375
1309800,10.2,10.9,6.48,10.3
1310400,10.26666667,10.9,6.483333333,10.35555556
1311000,10.33333333,10.9,6.486666667,10.41111111
1311600,10.4,10.9,6.49,10.46666667
1312200,10.46666667,10.9,6.493333333,10.52222222
1312800,10.53333333,10.9,6.496666667,10.57777778
1313400,10.6,10.9,6.5,10.63333333
1314000,10.66666667,10.9,6.503333333,10.68888889
1314600,10.73333333,10.9,6.506666667,10.74444444
1315200,10.8,10.9,6.51,10.8
1315800,10.7875,10.9375,6.50375,10.7875
1316400,10.775,10.975,6.4975,10.775
1317000,10.7625,11.0125,6.49125,10.7625
1317600,10.75,11.05,6.485,10.75
1318200,10.7375,11.0875,6.47875,10.7375
1318800,10.725,11.125,6.4725,10.725
1319400,10.7125,11.1625,6.46625,10.7125
1320000,10.7,11.2,6.46,10.7
1320600,10.59375,11.1375,6.2975,10.7
1321200,10.4875,11.075,6.135,10.7
1321800,10.38125,11.0125,5.9725,10.7
1322400,10.275,10.95,5.81,10.7
1323000,10.16875,10.8875,5.6475,10.7
1323600,10.0625,10.825,5.485,10.7
1324200,9.95625,10.7625,5.3225,10.7
1324800,9.85,10.7,5.16,10.7
1325400,9.8275,10.65,5.2725,10.75
1326000,9.805,10.6,5.385,10.8
1326600,9.7825,10.55,5.4975,10.85
1327200,9.76,10.5,5.61,10.9
1327800,9.7375,10.45,5.7225,10.95
1328400,9.715,10.4,5.835,11
1329000,9.6925,10.35,5.9475,11.05
1329600,9.67,10.3,6.06,11.1
1330200,9.662222222,10.36666667,6.252222222,11.11111111
1330800,9.654444444,10.43333333,6.444444444,11.12222222
1331400,9.646666667,10.5,6.636666667,11.13333333
1332000,9.638888889,10.56666667,6.828888889,11.14444444
1332600,9.631111111,10.63333333,7.021111111,11.15555556
1333200,9.623333333,10.7,7.213333333,11.16666667
1333800,9.615555556,10.76666667,7.405555556,11.17777778
1334400,9.607777778,10.83333333,7.597777778,11.18888889
1335000,9.6,10.9,7.79,11.2
1335600,9.61125,10.9,7.77875,11.2125
1336200,9.6225,10.9,7.7675,11.225
1336800,9.63375,10.9,7.75625,11.2375
1337400,9.645,10.9,7.745,11.25
1338000,9.65625,10.9,7.73375,11.2625
1338600,9.6675,10.9,7.7225,11.275
1339200,9.67875,10.9,7.71125,11.2875
1339800,9.69,10.9,7.7,11.3
1340400,9.72875,10.8875,7.7,11.2875
1341000,9.7675,10.875,7.7,11.275
1341600,9.80625,10.8625,7.7,11.2625
1342200,9.845,10.85,7.7,11.25
1342800,9.88375,10.8375,7.7,11.2375
1343400,9.9225,10.825,7.7,11.225
1344000,9.96125,10.8125,7.7,11.2125
1344600,10,10.8,7.7,11.2
1345200,10.02222222,10.8,7.713333333,11.24444444
1345800,10.04444444,10.8,7.726666667,11.28888889
1346400,10.06666667,10.8,7.74,11.33333333
1347000,10.08888889,10.8,7.753333333,11.37777778
1347600,10.11111111,10.8,7.766666667,11.42222222
1348200,10.13333333,10.8,7.78,11.46666667
1348800,10.15555556,10.8,7.793333333,11.51111111
1349400,10.17777778,10.8,7.806666667,11.55555556
1350000,10.2,10.8,7.82,11.6
1350600,10.175,10.7875,7.83875,11.525
1351200,10.15,10.775,7.8575,11.45
1351800,10.125,10.7625,7.87625,11.375
1352400,10.1,10.75,7.895,11.3
1353000,10.075,10.7375,7.91375,11.225
1353600,10.05,10.725,7.9325,11.15
1354200,10.025,10.7125,7.95125,11.075
1354800,10,10.7,7.97,11
1355400,9.99875,10.7,7.965,10.9625
1356000,9.9975,10.7,7.96,10.925
1356600,9.99625,10.7,7.955,10.8875
1357200,9.995,10.7,7.95,10.85
1357800,9.99375,10.7,7.945,10.8125
1358400,9.9925,10.7,7.94,10.775
1359000,9.99125,10.7,7.935,10.7375
1359600,9.99,10.7,7.93,10.7
1360200,9.928888889,10.7,7.942222222,10.57333333
1360800,9.867777778,10.7,7.954444444,10.44666667
1361400,9.806666667,10.7,7.966666667,10.32
1362000,9.745555556,10.7,7.978888889,10.19333333
1362600,9.684444444,10.7,7.991111111,10.06666667
1363200,9.623333333,10.7,8.003333333,9.94
1363800,9.562222222,10.7,8.015555556,9.813333333
1364400,9.501111111,10.7,8.027777778,9.686666667
1365000,9.44,10.7,8.04,9.56
1365600,9.455,10.7125,8.1025,9.765
1366200,9.47,10.725,8.165,9.97
1366800,9.485,10.7375,8.2275,10.175
1367400,9.5,10.75,8.29,10.38
1368000,9.515,10.7625,8.3525,10.585
1368600,9.53,10.775,8.415,10.79
1369200,9.545,10.7875,8.4775,10.995
1369800,9.56,10.8,8.54,11.2
1370400,9.575,10.8125,8.5575,11.225
1371000,9.59,10.825,8.575,11.25
1371600,9.605,10.8375,8.5925,11.275
1372200,9.62,10.85,8.61,11.3
1372800,9.635,10.8625,8.6275,11.325
1373400,9.65,10.875,8.645,11.35
1374000,9.665,10.8875,8.6625,11.375
1374600,9.68,10.9,8.68,11.4
1375200,9.67,10.9,8.7275,11.3875
1375800,9.66,10.9,8.775,11.375
1376400,9.65,10.9,8.8225,11.3625
1377000,9.64,10.9,8.87,11.35
1377600,9.63,10.9,8.9175,11.3375
1378200,9.62,10.9,8.965,11.325
1378800,9.61,10.9,9.0125,11.3125
1379400,9.6,10.9,9.06,11.3
1380000,9.598888889,10.88888889,9.06,11.33333333
1380600,9.597777778,10.87777778,9.06,11.36666667
1381200,9.596666667,10.86666667,9.06,11.4
1381800,9.595555556,10.85555556,9.06,11.43333333
1382400,9.594444444,10.84444444,9.06,11.46666667
1383000,9.593333333,10.83333333,9.06,11.5
1383600,9.592222222,10.82222222,9.06,11.53333333
1384200,9.591111111,10.81111111,9.06,11.56666667
1384800,9.59,10.8,9.06,11.6
1385400,9.595,10.8,9.05875,11.6
1386000,9.6,10.8,9.0575,11.6
1386600,9.605,10.8,9.05625,11.6
1387200,9.61,10.8,9.055,11.6
1387800,9.615,10.8,9.05375,11.6
1388400,9.62,10.8,9.0525,11.6
1389000,9.625,10.8,9.05125,11.6
1389600,9.63,10.8,9.05,11.6
1390200,9.6425,10.8125,9.055,11.5875
1390800,9.655,10.825,9.06,11.575
1391400,9.6675,10.8375,9.065,11.5625
1392000,9.68,10.85,9.07,11.55
1392600,9.6925,10.8625,9.075,11.5375
1393200,9.705,10.875,9.08,11.525
1393800,9.7175,10.8875,9.085,11.5125
1394400,9.73,10.9,9.09,11.5
1395000,9.714444444,10.9,9.108888889,11.51111111
1395600,9.698888889,10.9,9.127777778,11.52222222
1396200,9.683333333,10.9,9.146666667,11.53333333
1396800,9.667777778,10.9,9.165555556,11.54444444
1397400,9.652222222,10.9,9.184444444,11.55555556
1398000,9.636666667,10.9,9.203333333,11.56666667
1398600,9.621111111,10.9,9.222222222,11.57777778
1399200,9.605555556,10.9,9.241111111,11.58888889
1399800,9.59,10.9,9.26,11.6
1400400,9.5875,10.9,9.20125,11.6
1401000,9.585,10.9,9.1425,11.6
1401600,9.5825,10.9,9.08375,11.6
1402200,9.58,10.9,9.025,11.6
1402800,9.5775,10.9,8.96625,11.6
1403400,9.575,10.9,8.9075,11.6
1404000,9.5725,10.9,8.84875,11.6
1404600,9.57,10.9,8.79,11.6
1405200,9.575,10.8875,8.78625,11.575
1405800,9.58,10.875,8.7825,11.55
1406400,9.585,10.8625,8.77875,11.525
1407000,9.59,10.85,8.775,11.5
1407600,9.595,10.8375,8.77125,11.475
1408200,9.6,10.825,8.7675,11.45
1408800,9.605,10.8125,8.76375,11.425
1409400,9.61,10.8,8.76,11.4
1410000,9.614444444,10.81111111,8.746666667,11.4
1410600,9.618888889,10.82222222,8.733333333,11.4
1411200,9.623333333,10.83333333,8.72,11.4
1411800,9.627777778,10.84444444,8.706666667,11.4
1412400,9.632222222,10.85555556,8.693333333,11.4
1413000,9.636666667,10.86666667,8.68,11.4
1413600,9.641111111,10.87777778,8.666666667,11.4
1414200,9.645555556,10.88888889,8.653333333,11.4
1414800,9.65,10.9,8.64,11.4
1415400,9.6475,10.8875,8.62875,11.4
1416000,9.645,10.875,8.6175,11.4
1416600,9.6425,10.8625,8.60625,11.4
1417200,9.64,10.85,8.595,11.4
1417800,9.6375,10.8375,8.58375,11.4
1418400,9.635,10.825,8.5725,11.4
1419000,9.6325,10.8125,8.56125,11.4
1419600,9.63,10.8,8.55,11.4
1420200,9.63625,10.8,8.5425,11.4
1420800,9.6425,10.8,8.535,11.4
1421400,9.64875,10.8,8.5275,11.4
1422000,9.655,10.8,8.52,11.4
1422600,9.66125,10.8,8.5125,11.4
1423200,9.6675,10.8,8.505,11.4
1423800,9.67375,10.8,8.4975,11.4
1424400,9.68,10.8,8.49,11.4
1425000,9.6975,10.8,8.505,11.4
1425600,9.715,10.8,8.52,11.4
1426200,9.7325,10.8,8.535,11.4
1426800,9.75,10.8,8.55,11.4
1427400,9.7675,10.8,8.565,11.4
1428000,9.785,10.8,8.58,11.4
1428600,9.8025,10.8,8.595,11.4
1429200,9.82,10.8,8.61,11.4
1429800,9.81,10.8,8.673333333,11.38888889
1430400,9.8,10.8,8.736666667,11.37777778
1431000,9.79,10.8,8.8,11.36666667
1431600,9.78,10.8,8.863333333,11.35555556
1432200,9.77,10.8,8.926666667,11.34444444
1432800,9.76,10.8,8.99,11.33333333
1433400,9.75,10.8,9.053333333,11.32222222
1434000,9.74,10.8,9.116666667,11.31111111
1434600,9.73,10.8,9.18,11.3
1435200,9.7175,10.8125,9.1625,11.3
1435800,9.705,10.825,9.145,11.3
1436400,9.6925,10.8375,9.1275,11.3
1437000,9.68,10.85,9.11,11.3
1437600,9.6675,10.8625,9.0925,11.3
1438200,9.655,10.875,9.075,11.3
1438800,9.6425,10.8875,9.0575,11.3
1439400,9.63,10.9,9.04,11.3
1440000,9.6425,10.9,9.02625,11.3375
1440600,9.655,10.9,9.0125,11.375
1441200,9.6675,10.9,8.99875,11.4125
1441800,9.68,10.9,8.985,11.45
1442400,9.6925,10.9,8.97125,11.4875
1443000,9.705,10.9,8.9575,11.525
1443600,9.7175,10.9,8.94375,11.5625
1444200,9.73,10.9,8.93,11.6
1444800,9.793333333,10.94444444,8.94,11.65555556
1445400,9.856666667,10.98888889,8.95,11.71111111
1446000,9.92,11.03333333,8.96,11.76666667
1446600,9.983333333,11.07777778,8.97,11.82222222
1447200,10.04666667,11.12222222,8.98,11.87777778
1447800,10.11,11.16666667,8.99,11.93333333
1448400,10.17333333,11.21111111,9,11.98888889
1449000,10.23666667,11.25555556,9.01,12.04444444
1449600,10.3,11.3,9.02,12.1
1450200,10.325,11.325,9.03375,12.1125
1450800,10.35,11.35,9.0475,12.125
1451400,10.375,11.375,9.06125,12.1375
1452000,10.4,11.4,9.075,12.15
1452600,10.425,11.425,9.08875,12.1625
1453200,10.45,11.45,9.1025,12.175
1453800,10.475,11.475,9.11625,12.1875
1454400,10.5,11.5,9.13,12.2
1455000,10.5125,11.5,9.13,12.2
1455600,10.525,11.5,9.13,12.2
1456200,10.5375,11.5,9.13,12.2
1456800,10.55,11.5,9.13,12.2
1457400,10.5625,11.5,9.13,12.2
1458000,10.575,11.5,9.13,12.2
1458600,10.5875,11.5,9.13,12.2
1459200,10.6,11.5,9.13,12.2
1459800,10.61111111,11.54444444,9.134444444,12.21111111
1460400,10.62222222,11.58888889,9.138888889,12.22222222
1461000,10.63333333,11.63333333,9.143333333,12.23333333
1461600,10.64444444,11.67777778,9.147777778,12.24444444
1462200,10.65555556,11.72222222,9.152222222,12.25555556
1462800,10.66666667,11.76666667,9.156666667,12.26666667
1463400,10.67777778,11.81111111,9.161111111,12.27777778
1464000,10.68888889,11.85555556,9.165555556,12.28888889
1464600,10.7,11.9,9.17,12.3
1465200,10.7125,11.9125,9.1675,12.3125
1465800,10.725,11.925,9.165,12.325
1466400,10.7375,11.9375,9.1625,12.3375
1467000,10.75,11.95,9.16,12.35
1467600,10.7625,11.9625,9.1575,12.3625
1468200,10.775,11.975,9.155,12.375
1468800,10.7875,11.9875,9.1525,12.3875
1469400,10.8,12,9.15,12.4
1470000,10.725,11.9625,9.11625,12.3625
1470600,10.65,11.925,9.0825,12.325
1471200,10.575,11.8875,9.04875,12.2875
1471800,10.5,11.85,9.015,12.25
1472400,10.425,11.8125,8.98125,12.2125
1473000,10.35,11.775,8.9475,12.175
1473600,10.275,11.7375,8.91375,12.1375
1474200,10.2,11.7,8.88,12.1
1474800,9.6625,11.525,8.86875,11.695
1475400,9.125,11.35,8.8575,11.29
1476000,8.5875,11.175,8.84625,10.885
1476600,8.05,11,8.835,10.48
1477200,7.5125,10.825,8.82375,10.075
1477800,6.975,10.65,8.8125,9.67
1478400,6.4375,10.475,8.80125,9.265
1479000,5.9,10.3,8.79,8.86
1479600,5.873333333,10.16111111,8.756666667,8.837777778
1480200,5.846666667,10.02222222,8.723333333,8.815555556
1480800,5.82,9.883333333,8.69,8.793333333
1481400,5.793333333,9.744444444,8.656666667,8.771111111
1482000,5.766666667,9.605555556,8.623333333,8.748888889
1482600,5.74,9.466666667,8.59,8.726666667
1483200,5.713333333,9.327777778,8.556666667,8.704444444
1483800,5.686666667,9.188888889,8.523333333,8.682222222
1484400,5.66,9.05,8.49,8.66
1485000,5.6325,9.00125,8.47125,8.635
1485600,5.605,8.9525,8.4525,8.61
1486200,5.5775,8.90375,8.43375,8.585
1486800,5.55,8.855,8.415,8.56
1487400,5.5225,8.80625,8.39625,8.535
1488000,5.495,8.7575,8.3775,8.51
1488600,5.4675,8.70875,8.35875,8.485
1489200,5.44,8.66,8.34,8.46
1489800,5.4225,8.64625,8.295,8.43
1490400,5.405,8.6325,8.25,8.4
1491000,5.3875,8.61875,8.205,8.37
1491600,5.37,8.605,8.16,8.34
1492200,5.3525,8.59125,8.115,8.31
1492800,5.335,8.5775,8.07,8.28
1493400,5.3175,8.56375,8.025,8.25
1494000,5.3,8.55,7.98,8.22
1494600,5.281111111,8.543333333,7.984444444,8.204444444
1495200,5.262222222,8.536666667,7.988888889,8.188888889
1495800,5.243333333,8.53,7.993333333,8.173333333
1496400,5.224444444,8.523333333,7.997777778,8.157777778
1497000,5.205555556,8.516666667,8.002222222,8.142222222
1497600,5.186666667,8.51,8.006666667,8.126666667
1498200,5.167777778,8.503333333,8.011111111,8.111111111
1498800,5.148888889,8.496666667,8.015555556,8.095555556
1499400,5.13,8.49,8.02,8.08
1500000,5.12,8.5,7.84125,8.07625
1500600,5.11,8.51,7.6625,8.0725
1501200,5.1,8.52,7.48375,8.06875
1501800,5.09,8.53,7.305,8.065
1502400,5.08,8.54,7.12625,8.06125
1503000,5.07,8.55,6.9475,8.0575
1503600,5.06,8.56,6.76875,8.05375
1504200,5.05,8.57,6.59,8.05
1504800,5.0075,8.6225,6.47125,8.01875
1505400,4.965,8.675,6.3525,7.9875
1506000,4.9225,8.7275,6.23375,7.95625
1506600,4.88,8.78,6.115,7.925
1507200,4.8375,8.8325,5.99625,7.89375
1507800,4.795,8.885,5.8775,7.8625
1508400,4.7525,8.9375,5.75875,7.83125
1509000,4.71,8.99,5.64,7.8
1509600,4.7,9.002222222,5.632222222,7.788888889
1510200,4.69,9.014444444,5.624444444,7.777777778
1510800,4.68,9.026666667,5.616666667,7.766666667
1511400,4.67,9.038888889,5.608888889,7.755555556
1512000,4.66,9.051111111,5.601111111,7.744444444
1512600,4.65,9.063333333,5.593333333,7.733333333
1513200,4.64,9.075555556,5.585555556,7.722222222
1513800,4.63,9.087777778,5.577777778,7.711111111
1514400,4.62,9.1,5.57,7.7
1515000,4.635,9.1,5.5775,7.695
1515600,4.65,9.1,5.585,7.69
1516200,4.665,9.1,5.5925,7.685
1516800,4.68,9.1,5.6,7.68
1517400,4.695,9.1,5.6075,7.675
1518000,4.71,9.1,5.615,7.67
1518600,4.725,9.1,5.6225,7.665
1519200,4.74,9.1,5.63,7.66
1519800,4.72875,9.0625,5.62625,7.5925
1520400,4.7175,9.025,5.6225,7.525
1521000,4.70625,8.9875,5.61875,7.4575
1521600,4.695,8.95,5.615,7.39
1522200,4.68375,8.9125,5.61125,7.3225
1522800,4.6725,8.875,5.6075,7.255
1523400,4.66125,8.8375,5.60375,7.1875
1524000,4.65,8.8,5.6,7.12
1524600,4.655,8.825,5.60375,7.07875
1525200,4.66,8.85,5.6075,7.0375
1525800,4.665,8.875,5.61125,6.99625
1526400,4.67,8.9,5.615,6.955
1527000,4.675,8.925,5.61875,6.91375
1527600,4.68,8.95,5.6225,6.8725
1528200,4.685,8.975,5.62625,6.83125
1528800,4.69,9,5.63,6.79
1529400,4.691111111,9.051111111,5.624444444,6.77
1530000,4.692222222,9.102222222,5.618888889,6.75
1530600,4.693333333,9.153333333,5.613333333,6.73
1531200,4.694444444,9.204444444,5.607777778,6.71
1531800,4.695555556,9.255555556,5.602222222,6.69
1532400,4.696666667,9.306666667,5.596666667,6.67
1533000,4.697777778,9.357777778,5.591111111,6.65
1533600,4.698888889,9.408888889,5.585555556,6.63
1534200,4.7,9.46,5.58,6.61
1534800,4.69375,9.45875,5.5425,6.61
1535400,4.6875,9.4575,5.505,6.61
1536000,4.68125,9.45625,5.4675,6.61
1536600,4.675,9.455,5.43,6.61
1537200,4.66875,9.45375,5.3925,6.61
1537800,4.6625,9.4525,5.355,6.61
1538400,4.65625,9.45125,5.3175,6.61
1539000,4.65,9.45,5.28,6.61
1539600,4.64,9.415,5.2325,6.6125
1540200,4.63,9.38,5.185,6.615
1540800,4.62,9.345,5.1375,6.6175
1541400,4.61,9.31,5.09,6.62
1542000,4.6,9.275,5.0425,6.6225
1542600,4.59,9.24,4.995,6.625
1543200,4.58,9.205,4.9475,6.6275
1543800,4.57,9.17,4.9,6.63
1544400,4.55,8.997777778,4.885555556,6.56
1545000,4.53,8.825555556,4.871111111,6.49
1545600,4.51,8.653333333,4.856666667,6.42
1546200,4.49,8.481111111,4.842222222,6.35
1546800,4.47,8.308888889,4.827777778,6.28
1547400,4.45,8.136666667,4.813333333,6.21
1548000,4.43,7.964444444,4.798888889,6.14
1548600,4.41,7.792222222,4.784444444,6.07
1549200,4.39,7.62,4.77,6
1549800,4.39,7.79875,4.745,5.98125
1550400,4.39,7.9775,4.72,5.9625
1551000,4.39,8.15625,4.695,5.94375
1551600,4.39,8.335,4.67,5.925
1552200,4.39,8.51375,4.645,5.90625
1552800,4.39,8.6925,4.62,5.8875
1553400,4.39,8.87125,4.595,5.86875
1554000,4.39,9.05,4.57,5.85
1554600,4.38375,9.115,4.54125,5.8475
1555200,4.3775,9.18,4.5125,5.845
1555800,4.37125,9.245,4.48375,5.8425
1556400,4.365,9.31,4.455,5.84
1557000,4.35875,9.375,4.42625,5.8375
1557600,4.3525,9.44,4.3975,5.835
1558200,4.34625,9.505,4.36875,5.8325
1558800,4.34,9.57,4.34,5.83
1559400,4.341111111,9.538888889,4.335555556,5.836666667
1560000,4.342222222,9.507777778,4.331111111,5.843333333
1560600,4.343333333,9.476666667,4.326666667,5.85
1561200,4.344444444,9.445555556,4.322222222,5.856666667
1561800,4.345555556,9.414444444,4.317777778,5.863333333
1562400,4.346666667,9.383333333,4.313333333,5.87
1563000,4.347777778,9.352222222,4.308888889,5.876666667
1563600,4.348888889,9.321111111,4.304444444,5.883333333
1564200,4.35,9.29,4.3,5.89
1564800,4.35375,9.2575,4.29,5.8875
1565400,4.3575,9.225,4.28,5.885
1566000,4.36125,9.1925,4.27,5.8825
1566600,4.365,9.16,4.26,5.88
1567200,4.36875,9.1275,4.25,5.8775
1567800,4.3725,9.095,4.24,5.875
1568400,4.37625,9.0625,4.23,5.8725
1569000,4.38,9.03,4.22,5.87
1569600,4.3775,8.99375,4.1675,5.86875
1570200,4.375,8.9575,4.115,5.8675
1570800,4.3725,8.92125,4.0625,5.86625
1571400,4.37,8.885,4.01,5.865
1572000,4.3675,8.84875,3.9575,5.86375
1572600,4.365,8.8125,3.905,5.8625
1573200,4.3625,8.77625,3.8525,5.86125
1573800,4.36,8.74,3.8,5.86
1574400,4.345,8.73875,3.77125,5.86
1575000,4.33,8.7375,3.7425,5.86
1575600,4.315,8.73625,3.71375,5.86
1576200,4.3,8.735,3.685,5.86
1576800,4.285,8.73375,3.65625,5.86
1577400,4.27,8.7325,3.6275,5.86
1578000,4.255,8.73125,3.59875,5.86
1578600,4.24,8.73,3.57,5.86
1579200,4.25,8.73,3.571111111,5.863333333
1579800,4.26,8.73,3.572222222,5.866666667
1580400,4.27,8.73,3.573333333,5.87
1581000,4.28,8.73,3.574444444,5.873333333
1581600,4.29,8.73,3.575555556,5.876666667
1582200,4.3,8.73,3.576666667,5.88
1582800,4.31,8.73,3.577777778,5.883333333
1583400,4.32,8.73,3.578888889,5.886666667
1584000,4.33,8.73,3.58,5.89
1584600,4.3275,8.73,3.57125,5.8875
1585200,4.325,8.73,3.5625,5.885
1585800,4.3225,8.73,3.55375,5.8825
1586400,4.32,8.73,3.545,5.88
1587000,4.3175,8.73,3.53625,5.8775
1587600,4.315,8.73,3.5275,5.875
1588200,4.3125,8.73,3.51875,5.8725
1588800,4.31,8.73,3.51,5.87
1589400,4.31875,8.74375,3.5175,5.86875
1590000,4.3275,8.7575,3.525,5.8675
1590600,4.33625,8.77125,3.5325,5.86625
1591200,4.345,8.785,3.54,5.865
1591800,4.35375,8.79875,3.5475,5.86375
1592400,4.3625,8.8125,3.555,5.8625
1593000,4.37125,8.82625,3.5625,5.86125
1593600,4.38,8.84,3.57,5.86
1594200,4.382222222,8.827777778,3.567777778,5.857777778
1594800,4.384444444,8.815555556,3.565555556,5.855555556
1595400,4.386666667,8.803333333,3.563333333,5.853333333
1596000,4.388888889,8.791111111,3.561111111,5.851111111
1596600,4.391111111,8.778888889,3.558888889,5.848888889
1597200,4.393333333,8.766666667,3.556666667,5.846666667
1597800,4.395555556,8.754444444,3.554444444,5.844444444
1598400,4.397777778,8.742222222,3.552222222,5.842222222
1599000,4.4,8.73,3.55,5.84
1599600,4.3925,8.72125,3.55125,5.84
1600200,4.385,8.7125,3.5525,5.84
1600800,4.3775,8.70375,3.55375,5.84
1601400,4.37,8.695,3.555,5.84
1602000,4.3625,8.68625,3.55625,5.84
1602600,4.355,8.6775,3.5575,5.84
1603200,4.3475,8.66875,3.55875,5.84
1603800,4.34,8.66,3.56,5.84
1604400,4.33625,8.64125,3.56125,5.84625
1605000,4.3325,8.6225,3.5625,5.8525
1605600,4.32875,8.60375,3.56375,5.85875
1606200,4.325,8.585,3.565,5.865
1606800,4.32125,8.56625,3.56625,5.87125
1607400,4.3175,8.5475,3.5675,5.8775
1608000,4.31375,8.52875,3.56875,5.88375
1608600,4.31,8.51,3.57,5.89
1609200,4.308888889,8.518888889,3.574444444,5.882222222
1609800,4.307777778,8.527777778,3.578888889,5.874444444
1610400,4.306666667,8.536666667,3.583333333,5.866666667
1611000,4.305555556,8.545555556,3.587777778,5.858888889
1611600,4.304444444,8.554444444,3.592222222,5.851111111
1612200,4.303333333,8.563333333,3.596666667,5.843333333
1612800,4.302222222,8.572222222,3.601111111,5.835555556
1613400,4.301111111,8.581111111,3.605555556,5.827777778
1614000,4.3,8.59,3.61,5.82
1614600,4.29875,8.58625,3.605,5.81875
1615200,4.2975,8.5825,3.6,5.8175
1615800,4.29625,8.57875,3.595,5.81625
1616400,4.295,8.575,3.59,5.815
1617000,4.29375,8.57125,3.585,5.81375
1617600,4.2925,8.5675,3.58,5.8125
1618200,4.29125,8.56375,3.575,5.81125
1618800,4.29,8.56,3.57,5.81
1619400,4.3075,8.55625,3.57125,5.82
1620000,4.325,8.5525,3.5725,5.83
1620600,4.3425,8.54875,3.57375,5.84
1621200,4.36,8.545,3.575,5.85
1621800,4.3775,8.54125,3.57625,5.86
1622400,4.395,8.5375,3.5775,5.87
1623000,4.4125,8.53375,3.57875,5.88
1623600,4.43,8.53,3.58,5.89
1624200,4.42,8.4925,3.5825,5.88625
1624800,4.41,8.455,3.585,5.8825
1625400,4.4,8.4175,3.5875,5.87875
1626000,4.39,8.38,3.59,5.875
1626600,4.38,8.3425,3.5925,5.87125
1627200,4.37,8.305,3.595,5.8675
1627800,4.36,8.2675,3.5975,5.86375
1628400,4.35,8.23,3.6,5.86
1629000,4.348888889,8.214444444,3.597777778,5.86
1629600,4.347777778,8.198888889,3.595555556,5.86
1630200,4.346666667,8.183333333,3.593333333,5.86
1630800,4.345555556,8.167777778,3.591111111,5.86
1631400,4.344444444,8.152222222,3.588888889,5.86
1632000,4.343333333,8.136666667,3.586666667,5.86
1632600,4.342222222,8.121111111,3.584444444,5.86
1633200,4.341111111,8.105555556,3.582222222,5.86
1633800,4.34,8.09,3.58,5.86
1634400,4.33375,8.085,3.58,5.85875
1635000,4.3275,8.08,3.58,5.8575
1635600,4.32125,8.075,3.58,5.85625
1636200,4.315,8.07,3.58,5.855
1636800,4.30875,8.065,3.58,5.85375
1637400,4.3025,8.06,3.58,5.8525
1638000,4.29625,8.055,3.58,5.85125
1638600,4.29,8.05,3.58,5.85
1639200,4.29875,8.0575,3.58625,5.8575
1639800,4.3075,8.065,3.5925,5.865
1640400,4.31625,8.0725,3.59875,5.8725
1641000,4.325,8.08,3.605,5.88
1641600,4.33375,8.0875,3.61125,5.8875
1642200,4.3425,8.095,3.6175,5.895
1642800,4.35125,8.1025,3.62375,5.9025
1643400,4.36,8.11,3.63,5.91
1644000,4.178888889,7.881111111,3.621111111,5.728888889
1644600,3.997777778,7.652222222,3.612222222,5.547777778
1645200,3.816666667,7.423333333,3.603333333,5.366666667
1645800,3.635555556,7.194444444,3.594444444,5.185555556
1646400,3.454444444,6.965555556,3.585555556,5.004444444
1647000,3.273333333,6.736666667,3.576666667,4.823333333
1647600,3.092222222,6.507777778,3.567777778,4.642222222
1648200,2.911111111,6.278888889,3.558888889,4.461111111
1648800,2.73,6.05,3.55,4.28
1649400,2.6375,5.92375,3.555,4.145
1650000,2.545,5.7975,3.56,4.01
1650600,2.4525,5.67125,3.565,3.875
1651200,2.36,5.545,3.57,3.74
1651800,2.2675,5.41875,3.575,3.605
1652400,2.175,5.2925,3.58,3.47
1653000,2.0825,5.16625,3.585,3.335
1653600,1.99,5.04,3.59,3.2
1654200,1.99375,5.04125,3.5825,3.19875
1654800,1.9975,5.0425,3.575,3.1975
1655400,2.00125,5.04375,3.5675,3.19625
1656000,2.005,5.045,3.56,3.195
1656600,2.00875,5.04625,3.5525,3.19375
1657200,2.0125,5.0475,3.545,3.1925
1657800,2.01625,5.04875,3.5375,3.19125
1658400,2.02,5.05,3.53,3.19
1659000,2.017777778,5.04,3.532222222,3.191111111
1659600,2.015555556,5.03,3.534444444,3.192222222
1660200,2.013333333,5.02,3.536666667,3.193333333
1660800,2.011111111,5.01,3.538888889,3.194444444
1661400,2.008888889,5,3.541111111,3.195555556
1662000,2.006666667,4.99,3.543333333,3.196666667
1662600,2.004444444,4.98,3.545555556,3.197777778
1663200,2.002222222,4.97,3.547777778,3.198888889
1663800,2,4.96,3.55,3.2
1664400,1.99625,4.9425,3.55125,3.19875
1665000,1.9925,4.925,3.5525,3.1975
1665600,1.98875,4.9075,3.55375,3.19625
1666200,1.985,4.89,3.555,3.195
1666800,1.98125,4.8725,3.55625,3.19375
1667400,1.9775,4.855,3.5575,3.1925
1668000,1.97375,4.8375,3.55875,3.19125
1668600,1.97,4.82,3.56,3.19
1669200,1.97125,4.84625,3.55875,3.19125
1669800,1.9725,4.8725,3.5575,3.1925
1670400,1.97375,4.89875,3.55625,3.19375
1671000,1.975,4.925,3.555,3.195
1671600,1.97625,4.95125,3.55375,3.19625
1672200,1.9775,4.9775,3.5525,3.1975
1672800,1.97875,5.00375,3.55125,3.19875
1673400,1.98,5.03,3.55,3.2
1674000,1.9825,5.02875,3.55,3.2
1674600,1.985,5.0275,3.55,3.2
1675200,1.9875,5.02625,3.55,3.2
1675800,1.99,5.025,3.55,3.2
1676400,1.9925,5.02375,3.55,3.2
1677000,1.995,5.0225,3.55,3.2
1677600,1.9975,5.02125,3.55,3.2
1678200,2,5.02,3.55,3.2
1678800,1.996666667,5,3.547777778,3.2
1679400,1.993333333,4.98,3.545555556,3.2
1680000,1.99,4.96,3.543333333,3.2
1680600,1.986666667,4.94,3.541111111,3.2
1681200,1.983333333,4.92,3.538888889,3.2
1681800,1.98,4.9,3.536666667,3.2
1682400,1.976666667,4.88,3.534444444,3.2
1683000,1.973333333,4.86,3.532222222,3.2
1683600,1.97,4.84,3.53,3.2
1684200,1.975,4.84625,3.5275,3.2
1684800,1.98,4.8525,3.525,3.2
1685400,1.985,4.85875,3.5225,3.2
1686000,1.99,4.865,3.52,3.2
1686600,1.995,4.87125,3.5175,3.2
1687200,2,4.8775,3.515,3.2
1687800,2.005,4.88375,3.5125,3.2
1688400,2.01,4.89,3.51,3.2
1689000,2.00625,4.885,3.52375,3.2
1689600,2.0025,4.88,3.5375,3.2
1690200,1.99875,4.875,3.55125,3.2
1690800,1.995,4.87,3.565,3.2
1691400,1.99125,4.865,3.57875,3.2
1692000,1.9875,4.86,3.5925,3.2
1692600,1.98375,4.855,3.60625,3.2
1693200,1.98,4.85,3.62,3.2
1693800,1.98,4.853333333,3.614444444,3.2
1694400,1.98,4.856666667,3.608888889,3.2
1695000,1.98,4.86,3.603333333,3.2
1695600,1.98,4.863333333,3.597777778,3.2
1696200,1.98,4.866666667,3.592222222,3.2
1696800,1.98,4.87,3.586666667,3.2
1697400,1.98,4.873333333,3.581111111,3.2
1698000,1.98,4.876666667,3.575555556,3.2
1698600,1.98,4.88,3.57,3.2
1699200,1.98,4.9575,3.57875,3.2
1699800,1.98,5.035,3.5875,3.2
1700400,1.98,5.1125,3.59625,3.2
1701000,1.98,5.19,3.605,3.2
1701600,1.98,5.2675,3.61375,3.2
1702200,1.98,5.345,3.6225,3.2
1702800,1.98,5.4225,3.63125,3.2
1703400,1.98,5.5,3.64,3.2
1704000,2.69375,5.85125,3.64875,3.7125
1704600,3.4075,6.2025,3.6575,4.225
1705200,4.12125,6.55375,3.66625,4.7375
1705800,4.835,6.905,3.675,5.25
1706400,5.54875,7.25625,3.68375,5.7625
1707000,6.2625,7.6075,3.6925,6.275
1707600,6.97625,7.95875,3.70125,6.7875
1708200,7.69,8.31,3.71,7.3
1708800,7.363333333,8.387777778,3.72,7.8
1709400,7.036666667,8.465555556,3.73,8.3
1710000,6.71,8.543333333,3.74,8.8
1710600,6.383333333,8.621111111,3.75,9.3
1711200,6.056666667,8.698888889,3.76,9.8
1711800,5.73,8.776666667,3.77,10.3
1712400,5.403333333,8.854444444,3.78,10.8
1713000,5.076666667,8.932222222,3.79,11.3
1713600,4.75,9.01,3.8,11.8
1714200,5.165,9.33375,3.91375,11.7625
1714800,5.58,9.6575,4.0275,11.725
1715400,5.995,9.98125,4.14125,11.6875
1716000,6.41,10.305,4.255,11.65
1716600,6.825,10.62875,4.36875,11.6125
1717200,7.24,10.9525,4.4825,11.575
1717800,7.655,11.27625,4.59625,11.5375
1718400,8.07,11.6,4.71,11.5
1719000,8.31125,11.5875,4.98125,11.17875
1719600,8.5525,11.575,5.2525,10.8575
1720200,8.79375,11.5625,5.52375,10.53625
1720800,9.035,11.55,5.795,10.215
1721400,9.27625,11.5375,6.06625,9.89375
1722000,9.5175,11.525,6.3375,9.5725
1722600,9.75875,11.5125,6.60875,9.25125
1723200,10,11.5,6.88,8.93
1723800,10.0375,11.2325,6.8475,9.04
1724400,10.075,10.965,6.815,9.15
1725000,10.1125,10.6975,6.7825,9.26
1725600,10.15,10.43,6.75,9.37
1726200,10.1875,10.1625,6.7175,9.48
1726800,10.225,9.895,6.685,9.59
1727400,10.2625,9.6275,6.6525,9.7
1728000,10.3,9.36,6.62,9.81
1728600,10.12,9.33,6.594444444,9.646666667
1729200,9.94,9.3,6.568888889,9.483333333
1729800,9.76,9.27,6.543333333,9.32
1730400,9.58,9.24,6.517777778,9.156666667
1731000,9.4,9.21,6.492222222,8.993333333
1731600,9.22,9.18,6.466666667,8.83
1732200,9.04,9.15,6.441111111,8.666666667
1732800,8.86,9.12,6.415555556,8.503333333
1733400,8.68,9.09,6.39,8.34
1734000,8.3975,9.16,6.37875,8.39875
1734600,8.115,9.23,6.3675,8.4575
1735200,7.8325,9.3,6.35625,8.51625
1735800,7.55,9.37,6.345,8.575
1736400,7.2675,9.44,6.33375,8.63375
1737000,6.985,9.51,6.3225,8.6925
1737600,6.7025,9.58,6.31125,8.75125
1738200,6.42,9.65,6.3,8.81
1738800,7.03,9.88125,6.32,9.17125
1739400,7.64,10.1125,6.34,9.5325
1740000,8.25,10.34375,6.36,9.89375
1740600,8.86,10.575,6.38,10.255
1741200,9.47,10.80625,6.4,10.61625
1741800,10.08,11.0375,6.42,10.9775
1742400,10.69,11.26875,6.44,11.33875
1743000,11.3,11.5,6.46,11.7
1743600,11.31111111,11.51111111,6.481111111,11.7
1744200,11.32222222,11.52222222,6.502222222,11.7
1744800,11.33333333,11.53333333,6.523333333,11.7
1745400,11.34444444,11.54444444,6.544444444,11.7
1746000,11.35555556,11.55555556,6.565555556,11.7
1746600,11.36666667,11.56666667,6.586666667,11.7
1747200,11.37777778,11.57777778,6.607777778,11.7
1747800,11.38888889,11.58888889,6.628888889,11.7
1748400,11.4,11.6,6.65,11.7
1749000,11.4,11.6,6.6475,11.75
1749600,11.4,11.6,6.645,11.8
1750200,11.4,11.6,6.6425,11.85
1750800,11.4,11.6,6.64,11.9
1751400,11.4,11.6,6.6375,11.95
1752000,11.4,11.6,6.635,12
1752600,11.4,11.6,6.6325,12.05
1753200,11.4,11.6,6.63,12.1
1753800,11.4,11.625,6.3325,12.0875
1754400,11.4,11.65,6.035,12.075
1755000,11.4,11.675,5.7375,12.0625
1755600,11.4,11.7,5.44,12.05
1756200,11.4,11.725,5.1425,12.0375
1756800,11.4,11.75,4.845,12.025
1757400,11.4,11.775,4.5475,12.0125
1758000,11.4,11.8,4.25,12
1758600,11.4,11.74444444,4.52,12
1759200,11.4,11.68888889,4.79,12
1759800,11.4,11.63333333,5.06,12
1760400,11.4,11.57777778,5.33,12
1761000,11.4,11.52222222,5.6,12
1761600,11.4,11.46666667,5.87,12
1762200,11.4,11.41111111,6.14,12
1762800,11.4,11.35555556,6.41,12
1763400,11.4,11.3,6.68,12
1764000,11.4,11.3,6.68,11.9875
1764600,11.4,11.3,6.68,11.975
1765200,11.4,11.3,6.68,11.9625
1765800,11.4,11.3,6.68,11.95
1766400,11.4,11.3,6.68,11.9375
1767000,11.4,11.3,6.68,11.925
1767600,11.4,11.3,6.68,11.9125
1768200,11.4,11.3,6.68,11.9
1768800,11.4,11.3,6.64625,11.8875
1769400,11.4,11.3,6.6125,11.875
1770000,11.4,11.3,6.57875,11.8625
1770600,11.4,11.3,6.545,11.85
1771200,11.4,11.3,6.51125,11.8375
1771800,11.4,11.3,6.4775,11.825
1772400,11.4,11.3,6.44375,11.8125
1773000,11.4,11.3,6.41,11.8
1773600,11.4,11.3125,6.5575,11.8125
1774200,11.4,11.325,6.705,11.825
1774800,11.4,11.3375,6.8525,11.8375
1775400,11.4,11.35,7,11.85
1776000,11.4,11.3625,7.1475,11.8625
1776600,11.4,11.375,7.295,11.875
1777200,11.4,11.3875,7.4425,11.8875
1777800,11.4,11.4,7.59,11.9
1778400,11.36666667,11.32222222,7.586666667,11.86666667
1779000,11.33333333,11.24444444,7.583333333,11.83333333
1779600,11.3,11.16666667,7.58,11.8
1780200,11.26666667,11.08888889,7.576666667,11.76666667
1780800,11.23333333,11.01111111,7.573333333,11.73333333
1781400,11.2,10.93333333,7.57,11.7
1782000,11.16666667,10.85555556,7.566666667,11.66666667
1782600,11.13333333,10.77777778,7.563333333,11.63333333
1783200,11.1,10.7,7.56,11.6
1783800,10.37875,10.3725,7.55625,11.17
1784400,9.6575,10.045,7.5525,10.74
1785000,8.93625,9.7175,7.54875,10.31
1785600,8.215,9.39,7.545,9.88
1786200,7.49375,9.0625,7.54125,9.45
1786800,6.7725,8.735,7.5375,9.02
1787400,6.05125,8.4075,7.53375,8.59
1788000,5.33,8.08,7.53,8.16
1788600,5.28375,8.18875,7.54375,8.16
1789200,5.2375,8.2975,7.5575,8.16
1789800,5.19125,8.40625,7.57125,8.16
1790400,5.145,8.515,7.585,8.16
1791000,5.09875,8.62375,7.59875,8.16
1791600,5.0525,8.7325,7.6125,8.16
1792200,5.00625,8.84125,7.62625,8.16
1792800,4.96,8.95,7.64,8.16
1793400,5.675555556,9.266666667,7.785555556,8.575555556
1794000,6.391111111,9.583333333,7.931111111,8.991111111
1794600,7.106666667,9.9,8.076666667,9.406666667
1795200,7.822222222,10.21666667,8.222222222,9.822222222
1795800,8.537777778,10.53333333,8.367777778,10.23777778
1796400,9.253333333,10.85,8.513333333,10.65333333
1797000,9.968888889,11.16666667,8.658888889,11.06888889
1797600,10.68444444,11.48333333,8.804444444,11.48444444
1798200,11.4,11.8,8.95,11.9
1798800,11.4,11.7875,8.935,11.8875
1799400,11.4,11.775,8.92,11.875
1800000,11.4,11.7625,8.905,11.8625
1800600,11.4,11.75,8.89,11.85
1801200,11.4,11.7375,8.875,11.8375
1801800,11.4,11.725,8.86,11.825
1802400,11.4,11.7125,8.845,11.8125
1803000,11.4,11.7,8.83,11.8
1803600,11.4,11.7,8.7925,11.775
1804200,11.4,11.7,8.755,11.75
1804800,11.4,11.7,8.7175,11.725
1805400,11.4,11.7,8.68,11.7
1806000,11.4,11.7,8.6425,11.675
1806600,11.4,11.7,8.605,11.65
1807200,11.4,11.7,8.5675,11.625
1807800,11.4,11.7,8.53,11.6
1808400,11.41111111,11.68888889,8.462222222,11.62222222
1809000,11.42222222,11.67777778,8.394444444,11.64444444
1809600,11.43333333,11.66666667,8.326666667,11.66666667
1810200,11.44444444,11.65555556,8.258888889,11.68888889
1810800,11.45555556,11.64444444,8.191111111,11.71111111
1811400,11.46666667,11.63333333,8.123333333,11.73333333
1812000,11.47777778,11.62222222,8.055555556,11.75555556
1812600,11.48888889,11.61111111,7.987777778,11.77777778
1813200,11.5,11.6,7.92,11.8
1813800,11.475,11.6,8.03375,11.775
1814400,11.45,11.6,8.1475,11.75
1815000,11.425,11.6,8.26125,11.725
1815600,11.4,11.6,8.375,11.7
1816200,11.375,11.6,8.48875,11.675
1816800,11.35,11.6,8.6025,11.65
1817400,11.325,11.6,8.71625,11.625
1818000,11.3,11.6,8.83,11.6
1818600,11.325,11.5375,8.85125,11.6
1819200,11.35,11.475,8.8725,11.6
1819800,11.375,11.4125,8.89375,11.6
1820400,11.4,11.35,8.915,11.6
1821000,11.425,11.2875,8.93625,11.6
1821600,11.45,11.225,8.9575,11.6
1822200,11.475,11.1625,8.97875,11.6
1822800,11.5,11.1,9,11.6
1823400,11.4875,10.87625,8.9725,11.285
1824000,11.475,10.6525,8.945,10.97
1824600,11.4625,10.42875,8.9175,10.655
1825200,11.45,10.205,8.89,10.34
1825800,11.4375,9.98125,8.8625,10.025
1826400,11.425,9.7575,8.835,9.71
1827000,11.4125,9.53375,8.8075,9.395
1827600,11.4,9.31,8.78,9.08
1828200,11.38888889,9.315555556,8.781111111,9.042222222
1828800,11.37777778,9.321111111,8.782222222,9.004444444
1829400,11.36666667,9.326666667,8.783333333,8.966666667
1830000,11.35555556,9.332222222,8.784444444,8.928888889
1830600,11.34444444,9.337777778,8.785555556,8.891111111
1831200,11.33333333,9.343333333,8.786666667,8.853333333
1831800,11.32222222,9.348888889,8.787777778,8.815555556
1832400,11.31111111,9.354444444,8.788888889,8.777777778
1833000,11.3,9.36,8.79,8.74
1833600,11.2625,9.2925,8.7675,8.73875
1834200,11.225,9.225,8.745,8.7375
1834800,11.1875,9.1575,8.7225,8.73625
1835400,11.15,9.09,8.7,8.735
1836000,11.1125,9.0225,8.6775,8.73375
1836600,11.075,8.955,8.655,8.7325
1837200,11.0375,8.8875,8.6325,8.73125
1837800,11,8.82,8.61,8.73
1838400,10.9875,8.78,8.64625,8.73125
1839000,10.975,8.74,8.6825,8.7325
1839600,10.9625,8.7,8.71875,8.73375
1840200,10.95,8.66,8.755,8.735
1840800,10.9375,8.62,8.79125,8.73625
1841400,10.925,8.58,8.8275,8.7375
1842000,10.9125,8.54,8.86375,8.73875
1842600,10.9,8.5,8.9,8.74
1843200,10.96666667,8.611111111,8.922222222,8.745555556
1843800,11.03333333,8.722222222,8.944444444,8.751111111
1844400,11.1,8.833333333,8.966666667,8.756666667
1845000,11.16666667,8.944444444,8.988888889,8.762222222
1845600,11.23333333,9.055555556,9.011111111,8.767777778
1846200,11.3,9.166666667,9.033333333,8.773333333
1846800,11.36666667,9.277777778,9.055555556,8.778888889
1847400,11.43333333,9.388888889,9.077777778,8.784444444
1848000,11.5,9.5,9.1,8.79
1848600,11.4875,9.475,9.1025,8.78
1849200,11.475,9.45,9.105,8.77
1849800,11.4625,9.425,9.1075,8.76
1850400,11.45,9.4,9.11,8.75
1851000,11.4375,9.375,9.1125,8.74
1851600,11.425,9.35,9.115,8.73
1852200,11.4125,9.325,9.1175,8.72
1852800,11.4,9.3,9.12,8.71
1853400,11.3875,9.3075,9.08125,8.71125
1854000,11.375,9.315,9.0425,8.7125
1854600,11.3625,9.3225,9.00375,8.71375
1855200,11.35,9.33,8.965,8.715
1855800,11.3375,9.3375,8.92625,8.71625
1856400,11.325,9.345,8.8875,8.7175
1857000,11.3125,9.3525,8.84875,8.71875
1857600,11.3,9.36,8.81,8.72
1858200,11.25555556,9.257777778,8.777777778,8.658888889
1858800,11.21111111,9.155555556,8.745555556,8.597777778
1859400,11.16666667,9.053333333,8.713333333,8.536666667
1860000,11.12222222,8.951111111,8.681111111,8.475555556
1860600,11.07777778,8.848888889,8.648888889,8.414444444
1861200,11.03333333,8.746666667,8.616666667,8.353333333
1861800,10.98888889,8.644444444,8.584444444,8.292222222
1862400,10.94444444,8.542222222,8.552222222,8.231111111
1863000,10.9,8.44,8.52,8.17
1863600,10.16625,8.10625,8.46,7.63
1864200,9.4325,7.7725,8.4,7.09
1864800,8.69875,7.43875,8.34,6.55
1865400,7.965,7.105,8.28,6.01
1866000,7.23125,6.77125,8.22,5.47
1866600,6.4975,6.4375,8.16,4.93
1867200,5.76375,6.10375,8.1,4.39
1867800,5.03,5.77,8.04,3.85
1868400,5.065,5.79375,8.00625,3.84375
1869000,5.1,5.8175,7.9725,3.8375
1869600,5.135,5.84125,7.93875,3.83125
1870200,5.17,5.865,7.905,3.825
1870800,5.205,5.88875,7.87125,3.81875
1871400,5.24,5.9125,7.8375,3.8125
1872000,5.275,5.93625,7.80375,3.80625
1872600,5.31,5.96,7.77,3.8
1873200,6.05875,6.23875,7.75625,4.4775
1873800,6.8075,6.5175,7.7425,5.155
1874400,7.55625,6.79625,7.72875,5.8325
1875000,8.305,7.075,7.715,6.51
1875600,9.05375,7.35375,7.70125,7.1875
1876200,9.8025,7.6325,7.6875,7.865
1876800,10.55125,7.91125,7.67375,8.5425
1877400,11.3,8.19,7.66,9.22
1878000,11.24444444,8.535555556,7.608888889,9.44
1878600,11.18888889,8.881111111,7.557777778,9.66
1879200,11.13333333,9.226666667,7.506666667,9.88
1879800,11.07777778,9.572222222,7.455555556,10.1
1880400,11.02222222,9.917777778,7.404444444,10.32
1881000,10.96666667,10.26333333,7.353333333,10.54
1881600,10.91111111,10.60888889,7.302222222,10.76
1882200,10.85555556,10.95444444,7.251111111,10.98
1882800,10.8,11.3,7.2,11.2
1883400,10.825,11.2875,7.39375,11.3
1884000,10.85,11.275,7.5875,11.4
1884600,10.875,11.2625,7.78125,11.5
1885200,10.9,11.25,7.975,11.6
1885800,10.925,11.2375,8.16875,11.7
1886400,10.95,11.225,8.3625,11.8
1887000,10.975,11.2125,8.55625,11.9
1887600,11,11.2,8.75,12
1888200,11.0125,11.2625,8.6875,12.0625
1888800,11.025,11.325,8.625,12.125
1889400,11.0375,11.3875,8.5625,12.1875
1890000,11.05,11.45,8.5,12.25
1890600,11.0625,11.5125,8.4375,12.3125
1891200,11.075,11.575,8.375,12.375
1891800,11.0875,11.6375,8.3125,12.4375
1892400,11.1,11.7,8.25,12.5
1893000,11.1,11.72222222,8.181111111,12.53333333
1893600,11.1,11.74444444,8.112222222,12.56666667
1894200,11.1,11.76666667,8.043333333,12.6
1894800,11.1,11.78888889,7.974444444,12.63333333
1895400,11.1,11.81111111,7.905555556,12.66666667
1896000,11.1,11.83333333,7.836666667,12.7
1896600,11.1,11.85555556,7.767777778,12.73333333
1897200,11.1,11.87777778,7.698888889,12.76666667
1897800,11.1,11.9,7.63,12.8
1898400,11.1,11.9125,7.67,12.7625
1899000,11.1,11.925,7.71,12.725
1899600,11.1,11.9375,7.75,12.6875
1900200,11.1,11.95,7.79,12.65
1900800,11.1,11.9625,7.83,12.6125
1901400,11.1,11.975,7.87,12.575
1902000,11.1,11.9875,7.91,12.5375
1902600,11.1,12,7.95,12.5
1903200,11.125,12.0125,8.05375,12.5125
1903800,11.15,12.025,8.1575,12.525
1904400,11.175,12.0375,8.26125,12.5375
1905000,11.2,12.05,8.365,12.55
1905600,11.225,12.0625,8.46875,12.5625
1906200,11.25,12.075,8.5725,12.575
1906800,11.275,12.0875,8.67625,12.5875
1907400,11.3,12.1,8.78,12.6
1908000,11.31111111,12.1,8.721111111,12.51111111
1908600,11.32222222,12.1,8.662222222,12.42222222
1909200,11.33333333,12.1,8.603333333,12.33333333
1909800,11.34444444,12.1,8.544444444,12.24444444
1910400,11.35555556,12.1,8.485555556,12.15555556
1911000,11.36666667,12.1,8.426666667,12.06666667
1911600,11.37777778,12.1,8.367777778,11.97777778
1912200,11.38888889,12.1,8.308888889,11.88888889
1912800,11.4,12.1,8.25,11.8
1913400,11.4125,12.1125,8.27375,11.9375
1914000,11.425,12.125,8.2975,12.075
1914600,11.4375,12.1375,8.32125,12.2125
1915200,11.45,12.15,8.345,12.35
1915800,11.4625,12.1625,8.36875,12.4875
1916400,11.475,12.175,8.3925,12.625
1917000,11.4875,12.1875,8.41625,12.7625
1917600,11.5,12.2,8.44,12.9
1918200,11.5125,12.2,8.40375,12.8875
1918800,11.525,12.2,8.3675,12.875
1919400,11.5375,12.2,8.33125,12.8625
1920000,11.55,12.2,8.295,12.85
1920600,11.5625,12.2,8.25875,12.8375
1921200,11.575,12.2,8.2225,12.825
1921800,11.5875,12.2,8.18625,12.8125
1922400,11.6,12.2,8.15,12.8
1923000,11.6,12.2,8.2125,12.8125
1923600,11.6,12.2,8.275,12.825
1924200,11.6,12.2,8.3375,12.8375
1924800,11.6,12.2,8.4,12.85
1925400,11.6,12.2,8.4625,12.8625
1926000,11.6,12.2,8.525,12.875
1926600,11.6,12.2,8.5875,12.8875
1927200,11.6,12.2,8.65,12.9
1927800,11.37444444,11.94111111,8.645555556,12.81111111
1928400,11.14888889,11.68222222,8.641111111,12.72222222
1929000,10.92333333,11.42333333,8.636666667,12.63333333
1929600,10.69777778,11.16444444,8.632222222,12.54444444
1930200,10.47222222,10.90555556,8.627777778,12.45555556
1930800,10.24666667,10.64666667,8.623333333,12.36666667
1931400,10.02111111,10.38777778,8.618888889,12.27777778
1932000,9.795555556,10.12888889,8.614444444,12.18888889
1932600,9.57,9.87,8.61,12.1
1933200,9.15375,9.40875,8.6125,11.9
1933800,8.7375,8.9475,8.615,11.7
1934400,8.32125,8.48625,8.6175,11.5
1935000,7.905,8.025,8.62,11.3
1935600,7.48875,7.56375,8.6225,11.1
1936200,7.0725,7.1025,8.625,10.9
1936800,6.65625,6.64125,8.6275,10.7
1937400,6.24,6.18,8.63,10.5
1938000,6.21875,6.13375,8.62,10.5
1938600,6.1975,6.0875,8.61,10.5
1939200,6.17625,6.04125,8.6,10.5
1939800,6.155,5.995,8.59,10.5
1940400,6.13375,5.94875,8.58,10.5
1941000,6.1125,5.9025,8.57,10.5
1941600,6.09125,5.85625,8.56,10.5
1942200,6.07,5.81,8.55,10.5
1942800,6.057777778,5.813333333,8.535555556,10.54444444
1943400,6.045555556,5.816666667,8.521111111,10.58888889
1944000,6.033333333,5.82,8.506666667,10.63333333
1944600,6.021111111,5.823333333,8.492222222,10.67777778
1945200,6.008888889,5.826666667,8.477777778,10.72222222
1945800,5.996666667,5.83,8.463333333,10.76666667
1946400,5.984444444,5.833333333,8.448888889,10.81111111
1947000,5.972222222,5.836666667,8.434444444,10.85555556
1947600,5.96,5.84,8.42,10.9
1948200,5.95625,5.82875,8.41625,10.9
1948800,5.9525,5.8175,8.4125,10.9
1949400,5.94875,5.80625,8.40875,10.9
1950000,5.945,5.795,8.405,10.9
1950600,5.94125,5.78375,8.40125,10.9
1951200,5.9375,5.7725,8.3975,10.9
1951800,5.93375,5.76125,8.39375,10.9
1952400,5.93,5.75,8.39,10.9
1953000,5.9325,5.74875,8.3875,10.9
1953600,5.935,5.7475,8.385,10.9
1954200,5.9375,5.74625,8.3825,10.9
1954800,5.94,5.745,8.38,10.9
1955400,5.9425,5.74375,8.3775,10.9
1956000,5.945,5.7425,8.375,10.9
1956600,5.9475,5.74125,8.3725,10.9
1957200,5.95,5.74,8.37,10.9
1957800,6.433333333,6.291111111,8.378888889,11.06666667
1958400,6.916666667,6.842222222,8.387777778,11.23333333
1959000,7.4,7.393333333,8.396666667,11.4
1959600,7.883333333,7.944444444,8.405555556,11.56666667
1960200,8.366666667,8.495555556,8.414444444,11.73333333
1960800,8.85,9.046666667,8.423333333,11.9
1961400,9.333333333,9.597777778,8.432222222,12.06666667
1962000,9.816666667,10.14888889,8.441111111,12.23333333
1962600,10.3,10.7,8.45,12.4
1963200,10.45,10.8875,8.45375,12.4625
1963800,10.6,11.075,8.4575,12.525
1964400,10.75,11.2625,8.46125,12.5875
1965000,10.9,11.45,8.465,12.65
1965600,11.05,11.6375,8.46875,12.7125
1966200,11.2,11.825,8.4725,12.775
1966800,11.35,12.0125,8.47625,12.8375
1967400,11.5,12.2,8.48,12.9
1968000,11.5,12.2,8.515,12.9
1968600,11.5,12.2,8.55,12.9
1969200,11.5,12.2,8.585,12.9
1969800,11.5,12.2,8.62,12.9
1970400,11.5,12.2,8.655,12.9
1971000,11.5,12.2,8.69,12.9
1971600,11.5,12.2,8.725,12.9
1972200,11.5,12.2,8.76,12.9
1972800,11.4875,12.2125,8.6825,12.9
1973400,11.475,12.225,8.605,12.9
1974000,11.4625,12.2375,8.5275,12.9
1974600,11.45,12.25,8.45,12.9
1975200,11.4375,12.2625,8.3725,12.9
1975800,11.425,12.275,8.295,12.9
1976400,11.4125,12.2875,8.2175,12.9
1977000,11.4,12.3,8.14,12.9
1977600,11.41111111,12.27777778,8.133333333,12.9
1978200,11.42222222,12.25555556,8.126666667,12.9
1978800,11.43333333,12.23333333,8.12,12.9
1979400,11.44444444,12.21111111,8.113333333,12.9
1980000,11.45555556,12.18888889,8.106666667,12.9
1980600,11.46666667,12.16666667,8.1,12.9
1981200,11.47777778,12.14444444,8.093333333,12.9
1981800,11.48888889,12.12222222,8.086666667,12.9
1982400,11.5,12.1,8.08,12.9
1983000,11.4875,12.1,8.11125,12.9
1983600,11.475,12.1,8.1425,12.9
1984200,11.4625,12.1,8.17375,12.9
1984800,11.45,12.1,8.205,12.9
1985400,11.4375,12.1,8.23625,12.9
1986000,11.425,12.1,8.2675,12.9
1986600,11.4125,12.1,8.29875,12.9
1987200,11.4,12.1,8.33,12.9
1987800,11.375,12.1,8.2825,12.9
1988400,11.35,12.1,8.235,12.9
1989000,11.325,12.1,8.1875,12.9
1989600,11.3,12.1,8.14,12.9
1990200,11.275,12.1,8.0925,12.9
1990800,11.25,12.1,8.045,12.9
1991400,11.225,12.1,7.9975,12.9
1992000,11.2,12.1,7.95,12.9
1992600,11.21111111,12.1,7.877777778,12.88888889
1993200,11.22222222,12.1,7.805555556,12.87777778
1993800,11.23333333,12.1,7.733333333,12.86666667
1994400,11.24444444,12.1,7.661111111,12.85555556
1995000,11.25555556,12.1,7.588888889,12.84444444
1995600,11.26666667,12.1,7.516666667,12.83333333
1996200,11.27777778,12.1,7.444444444,12.82222222
1996800,11.28888889,12.1,7.372222222,12.81111111
1997400,11.3,12.1,7.3,12.8
1998000,11.2625,12.075,7.29,12.8
1998600,11.225,12.05,7.28,12.8
1999200,11.1875,12.025,7.27,12.8
1999800,11.15,12,7.26,12.8
2000400,11.1125,11.975,7.25,12.8
2001000,11.075,11.95,7.24,12.8
2001600,11.0375,11.925,7.23,12.8
2002200,11,11.9,7.22,12.8
2002800,11.0375,11.925,7.22,12.8
2003400,11.075,11.95,7.22,12.8
2004000,11.1125,11.975,7.22,12.8
2004600,11.15,12,7.22,12.8
2005200,11.1875,12.025,7.22,12.8
2005800,11.225,12.05,7.22,12.8
2006400,11.2625,12.075,7.22,12.8
2007000,11.3,12.1,7.22,12.8
2007600,11.28888889,12.07777778,7.224444444,12.77777778
2008200,11.27777778,12.05555556,7.228888889,12.75555556
2008800,11.26666667,12.03333333,7.233333333,12.73333333
2009400,11.25555556,12.01111111,7.237777778,12.71111111
2010000,11.24444444,11.98888889,7.242222222,12.68888889
2010600,11.23333333,11.96666667,7.246666667,12.66666667
2011200,11.22222222,11.94444444,7.251111111,12.64444444
2011800,11.21111111,11.92222222,7.255555556,12.62222222
2012400,11.2,11.9,7.26,12.6
2013000,10.30375,11.1075,7.225,11.675
2013600,9.4075,10.315,7.19,10.75
2014200,8.51125,9.5225,7.155,9.825
2014800,7.615,8.73,7.12,8.9
2015400,6.71875,7.9375,7.085,7.975
2016000,5.8225,7.145,7.05,7.05
2016600,4.92625,6.3525,7.015,6.125
2017200,4.03,5.56,6.98,5.2
2017800,4.07875,5.6325,6.9925,5.13
2018400,4.1275,5.705,7.005,5.06
2019000,4.17625,5.7775,7.0175,4.99
2019600,4.225,5.85,7.03,4.92
2020200,4.27375,5.9225,7.0425,4.85
2020800,4.3225,5.995,7.055,4.78
2021400,4.37125,6.0675,7.0675,4.71
2022000,4.42,6.14,7.08,4.64
2022600,4.8725,6.47875,7.09,5.2425
2023200,5.325,6.8175,7.1,5.845
2023800,5.7775,7.15625,7.11,6.4475
2024400,6.23,7.495,7.12,7.05
2025000,6.6825,7.83375,7.13,7.6525
2025600,7.135,8.1725,7.14,8.255
2026200,7.5875,8.51125,7.15,8.8575
2026800,8.04,8.85,7.16,9.46
2027400,8.12,8.927777778,7.156666667,9.653333333
2028000,8.2,9.005555556,7.153333333,9.846666667
2028600,8.28,9.083333333,7.15,10.04
2029200,8.36,9.161111111,7.146666667,10.23333333
2029800,8.44,9.238888889,7.143333333,10.42666667
2030400,8.52,9.316666667,7.14,10.62
2031000,8.6,9.394444444,7.136666667,10.81333333
2031600,8.68,9.472222222,7.133333333,11.00666667
2032200,8.76,9.55,7.13,11.2
2032800,8.71875,9.59,7.11625,11.225
2033400,8.6775,9.63,7.1025,11.25
2034000,8.63625,9.67,7.08875,11.275
2034600,8.595,9.71,7.075,11.3
2035200,8.55375,9.75,7.06125,11.325
2035800,8.5125,9.79,7.0475,11.35
2036400,8.47125,9.83,7.03375,11.375
2037000,8.43,9.87,7.02,11.4
2037600,8.40625,9.8675,7.00875,11.3875
2038200,8.3825,9.865,6.9975,11.375
2038800,8.35875,9.8625,6.98625,11.3625
2039400,8.335,9.86,6.975,11.35
2040000,8.31125,9.8575,6.96375,11.3375
2040600,8.2875,9.855,6.9525,11.325
2041200,8.26375,9.8525,6.94125,11.3125
2041800,8.24,9.85,6.93,11.3
2042400,8.3,9.817777778,6.926666667,11.27777778
2043000,8.36,9.785555556,6.923333333,11.25555556
2043600,8.42,9.753333333,6.92,11.23333333
2044200,8.48,9.721111111,6.916666667,11.21111111
2044800,8.54,9.688888889,6.913333333,11.18888889
2045400,8.6,9.656666667,6.91,11.16666667
2046000,8.66,9.624444444,6.906666667,11.14444444
2046600,8.72,9.592222222,6.903333333,11.12222222
2047200,8.78,9.56,6.9,11.1
2047800,8.97,9.64,6.92875,11.1375
2048400,9.16,9.72,6.9575,11.175
2049000,9.35,9.8,6.98625,11.2125
2049600,9.54,9.88,7.015,11.25
2050200,9.73,9.96,7.04375,11.2875
2050800,9.92,10.04,7.0725,11.325
2051400,10.11,10.12,7.10125,11.3625
2052000,10.3,10.2,7.13,11.4
2052600,10.3125,10.2125,7.15125,11.4
2053200,10.325,10.225,7.1725,11.4
2053800,10.3375,10.2375,7.19375,11.4
2054400,10.35,10.25,7.215,11.4
2055000,10.3625,10.2625,7.23625,11.4
2055600,10.375,10.275,7.2575,11.4
2056200,10.3875,10.2875,7.27875,11.4
2056800,10.4,10.3,7.3,11.4
2057400,10.44444444,10.32222222,7.286666667,11.54444444
2058000,10.48888889,10.34444444,7.273333333,11.68888889
2058600,10.53333333,10.36666667,7.26,11.83333333
2059200,10.57777778,10.38888889,7.246666667,11.97777778
2059800,10.62222222,10.41111111,7.233333333,12.12222222
2060400,10.66666667,10.43333333,7.22,12.26666667
2061000,10.71111111,10.45555556,7.206666667,12.41111111
2061600,10.75555556,10.47777778,7.193333333,12.55555556
2062200,10.8,10.5,7.18,12.7
2062800,10.7875,10.4875,7.215,12.675
2063400,10.775,10.475,7.25,12.65
2064000,10.7625,10.4625,7.285,12.625
2064600,10.75,10.45,7.32,12.6
2065200,10.7375,10.4375,7.355,12.575
2065800,10.725,10.425,7.39,12.55
2066400,10.7125,10.4125,7.425,12.525
2067000,10.7,10.4,7.46,12.5
2067600,10.555,10.3625,7.38875,12.35
2068200,10.41,10.325,7.3175,12.2
2068800,10.265,10.2875,7.24625,12.05
2069400,10.12,10.25,7.175,11.9
2070000,9.975,10.2125,7.10375,11.75
2070600,9.83,10.175,7.0325,11.6
2071200,9.685,10.1375,6.96125,11.45
2071800,9.54,10.1,6.89,11.3
2072400,9.2475,9.6525,6.81,11.09
2073000,8.955,9.205,6.73,10.88
2073600,8.6625,8.7575,6.65,10.67
2074200,8.37,8.31,6.57,10.46
2074800,8.0775,7.8625,6.49,10.25
2075400,7.785,7.415,6.41,10.04
2076000,7.4925,6.9675,6.33,9.83
2076600,7.2,6.52,6.25,9.62
2077200,7.533333333,6.502222222,6.235555556,9.862222222
2077800,7.866666667,6.484444444,6.221111111,10.10444444
2078400,8.2,6.466666667,6.206666667,10.34666667
2079000,8.533333333,6.448888889,6.192222222,10.58888889
2079600,8.866666667,6.431111111,6.177777778,10.83111111
2080200,9.2,6.413333333,6.163333333,11.07333333
2080800,9.533333333,6.395555556,6.148888889,11.31555556
2081400,9.866666667,6.377777778,6.134444444,11.55777778
2082000,10.2,6.36,6.12,11.8
2082600,10.2,6.41,6.04125,11.8125
2083200,10.2,6.46,5.9625,11.825
2083800,10.2,6.51,5.88375,11.8375
2084400,10.2,6.56,5.805,11.85
2085000,10.2,6.61,5.72625,11.8625
2085600,10.2,6.66,5.6475,11.875
2086200,10.2,6.71,5.56875,11.8875
2086800,10.2,6.76,5.49,11.9
2087400,10.16125,6.7525,5.40625,11.875
2088000,10.1225,6.745,5.3225,11.85
2088600,10.08375,6.7375,5.23875,11.825
2089200,10.045,6.73,5.155,11.8
2089800,10.00625,6.7225,5.07125,11.775
2090400,9.9675,6.715,4.9875,11.75
2091000,9.92875,6.7075,4.90375,11.725
2091600,9.89,6.7,4.82,11.7
2092200,9.778888889,6.671111111,4.835555556,11.68888889
2092800,9.667777778,6.642222222,4.851111111,11.67777778
2093400,9.556666667,6.613333333,4.866666667,11.66666667
2094000,9.445555556,6.584444444,4.882222222,11.65555556
2094600,9.334444444,6.555555556,4.897777778,11.64444444
2095200,9.223333333,6.526666667,4.913333333,11.63333333
2095800,9.112222222,6.497777778,4.928888889,11.62222222
2096400,9.001111111,6.468888889,4.944444444,11.61111111
2097000,8.89,6.44,4.96,11.6
2097600,8.84625,6.3775,4.94625,11.6
2098200,8.8025,6.315,4.9325,11.6
2098800,8.75875,6.2525,4.91875,11.6
2099400,8.715,6.19,4.905,11.6
2100000,8.67125,6.1275,4.89125,11.6
2100600,8.6275,6.065,4.8775,11.6
2101200,8.58375,6.0025,4.86375,11.6
2101800,8.54,5.94,4.85,11.6
2102400,8.51875,5.93375,4.8325,11.6125
2103000,8.4975,5.9275,4.815,11.625
2103600,8.47625,5.92125,4.7975,11.6375
2104200,8.455,5.915,4.78,11.65
2104800,8.43375,5.90875,4.7625,11.6625
2105400,8.4125,5.9025,4.745,11.675
2106000,8.39125,5.89625,4.7275,11.6875
2106600,8.37,5.89,4.71,11.7
2107200,8.342222222,5.89,4.681111111,11.72222222
2107800,8.314444444,5.89,4.652222222,11.74444444
2108400,8.286666667,5.89,4.623333333,11.76666667
2109000,8.258888889,5.89,4.594444444,11.78888889
2109600,8.231111111,5.89,4.565555556,11.81111111
2110200,8.203333333,5.89,4.536666667,11.83333333
2110800,8.175555556,5.89,4.507777778,11.85555556
2111400,8.147777778,5.89,4.478888889,11.87777778
2112000,8.12,5.89,4.45,11.9
2112600,8.12,5.87625,4.45125,11.9
2113200,8.12,5.8625,4.4525,11.9
2113800,8.12,5.84875,4.45375,11.9
2114400,8.12,5.835,4.455,11.9
2115000,8.12,5.82125,4.45625,11.9
2115600,8.12,5.8075,4.4575,11.9
2116200,8.12,5.79375,4.45875,11.9
2116800,8.12,5.78,4.46,11.9
2117400,8.0725,5.7725,4.45875,11.7375
2118000,8.025,5.765,4.4575,11.575
2118600,7.9775,5.7575,4.45625,11.4125
2119200,7.93,5.75,4.455,11.25
2119800,7.8825,5.7425,4.45375,11.0875
2120400,7.835,5.735,4.4525,10.925
2121000,7.7875,5.7275,4.45125,10.7625
2121600,7.74,5.72,4.45,10.6
2122200,7.405,5.68875,4.4525,9.90875
2122800,7.07,5.6575,4.455,9.2175
2123400,6.735,5.62625,4.4575,8.52625
2124000,6.4,5.595,4.46,7.835
2124600,6.065,5.56375,4.4625,7.14375
2125200,5.73,5.5325,4.465,6.4525
2125800,5.395,5.50125,4.4675,5.76125
2126400,5.06,5.47,4.47,5.07
2127000,4.815555556,5.496666667,4.488888889,4.998888889
2127600,4.571111111,5.523333333,4.507777778,4.927777778
2128200,4.326666667,5.55,4.526666667,4.856666667
2128800,4.082222222,5.576666667,4.545555556,4.785555556
2129400,3.837777778,5.603333333,4.564444444,4.714444444
2130000,3.593333333,5.63,4.583333333,4.643333333
2130600,3.348888889,5.656666667,4.602222222,4.572222222
2131200,3.104444444,5.683333333,4.621111111,4.501111111
2131800,2.86,5.71,4.64,4.43
2132400,2.85,5.74875,4.63125,4.41125
2133000,2.84,5.7875,4.6225,4.3925
2133600,2.83,5.82625,4.61375,4.37375
2134200,2.82,5.865,4.605,4.355
2134800,2.81,5.90375,4.59625,4.33625
2135400,2.8,5.9425,4.5875,4.3175
2136000,2.79,5.98125,4.57875,4.29875
2136600,2.78,6.02,4.57,4.28
2137200,2.77625,6.02875,4.49875,4.29
2137800,2.7725,6.0375,4.4275,4.3
2138400,2.76875,6.04625,4.35625,4.31
2139000,2.765,6.055,4.285,4.32
2139600,2.76125,6.06375,4.21375,4.33
2140200,2.7575,6.0725,4.1425,4.34
2140800,2.75375,6.08125,4.07125,4.35
2141400,2.75,6.09,4,4.36
2142000,2.752222222,6.083333333,3.996666667,4.347777778
2142600,2.754444444,6.076666667,3.993333333,4.335555556
2143200,2.756666667,6.07,3.99,4.323333333
2143800,2.758888889,6.063333333,3.986666667,4.311111111
2144400,2.761111111,6.056666667,3.983333333,4.298888889
2145000,2.763333333,6.05,3.98,4.286666667
2145600,2.765555556,6.043333333,3.976666667,4.274444444
2146200,2.767777778,6.036666667,3.973333333,4.262222222
2146800,2.77,6.03,3.97,4.25
2147400,2.7725,6.03125,4.0275,4.2675
2148000,2.775,6.0325,4.085,4.285
2148600,2.7775,6.03375,4.1425,4.3025
2149200,2.78,6.035,4.2,4.32
2149800,2.7825,6.03625,4.2575,4.3375
2150400,2.785,6.0375,4.315,4.355
2151000,2.7875,6.03875,4.3725,4.3725
2151600,2.79,6.04,4.43,4.39
2152200,2.785,6.075,4.4,4.3725
2152800,2.78,6.11,4.37,4.355
2153400,2.775,6.145,4.34,4.3375
2154000,2.77,6.18,4.31,4.32
2154600,2.765,6.215,4.28,4.3025
2155200,2.76,6.25,4.25,4.285
2155800,2.755,6.285,4.22,4.2675
2156400,2.75,6.32,4.19,4.25
2157000,2.746666667,6.462222222,4.178888889,4.246666667
2157600,2.743333333,6.604444444,4.167777778,4.243333333
2158200,2.74,6.746666667,4.156666667,4.24
2158800,2.736666667,6.888888889,4.145555556,4.236666667
2159400,2.733333333,7.031111111,4.134444444,4.233333333
2160000,2.73,7.173333333,4.123333333,4.23
2160600,2.726666667,7.315555556,4.112222222,4.226666667
2161200,2.723333333,7.457777778,4.101111111,4.223333333
2161800,2.72,7.6,4.09,4.22
2162400,2.6975,7.38875,4.09375,4.22125
2163000,2.675,7.1775,4.0975,4.2225
2163600,2.6525,6.96625,4.10125,4.22375
2164200,2.63,6.755,4.105,4.225
2164800,2.6075,6.54375,4.10875,4.22625
2165400,2.585,6.3325,4.1125,4.2275
2166000,2.5625,6.12125,4.11625,4.22875
2166600,2.54,5.91,4.12,4.23
2167200,2.53875,5.92875,4.1225,4.20875
2167800,2.5375,5.9475,4.125,4.1875
2168400,2.53625,5.96625,4.1275,4.16625
2169000,2.535,5.985,4.13,4.145
2169600,2.53375,6.00375,4.1325,4.12375
2170200,2.5325,6.0225,4.135,4.1025
2170800,2.53125,6.04125,4.1375,4.08125
2171400,2.53,6.06,4.14,4.06
2172000,2.50625,6.11125,4.155,4.0425
2172600,2.4825,6.1625,4.17,4.025
2173200,2.45875,6.21375,4.185,4.0075
2173800,2.435,6.265,4.2,3.99
2174400,2.41125,6.31625,4.215,3.9725
2175000,2.3875,6.3675,4.23,3.955
2175600,2.36375,6.41875,4.245,3.9375
2176200,2.34,6.47,4.26,3.92
2176800,2.414444444,6.502222222,4.29,3.982222222
2177400,2.488888889,6.534444444,4.32,4.044444444
2178000,2.563333333,6.566666667,4.35,4.106666667
2178600,2.637777778,6.598888889,4.38,4.168888889
2179200,2.712222222,6.631111111,4.41,4.231111111
2179800,2.786666667,6.663333333,4.44,4.293333333
2180400,2.861111111,6.695555556,4.47,4.355555556
2181000,2.935555556,6.727777778,4.5,4.417777778
2181600,3.01,6.76,4.53,4.48
2182200,4.05875,7.265,4.50375,5.4825
2182800,5.1075,7.77,4.4775,6.485
2183400,6.15625,8.275,4.45125,7.4875
2184000,7.205,8.78,4.425,8.49
2184600,8.25375,9.285,4.39875,9.4925
2185200,9.3025,9.79,4.3725,10.495
2185800,10.35125,10.295,4.34625,11.4975
2186400,11.4,10.8,4.32,12.5
2187000,11.4,10.95,4.34,12.5
2187600,11.4,11.1,4.36,12.5
2188200,11.4,11.25,4.38,12.5
2188800,11.4,11.4,4.4,12.5
2189400,11.4,11.55,4.42,12.5
2190000,11.4,11.7,4.44,12.5
2190600,11.4,11.85,4.46,12.5
2191200,11.4,12,4.48,12.5
2191800,11.4,12.01111111,4.482222222,12.5
2192400,11.4,12.02222222,4.484444444,12.5
2193000,11.4,12.03333333,4.486666667,12.5
2193600,11.4,12.04444444,4.488888889,12.5
2194200,11.4,12.05555556,4.491111111,12.5
2194800,11.4,12.06666667,4.493333333,12.5
2195400,11.4,12.07777778,4.495555556,12.5
2196000,11.4,12.08888889,4.497777778,12.5
2196600,11.4,12.1,4.5,12.5
2197200,11.4,12.0875,4.49875,12.4875
2197800,11.4,12.075,4.4975,12.475
2198400,11.4,12.0625,4.49625,12.4625
2199000,11.4,12.05,4.495,12.45
2199600,11.4,12.0375,4.49375,12.4375
2200200,11.4,12.025,4.4925,12.425
2200800,11.4,12.0125,4.49125,12.4125
2201400,11.4,12,4.49,12.4
2202000,11.2875,11.95,4.49375,12.275
2202600,11.175,11.9,4.4975,12.15
2203200,11.0625,11.85,4.50125,12.025
2203800,10.95,11.8,4.505,11.9
2204400,10.8375,11.75,4.50875,11.775
2205000,10.725,11.7,4.5125,11.65
2205600,10.6125,11.65,4.51625,11.525
2206200,10.5,11.6,4.52,11.4
2206800,9.682222222,10.99,4.514444444,10.59444444
2207400,8.864444444,10.38,4.508888889,9.788888889
2208000,8.046666667,9.77,4.503333333,8.983333333
2208600,7.228888889,9.16,4.497777778,8.177777778
2209200,6.411111111,8.55,4.492222222,7.372222222
2209800,5.593333333,7.94,4.486666667,6.566666667
2210400,4.775555556,7.33,4.481111111,5.761111111
2211000,3.957777778,6.72,4.475555556,4.955555556
2211600,3.14,6.11,4.47,4.15
2212200,2.985,5.87875,4.46375,4.04125
2212800,2.83,5.6475,4.4575,3.9325
2213400,2.675,5.41625,4.45125,3.82375
2214000,2.52,5.185,4.445,3.715
2214600,2.365,4.95375,4.43875,3.60625
2215200,2.21,4.7225,4.4325,3.4975
2215800,2.055,4.49125,4.42625,3.38875
2216400,1.9,4.26,4.42,3.28
2217000,1.9,4.25,4.42,3.2825
2217600,1.9,4.24,4.42,3.285
2218200,1.9,4.23,4.42,3.2875
2218800,1.9,4.22,4.42,3.29
2219400,1.9,4.21,4.42,3.2925
2220000,1.9,4.2,4.42,3.295
2220600,1.9,4.19,4.42,3.2975
2221200,1.9,4.18,4.42,3.3
2221800,2.66,4.78375,4.4275,3.995
2222400,3.42,5.3875,4.435,4.69
2223000,4.18,5.99125,4.4425,5.385
2223600,4.94,6.595,4.45,6.08
2224200,5.7,7.19875,4.4575,6.775
2224800,6.46,7.8025,4.465,7.47
2225400,7.22,8.40625,4.4725,8.165
2226000,7.98,9.01,4.48,8.86
2226600,8.348888889,9.331111111,4.477777778,9.197777778
2227200,8.717777778,9.652222222,4.475555556,9.535555556
2227800,9.086666667,9.973333333,4.473333333,9.873333333
2228400,9.455555556,10.29444444,4.471111111,10.21111111
2229000,9.824444444,10.61555556,4.468888889,10.54888889
2229600,10.19333333,10.93666667,4.466666667,10.88666667
2230200,10.56222222,11.25777778,4.464444444,11.22444444
2230800,10.93111111,11.57888889,4.462222222,11.56222222
2231400,11.3,11.9,4.46,11.9
2232000,11.15,11.7875,4.41,11.7625
2232600,11,11.675,4.36,11.625
2233200,10.85,11.5625,4.31,11.4875
2233800,10.7,11.45,4.26,11.35
2234400,10.55,11.3375,4.21,11.2125
2235000,10.4,11.225,4.16,11.075
2235600,10.25,11.1125,4.11,10.9375
2236200,10.1,11,4.06,10.8
2236800,9.17875,10.16625,4.0425,9.94125
2237400,8.2575,9.3325,4.025,9.0825
2238000,7.33625,8.49875,4.0075,8.22375
2238600,6.415,7.665,3.99,7.365
2239200,5.49375,6.83125,3.9725,6.50625
2239800,4.5725,5.9975,3.955,5.6475
2240400,3.65125,5.16375,3.9375,4.78875
2241000,2.73,4.33,3.92,3.93
2241600,2.683333333,4.612222222,3.918888889,3.883333333
2242200,2.636666667,4.894444444,3.917777778,3.836666667
2242800,2.59,5.176666667,3.916666667,3.79
2243400,2.543333333,5.458888889,3.915555556,3.743333333
2244000,2.496666667,5.741111111,3.914444444,3.696666667
2244600,2.45,6.023333333,3.913333333,3.65
2245200,2.403333333,6.305555556,3.912222222,3.603333333
2245800,2.356666667,6.587777778,3.911111111,3.556666667
2246400,2.31,6.87,3.91,3.51
2247000,2.31125,6.94875,3.88625,3.52625
2247600,2.3125,7.0275,3.8625,3.5425
2248200,2.31375,7.10625,3.83875,3.55875
2248800,2.315,7.185,3.815,3.575
2249400,2.31625,7.26375,3.79125,3.59125
2250000,2.3175,7.3425,3.7675,3.6075
2250600,2.31875,7.42125,3.74375,3.62375
2251200,2.32,7.5,3.72,3.64
2251800,2.31875,7.35625,3.695,3.61125
2252400,2.3175,7.2125,3.67,3.5825
2253000,2.31625,7.06875,3.645,3.55375
2253600,2.315,6.925,3.62,3.525
2254200,2.31375,6.78125,3.595,3.49625
2254800,2.3125,6.6375,3.57,3.4675
2255400,2.31125,6.49375,3.545,3.43875
2256000,2.31,6.35,3.52,3.41
2256600,2.311111111,6.304444444,3.52,3.408888889
2257200,2.312222222,6.258888889,3.52,3.407777778
2257800,2.313333333,6.213333333,3.52,3.406666667
2258400,2.314444444,6.167777778,3.52,3.405555556
2259000,2.315555556,6.122222222,3.52,3.404444444
2259600,2.316666667,6.076666667,3.52,3.403333333
2260200,2.317777778,6.031111111,3.52,3.402222222
2260800,2.318888889,5.985555556,3.52,3.401111111
2261400,2.32,5.94,3.52,3.4
2262000,2.31875,5.945,3.52,3.39875
2262600,2.3175,5.95,3.52,3.3975
2263200,2.31625,5.955,3.52,3.39625
2263800,2.315,5.96,3.52,3.395
2264400,2.31375,5.965,3.52,3.39375
2265000,2.3125,5.97,3.52,3.3925
2265600,2.31125,5.975,3.52,3.39125
2266200,2.31,5.98,3.52,3.39
2266800,2.31,5.98625,3.5175,3.3925
2267400,2.31,5.9925,3.515,3.395
2268000,2.31,5.99875,3.5125,3.3975
2268600,2.31,6.005,3.51,3.4
2269200,2.31,6.01125,3.5075,3.4025
2269800,2.31,6.0175,3.505,3.405
2270400,2.31,6.02375,3.5025,3.4075
2271000,2.31,6.03,3.5,3.41
2271600,2.85,6.15375,3.47375,3.955
2272200,3.39,6.2775,3.4475,4.5
2272800,3.93,6.40125,3.42125,5.045
2273400,4.47,6.525,3.395,5.59
2274000,5.01,6.64875,3.36875,6.135
2274600,5.55,6.7725,3.3425,6.68
2275200,6.09,6.89625,3.31625,7.225
2275800,6.63,7.02,3.29,7.77
2276400,6.928888889,7.191111111,3.446666667,8.073333333
2277000,7.227777778,7.362222222,3.603333333,8.376666667
2277600,7.526666667,7.533333333,3.76,8.68
2278200,7.825555556,7.704444444,3.916666667,8.983333333
2278800,8.124444444,7.875555556,4.073333333,9.286666667
2279400,8.423333333,8.046666667,4.23,9.59
2280000,8.722222222,8.217777778,4.386666667,9.893333333
2280600,9.021111111,8.388888889,4.543333333,10.19666667
2281200,9.32,8.56,4.7,10.5
2281800,9.365,8.65875,4.83875,10.55
2282400,9.41,8.7575,4.9775,10.6
2283000,9.455,8.85625,5.11625,10.65
2283600,9.5,8.955,5.255,10.7
2284200,9.545,9.05375,5.39375,10.75
2284800,9.59,9.1525,5.5325,10.8
2285400,9.635,9.25125,5.67125,10.85
2286000,9.68,9.35,5.81,10.9
2286600,9.7025,9.34625,5.71125,10.925
2287200,9.725,9.3425,5.6125,10.95
2287800,9.7475,9.33875,5.51375,10.975
2288400,9.77,9.335,5.415,11
2289000,9.7925,9.33125,5.31625,11.025
2289600,9.815,9.3275,5.2175,11.05
2290200,9.8375,9.32375,5.11875,11.075
2290800,9.86,9.32,5.02,11.1
2291400,9.874444444,9.314444444,5.005555556,11.1
2292000,9.888888889,9.308888889,4.991111111,11.1
2292600,9.903333333,9.303333333,4.976666667,11.1
2293200,9.917777778,9.297777778,4.962222222,11.1
2293800,9.932222222,9.292222222,4.947777778,11.1
2294400,9.946666667,9.286666667,4.933333333,11.1
2295000,9.961111111,9.281111111,4.918888889,11.1
2295600,9.975555556,9.275555556,4.904444444,11.1
2296200,9.99,9.27,4.89,11.1
2296800,9.99125,9.275,4.89125,11.1
2297400,9.9925,9.28,4.8925,11.1
2298000,9.99375,9.285,4.89375,11.1
2298600,9.995,9.29,4.895,11.1
2299200,9.99625,9.295,4.89625,11.1
2299800,9.9975,9.3,4.8975,11.1
2300400,9.99875,9.305,4.89875,11.1
2301000,10,9.31,4.9,11.1
2301600,10,9.58375,5.045,11.1
2302200,10,9.8575,5.19,11.1
2302800,10,10.13125,5.335,11.1
2303400,10,10.405,5.48,11.1
2304000,10,10.67875,5.625,11.1
2304600,10,10.9525,5.77,11.1
2305200,10,11.22625,5.915,11.1
2305800,10,11.5,6.06,11.1
2306400,10,11.5,6.062222222,11.1
2307000,10,11.5,6.064444444,11.1
2307600,10,11.5,6.066666667,11.1
2308200,10,11.5,6.068888889,11.1
2308800,10,11.5,6.071111111,11.1
2309400,10,11.5,6.073333333,11.1
2310000,10,11.5,6.075555556,11.1
2310600,10,11.5,6.077777778,11.1
2311200,10,11.5,6.08,11.1
2311800,9.99625,11.5,6.0975,11.1
2312400,9.9925,11.5,6.115,11.1
2313000,9.98875,11.5,6.1325,11.1
2313600,9.985,11.5,6.15,11.1
2314200,9.98125,11.5,6.1675,11.1
2314800,9.9775,11.5,6.185,11.1
2315400,9.97375,11.5,6.2025,11.1
2316000,9.97,11.5,6.22,11.1
2316600,9.9725,11.4875,6.27,11.1
2317200,9.975,11.475,6.32,11.1
2317800,9.9775,11.4625,6.37,11.1
2318400,9.98,11.45,6.42,11.1
2319000,9.9825,11.4375,6.47,11.1
2319600,9.985,11.425,6.52,11.1
2320200,9.9875,11.4125,6.57,11.1
2320800,9.99,11.4,6.62,11.1
2321400,9.99,11.1575,6.745,11.1
2322000,9.99,10.915,6.87,11.1
2322600,9.99,10.6725,6.995,11.1
2323200,9.99,10.43,7.12,11.1
2323800,9.99,10.1875,7.245,11.1
2324400,9.99,9.945,7.37,11.1
2325000,9.99,9.7025,7.495,11.1
2325600,9.99,9.46,7.62,11.1
2326200,9.981111111,9.491111111,7.552222222,11.1
2326800,9.972222222,9.522222222,7.484444444,11.1
2327400,9.963333333,9.553333333,7.416666667,11.1
2328000,9.954444444,9.584444444,7.348888889,11.1
2328600,9.945555556,9.615555556,7.281111111,11.1
2329200,9.936666667,9.646666667,7.213333333,11.1
2329800,9.927777778,9.677777778,7.145555556,11.1
2330400,9.918888889,9.708888889,7.077777778,11.1
2331000,9.91,9.74,7.01,11.1
2331600,9.92,9.96,6.90875,11.1
2332200,9.93,10.18,6.8075,11.1
2332800,9.94,10.4,6.70625,11.1
2333400,9.95,10.62,6.605,11.1
2334000,9.96,10.84,6.50375,11.1
2334600,9.97,11.06,6.4025,11.1
2335200,9.98,11.28,6.30125,11.1
2335800,9.99,11.5,6.2,11.1
2336400,9.98625,11.5125,6.19875,11.1
2337000,9.9825,11.525,6.1975,11.1
2337600,9.97875,11.5375,6.19625,11.1
2338200,9.975,11.55,6.195,11.1
2338800,9.97125,11.5625,6.19375,11.1
2339400,9.9675,11.575,6.1925,11.1
2340000,9.96375,11.5875,6.19125,11.1
2340600,9.96,11.6,6.19,11.1
2341200,9.962222222,11.57777778,6.151111111,11.1
2341800,9.964444444,11.55555556,6.112222222,11.1
2342400,9.966666667,11.53333333,6.073333333,11.1
2343000,9.968888889,11.51111111,6.034444444,11.1
2343600,9.971111111,11.48888889,5.995555556,11.1
2344200,9.973333333,11.46666667,5.956666667,11.1
2344800,9.975555556,11.44444444,5.917777778,11.1
2345400,9.977777778,11.42222222,5.878888889,11.1
2346000,9.98,11.4,5.84,11.1
2346600,9.97875,11.375,5.83625,11.1
2347200,9.9775,11.35,5.8325,11.1
2347800,9.97625,11.325,5.82875,11.1
2348400,9.975,11.3,5.825,11.1
2349000,9.97375,11.275,5.82125,11.1
2349600,9.9725,11.25,5.8175,11.1
2350200,9.97125,11.225,5.81375,11.1
2350800,9.97,11.2,5.81,11.1
2351400,9.96875,11.2,5.8125,11.0875
2352000,9.9675,11.2,5.815,11.075
2352600,9.96625,11.2,5.8175,11.0625
2353200,9.965,11.2,5.82,11.05
2353800,9.96375,11.2,5.8225,11.0375
2354400,9.9625,11.2,5.825,11.025
2355000,9.96125,11.2,5.8275,11.0125
2355600,9.96,11.2,5.83,11
2356200,9.964444444,11.21111111,5.828888889,11.01111111
2356800,9.968888889,11.22222222,5.827777778,11.02222222
2357400,9.973333333,11.23333333,5.826666667,11.03333333
2358000,9.977777778,11.24444444,5.825555556,11.04444444
2358600,9.982222222,11.25555556,5.824444444,11.05555556
2359200,9.986666667,11.26666667,5.823333333,11.06666667
2359800,9.991111111,11.27777778,5.822222222,11.07777778
2360400,9.995555556,11.28888889,5.821111111,11.08888889
2361000,10,11.3,5.82,11.1
2361600,9.9975,11.2875,5.82125,11.0875
2362200,9.995,11.275,5.8225,11.075
2362800,9.9925,11.2625,5.82375,11.0625
2363400,9.99,11.25,5.825,11.05
2364000,9.9875,11.2375,5.82625,11.0375
2364600,9.985,11.225,5.8275,11.025
2365200,9.9825,11.2125,5.82875,11.0125
2365800,9.98,11.2,5.83,11
2366400,9.9825,11.2125,5.82375,11
2367000,9.985,11.225,5.8175,11
2367600,9.9875,11.2375,5.81125,11
2368200,9.99,11.25,5.805,11
2368800,9.9925,11.2625,5.79875,11
2369400,9.995,11.275,5.7925,11
2370000,9.9975,11.2875,5.78625,11
2370600,10,11.3,5.78,11
2371200,10,11.2625,5.78125,11
2371800,10,11.225,5.7825,11
2372400,10,11.1875,5.78375,11
2373000,10,11.15,5.785,11
2373600,10,11.1125,5.78625,11
2374200,10,11.075,5.7875,11
2374800,10,11.0375,5.78875,11
2375400,10,11,5.79,11
2376000,9.997777778,11.02222222,5.807777778,10.96666667
2376600,9.995555556,11.04444444,5.825555556,10.93333333
2377200,9.993333333,11.06666667,5.843333333,10.9
2377800,9.991111111,11.08888889,5.861111111,10.86666667
2378400,9.988888889,11.11111111,5.878888889,10.83333333
2379000,9.986666667,11.13333333,5.896666667,10.8
2379600,9.984444444,11.15555556,5.914444444,10.76666667
2380200,9.982222222,11.17777778,5.932222222,10.73333333
2380800,9.98,11.2,5.95,10.7
2381400,9.9775,11.2125,5.97125,10.7375
2382000,9.975,11.225,5.9925,10.775
2382600,9.9725,11.2375,6.01375,10.8125
2383200,9.97,11.25,6.035,10.85
2383800,9.9675,11.2625,6.05625,10.8875
2384400,9.965,11.275,6.0775,10.925
2385000,9.9625,11.2875,6.09875,10.9625
2385600,9.96,11.3,6.12,11
2386200,9.96375,11.3,6.14875,11
2386800,9.9675,11.3,6.1775,11
2387400,9.97125,11.3,6.20625,11
2388000,9.975,11.3,6.235,11
2388600,9.97875,11.3,6.26375,11
2389200,9.9825,11.3,6.2925,11
2389800,9.98625,11.3,6.32125,11
2390400,9.99,11.3,6.35,11
2391000,9.956666667,11.32222222,6.358888889,11.01111111
2391600,9.923333333,11.34444444,6.367777778,11.02222222
2392200,9.89,11.36666667,6.376666667,11.03333333
2392800,9.856666667,11.38888889,6.385555556,11.04444444
2393400,9.823333333,11.41111111,6.394444444,11.05555556
2394000,9.79,11.43333333,6.403333333,11.06666667
2394600,9.756666667,11.45555556,6.412222222,11.07777778
2395200,9.723333333,11.47777778,6.421111111,11.08888889
2395800,9.69,11.5,6.43,11.1
2396400,9.60375,11.3625,6.43125,11.0875
2397000,9.5175,11.225,6.4325,11.075
2397600,9.43125,11.0875,6.43375,11.0625
2398200,9.345,10.95,6.435,11.05
2398800,9.25875,10.8125,6.43625,11.0375
2399400,9.1725,10.675,6.4375,11.025
2400000,9.08625,10.5375,6.43875,11.0125
2400600,9,10.4,6.44,11
2401200,8.87875,9.97375,6.44875,10.8175
2401800,8.7575,9.5475,6.4575,10.635
2402400,8.63625,9.12125,6.46625,10.4525
2403000,8.515,8.695,6.475,10.27
2403600,8.39375,8.26875,6.48375,10.0875
2404200,8.2725,7.8425,6.4925,9.905
2404800,8.15125,7.41625,6.50125,9.7225
2405400,8.03,6.99,6.51,9.54
2406000,7.97,6.883333333,6.511111111,9.691111111
2406600,7.91,6.776666667,6.512222222,9.842222222
2407200,7.85,6.67,6.513333333,9.993333333
2407800,7.79,6.563333333,6.514444444,10.14444444
2408400,7.73,6.456666667,6.515555556,10.29555556
2409000,7.67,6.35,6.516666667,10.44666667
2409600,7.61,6.243333333,6.517777778,10.59777778
2410200,7.55,6.136666667,6.518888889,10.74888889
2410800,7.49,6.03,6.52,10.9
2411400,7.475,5.93625,6.45,10.5025
2412000,7.46,5.8425,6.38,10.105
2412600,7.445,5.74875,6.31,9.7075
2413200,7.43,5.655,6.24,9.31
2413800,7.415,5.56125,6.17,8.9125
2414400,7.4,5.4675,6.1,8.515
2415000,7.385,5.37375,6.03,8.1175
2415600,7.37,5.28,5.96,7.72
2416200,7.17125,4.9775,5.97125,7.715
2416800,6.9725,4.675,5.9825,7.71
2417400,6.77375,4.3725,5.99375,7.705
2418000,6.575,4.07,6.005,7.7
2418600,6.37625,3.7675,6.01625,7.695
2419200,6.1775,3.465,6.0275,7.69
2419800,5.97875,3.1625,6.03875,7.685
2420400,5.78,2.86,6.05,7.68
2421000,5.95375,2.86125,6.08125,7.995
2421600,6.1275,2.8625,6.1125,8.31
2422200,6.30125,2.86375,6.14375,8.625
2422800,6.475,2.865,6.175,8.94
2423400,6.64875,2.86625,6.20625,9.255
2424000,6.8225,2.8675,6.2375,9.57
2424600,6.99625,2.86875,6.26875,9.885
2425200,7.17,2.87,6.3,10.2
2425800,7.208888889,2.872222222,6.304444444,9.941111111
2426400,7.247777778,2.874444444,6.308888889,9.682222222
2427000,7.286666667,2.876666667,6.313333333,9.423333333
2427600,7.325555556,2.878888889,6.317777778,9.164444444
2428200,7.364444444,2.881111111,6.322222222,8.905555556
2428800,7.403333333,2.883333333,6.326666667,8.646666667
2429400,7.442222222,2.885555556,6.331111111,8.387777778
2430000,7.481111111,2.887777778,6.335555556,8.128888889
2430600,7.52,2.89,6.34,7.87
2431200,7.52125,2.88625,6.3275,7.84625
2431800,7.5225,2.8825,6.315,7.8225
2432400,7.52375,2.87875,6.3025,7.79875
2433000,7.525,2.875,6.29,7.775
2433600,7.52625,2.87125,6.2775,7.75125
2434200,7.5275,2.8675,6.265,7.7275
2434800,7.52875,2.86375,6.2525,7.70375
2435400,7.53,2.86,6.24,7.68
2436000,7.515,2.8575,6.24875,7.6775
2436600,7.5,2.855,6.2575,7.675
2437200,7.485,2.8525,6.26625,7.6725
2437800,7.47,2.85,6.275,7.67
2438400,7.455,2.8475,6.28375,7.6675
2439000,7.44,2.845,6.2925,7.665
2439600,7.425,2.8425,6.30125,7.6625
2440200,7.41,2.84,6.31,7.66
2440800,7.435555556,2.82,6.308888889,7.663333333
2441400,7.461111111,2.8,6.307777778,7.666666667
2442000,7.486666667,2.78,6.306666667,7.67
2442600,7.512222222,2.76,6.305555556,7.673333333
2443200,7.537777778,2.74,6.304444444,7.676666667
2443800,7.563333333,2.72,6.303333333,7.68
2444400,7.588888889,2.7,6.302222222,7.683333333
2445000,7.614444444,2.68,6.301111111,7.686666667
2445600,7.64,2.66,6.3,7.69
2446200,7.67625,2.635,6.3,7.65625
2446800,7.7125,2.61,6.3,7.6225
2447400,7.74875,2.585,6.3,7.58875
2448000,7.785,2.56,6.3,7.555
2448600,7.82125,2.535,6.3,7.52125
2449200,7.8575,2.51,6.3,7.4875
2449800,7.89375,2.485,6.3,7.45375
2450400,7.93,2.46,6.3,7.42
2451000,7.89375,2.4275,6.29875,7.39375
2451600,7.8575,2.395,6.2975,7.3675
2452200,7.82125,2.3625,6.29625,7.34125
2452800,7.785,2.33,6.295,7.315
2453400,7.74875,2.2975,6.29375,7.28875
2454000,7.7125,2.265,6.2925,7.2625
2454600,7.67625,2.2325,6.29125,7.23625
2455200,7.64,2.2,6.29,7.21
2455800,7.476666667,2.198888889,6.286666667,7.196666667
2456400,7.313333333,2.197777778,6.283333333,7.183333333
2457000,7.15,2.196666667,6.28,7.17
2457600,6.986666667,2.195555556,6.276666667,7.156666667
2458200,6.823333333,2.194444444,6.273333333,7.143333333
2458800,6.66,2.193333333,6.27,7.13
2459400,6.496666667,2.192222222,6.266666667,7.116666667
2460000,6.333333333,2.191111111,6.263333333,7.103333333
2460600,6.17,2.19,6.26,7.09
2461200,6.17125,2.18875,6.23875,7.09125
2461800,6.1725,2.1875,6.2175,7.0925
2462400,6.17375,2.18625,6.19625,7.09375
2463000,6.175,2.185,6.175,7.095
2463600,6.17625,2.18375,6.15375,7.09625
2464200,6.1775,2.1825,6.1325,7.0975
2464800,6.17875,2.18125,6.11125,7.09875
2465400,6.18,2.18,6.09,7.1
2466000,6.1825,2.17875,6.08,7.10125
2466600,6.185,2.1775,6.07,7.1025
2467200,6.1875,2.17625,6.06,7.10375
2467800,6.19,2.175,6.05,7.105
2468400,6.1925,2.17375,6.04,7.10625
2469000,6.195,2.1725,6.03,7.1075
2469600,6.1975,2.17125,6.02,7.10875
2470200,6.2,2.17,6.01,7.11
2470800,6.20625,2.1725,6.2,7.11
2471400,6.2125,2.175,6.39,7.11
2472000,6.21875,2.1775,6.58,7.11
2472600,6.225,2.18,6.77,7.11
2473200,6.23125,2.1825,6.96,7.11
2473800,6.2375,2.185,7.15,7.11
2474400,6.24375,2.1875,7.34,7.11
2475000,6.25,2.19,7.53,7.11
2475600,6.246666667,2.19,7.561111111,7.111111111
2476200,6.243333333,2.19,7.592222222,7.112222222
2476800,6.24,2.19,7.623333333,7.113333333
2477400,6.236666667,2.19,7.654444444,7.114444444
2478000,6.233333333,2.19,7.685555556,7.115555556
2478600,6.23,2.19,7.716666667,7.116666667
2479200,6.226666667,2.19,7.747777778,7.117777778
2479800,6.223333333,2.19,7.778888889,7.118888889
2480400,6.22,2.19,7.81,7.12
2481000,6.23375,2.19,7.8125,7.11625
2481600,6.2475,2.19,7.815,7.1125
2482200,6.26125,2.19,7.8175,7.10875
2482800,6.275,2.19,7.82,7.105
2483400,6.28875,2.19,7.8225,7.10125
2484000,6.3025,2.19,7.825,7.0975
2484600,6.31625,2.19,7.8275,7.09375
2485200,6.33,2.19,7.83,7.09
2485800,6.56125,2.25625,7.8325,7.52875
2486400,6.7925,2.3225,7.835,7.9675
2487000,7.02375,2.38875,7.8375,8.40625
2487600,7.255,2.455,7.84,8.845
2488200,7.48625,2.52125,7.8425,9.28375
2488800,7.7175,2.5875,7.845,9.7225
2489400,7.94875,2.65375,7.8475,10.16125
2490000,8.18,2.72,7.85,10.6
2490600,8.277777778,3.551111111,7.881111111,10.68888889
2491200,8.375555556,4.382222222,7.912222222,10.77777778
2491800,8.473333333,5.213333333,7.943333333,10.86666667
2492400,8.571111111,6.044444444,7.974444444,10.95555556
2493000,8.668888889,6.875555556,8.005555556,11.04444444
2493600,8.766666667,7.706666667,8.036666667,11.13333333
2494200,8.864444444,8.537777778,8.067777778,11.22222222
2494800,8.962222222,9.368888889,8.098888889,11.31111111
2495400,9.06,10.2,8.13,11.4
2496000,9.04,10.09625,8.055,11.4
2496600,9.02,9.9925,7.98,11.4
2497200,9,9.88875,7.905,11.4
2497800,8.98,9.785,7.83,11.4
2498400,8.96,9.68125,7.755,11.4
2499000,8.94,9.5775,7.68,11.4
2499600,8.92,9.47375,7.605,11.4
2500200,8.9,9.37,7.53,11.4
2500800,8.99125,9.52375,7.49,11.4
2501400,9.0825,9.6775,7.45,11.4
2502000,9.17375,9.83125,7.41,11.4
2502600,9.265,9.985,7.37,11.4
2503200,9.35625,10.13875,7.33,11.4
2503800,9.4475,10.2925,7.29,11.4
2504400,9.53875,10.44625,7.25,11.4
2505000,9.63,10.6,7.21,11.4
2505600,9.597777778,10.56666667,7.211111111,11.41111111
2506200,9.565555556,10.53333333,7.212222222,11.42222222
2506800,9.533333333,10.5,7.213333333,11.43333333
2507400,9.501111111,10.46666667,7.214444444,11.44444444
2508000,9.468888889,10.43333333,7.215555556,11.45555556
2508600,9.436666667,10.4,7.216666667,11.46666667
2509200,9.404444444,10.36666667,7.217777778,11.47777778
2509800,9.372222222,10.33333333,7.218888889,11.48888889
2510400,9.34,10.3,7.22,11.5
2511000,9.51,10.525,7.19625,11.575
2511600,9.68,10.75,7.1725,11.65
2512200,9.85,10.975,7.14875,11.725
2512800,10.02,11.2,7.125,11.8
2513400,10.19,11.425,7.10125,11.875
2514000,10.36,11.65,7.0775,11.95
2514600,10.53,11.875,7.05375,12.025
2515200,10.7,12.1,7.03,12.1
2515800,10.7375,12.0875,6.9475,12.1125
2516400,10.775,12.075,6.865,12.125
2517000,10.8125,12.0625,6.7825,12.1375
2517600,10.85,12.05,6.7,12.15
2518200,10.8875,12.0375,6.6175,12.1625
2518800,10.925,12.025,6.535,12.175
2519400,10.9625,12.0125,6.4525,12.1875
2520000,11,12,6.37,12.2
2520600,11.025,12.0125,6.3875,12.2
2521200,11.05,12.025,6.405,12.2
2521800,11.075,12.0375,6.4225,12.2
2522400,11.1,12.05,6.44,12.2
2523000,11.125,12.0625,6.4575,12.2
2523600,11.15,12.075,6.475,12.2
2524200,11.175,12.0875,6.4925,12.2
2524800,11.2,12.1,6.51,12.2
2525400,11.21111111,12.11111111,6.51,12.25555556
2526000,11.22222222,12.12222222,6.51,12.31111111
2526600,11.23333333,12.13333333,6.51,12.36666667
2527200,11.24444444,12.14444444,6.51,12.42222222
2527800,11.25555556,12.15555556,6.51,12.47777778
2528400,11.26666667,12.16666667,6.51,12.53333333
2529000,11.27777778,12.17777778,6.51,12.58888889
2529600,11.28888889,12.18888889,6.51,12.64444444
2530200,11.3,12.2,6.51,12.7
2530800,11.3,12.1875,6.50375,12.7
2531400,11.3,12.175,6.4975,12.7
2532000,11.3,12.1625,6.49125,12.7
2532600,11.3,12.15,6.485,12.7
2533200,11.3,12.1375,6.47875,12.7
2533800,11.3,12.125,6.4725,12.7
2534400,11.3,12.1125,6.46625,12.7
2535000,11.3,12.1,6.46,12.7
2535600,11.1625,11.925,6.46625,12.5875
2536200,11.025,11.75,6.4725,12.475
2536800,10.8875,11.575,6.47875,12.3625
2537400,10.75,11.4,6.485,12.25
2538000,10.6125,11.225,6.49125,12.1375
2538600,10.475,11.05,6.4975,12.025
2539200,10.3375,10.875,6.50375,11.9125
2539800,10.2,10.7,6.51,11.8
2540400,10.04444444,10.59222222,6.508888889,11.72222222
2541000,9.888888889,10.48444444,6.507777778,11.64444444
2541600,9.733333333,10.37666667,6.506666667,11.56666667
2542200,9.577777778,10.26888889,6.505555556,11.48888889
2542800,9.422222222,10.16111111,6.504444444,11.41111111
2543400,9.266666667,10.05333333,6.503333333,11.33333333
2544000,9.111111111,9.945555556,6.502222222,11.25555556
2544600,8.955555556,9.837777778,6.501111111,11.17777778
2545200,8.8,9.73,6.5,11.1
2545800,8.7275,9.73625,6.48625,11.0875
2546400,8.655,9.7425,6.4725,11.075
2547000,8.5825,9.74875,6.45875,11.0625
2547600,8.51,9.755,6.445,11.05
2548200,8.4375,9.76125,6.43125,11.0375
2548800,8.365,9.7675,6.4175,11.025
2549400,8.2925,9.77375,6.40375,11.0125
2550000,8.22,9.78,6.39,11
2550600,8.17625,9.785,6.365,10.95
2551200,8.1325,9.79,6.34,10.9
2551800,8.08875,9.795,6.315,10.85
2552400,8.045,9.8,6.29,10.8
2553000,8.00125,9.805,6.265,10.75
2553600,7.9575,9.81,6.24,10.7
2554200,7.91375,9.815,6.215,10.65
2554800,7.87,9.82,6.19,10.6
2555400,7.801111111,9.813333333,6.18,10.36666667
2556000,7.732222222,9.806666667,6.17,10.13333333
2556600,7.663333333,9.8,6.16,9.9
2557200,7.594444444,9.793333333,6.15,9.666666667
2557800,7.525555556,9.786666667,6.14,9.433333333
2558400,7.456666667,9.78,6.13,9.2
2559000,7.387777778,9.773333333,6.12,8.966666667
2559600,7.318888889,9.766666667,6.11,8.733333333
2560200,7.25,9.76,6.1,8.5
2560800,7.18625,9.73,6.09875,8.3525
2561400,7.1225,9.7,6.0975,8.205
2562000,7.05875,9.67,6.09625,8.0575
2562600,6.995,9.64,6.095,7.91
2563200,6.93125,9.61,6.09375,7.7625
2563800,6.8675,9.58,6.0925,7.615
2564400,6.80375,9.55,6.09125,7.4675
2565000,6.74,9.52,6.09,7.32
2565600,6.9425,9.54375,6.09125,7.7175
2566200,7.145,9.5675,6.0925,8.115
2566800,7.3475,9.59125,6.09375,8.5125
2567400,7.55,9.615,6.095,8.91
2568000,7.7525,9.63875,6.09625,9.3075
2568600,7.955,9.6625,6.0975,9.705
2569200,8.1575,9.68625,6.09875,10.1025
2569800,8.36,9.71,6.1,10.5
2570400,8.43125,9.72125,6.09875,10.6125
2571000,8.5025,9.7325,6.0975,10.725
2571600,8.57375,9.74375,6.09625,10.8375
2572200,8.645,9.755,6.095,10.95
2572800,8.71625,9.76625,6.09375,11.0625
2573400,8.7875,9.7775,6.0925,11.175
2574000,8.85875,9.78875,6.09125,11.2875
2574600,8.93,9.8,6.09,11.4
2575200,8.914444444,9.812222222,6.1,11.41111111
2575800,8.898888889,9.824444444,6.11,11.42222222
2576400,8.883333333,9.836666667,6.12,11.43333333
2577000,8.867777778,9.848888889,6.13,11.44444444
2577600,8.852222222,9.861111111,6.14,11.45555556
2578200,8.836666667,9.873333333,6.15,11.46666667
2578800,8.821111111,9.885555556,6.16,11.47777778
2579400,8.805555556,9.897777778,6.17,11.48888889
2580000,8.79,9.91,6.18,11.5
2580600,8.7925,9.93375,6.195,11.5
2581200,8.795,9.9575,6.21,11.5
2581800,8.7975,9.98125,6.225,11.5
2582400,8.8,10.005,6.24,11.5
2583000,8.8025,10.02875,6.255,11.5
2583600,8.805,10.0525,6.27,11.5
2584200,8.8075,10.07625,6.285,11.5
2584800,8.81,10.1,6.3,11.5
2585400,8.82125,10.1,6.3525,11.5
2586000,8.8325,10.1,6.405,11.5
2586600,8.84375,10.1,6.4575,11.5
2587200,8.855,10.1,6.51,11.5
2587800,8.86625,10.1,6.5625,11.5
2588400,8.8775,10.1,6.615,11.5
2589000,8.88875,10.1,6.6675,11.5
2589600,8.9,10.1,6.72,11.5
2590200,9.111111111,10.1,6.758888889,11.5
2590800,9.322222222,10.1,6.797777778,11.5
2591400,9.533333333,10.1,6.836666667,11.5
2592000,9.744444444,10.1,6.875555556,11.5
2592600,9.955555556,10.1,6.914444444,11.5
2593200,10.16666667,10.1,6.953333333,11.5
2593800,10.37777778,10.1,6.992222222,11.5
2594400,10.58888889,10.1,7.031111111,11.5
2595000,10.8,10.1,7.07,11.5
2595600,10.69125,10.06875,7.01,11.27625
2596200,10.5825,10.0375,6.95,11.0525
2596800,10.47375,10.00625,6.89,10.82875
2597400,10.365,9.975,6.83,10.605
2598000,10.25625,9.94375,6.77,10.38125
2598600,10.1475,9.9125,6.71,10.1575
2599200,10.03875,9.88125,6.65,9.93375
2599800,9.93,9.85,6.59,9.71
2600400,9.82875,9.8375,6.5775,9.79625
2601000,9.7275,9.825,6.565,9.8825
2601600,9.62625,9.8125,6.5525,9.96875
2602200,9.525,9.8,6.54,10.055
2602800,9.42375,9.7875,6.5275,10.14125
2603400,9.3225,9.775,6.515,10.2275
2604000,9.22125,9.7625,6.5025,10.31375
2604600,9.12,9.75,6.49,10.4
2605200,9.063333333,9.755555556,6.612222222,10.4
2605800,9.006666667,9.761111111,6.734444444,10.4
2606400,8.95,9.766666667,6.856666667,10.4
2607000,8.893333333,9.772222222,6.978888889,10.4
2607600,8.836666667,9.777777778,7.101111111,10.4
2608200,8.78,9.783333333,7.223333333,10.4
2608800,8.723333333,9.788888889,7.345555556,10.4
2609400,8.666666667,9.794444444,7.467777778,10.4
2610000,8.61,9.8,7.59,10.4
2610600,8.49875,9.79,7.5875,10.4
2611200,8.3875,9.78,7.585,10.4
2611800,8.27625,9.77,7.5825,10.4
2612400,8.165,9.76,7.58,10.4
2613000,8.05375,9.75,7.5775,10.4
2613600,7.9425,9.74,7.575,10.4
2614200,7.83125,9.73,7.5725,10.4
2614800,7.72,9.72,7.57,10.4
2615400,7.56,9.72125,7.57125,10.4125
2616000,7.4,9.7225,7.5725,10.425
2616600,7.24,9.72375,7.57375,10.4375
2617200,7.08,9.725,7.575,10.45
2617800,6.92,9.72625,7.57625,10.4625
2618400,6.76,9.7275,7.5775,10.475
2619000,6.6,9.72875,7.57875,10.4875
2619600,6.44,9.73,7.58,10.5
2620200,6.44875,9.7325,7.58,10.4875
2620800,6.4575,9.735,7.58,10.475
2621400,6.46625,9.7375,7.58,10.4625
2622000,6.475,9.74,7.58,10.45
2622600,6.48375,9.7425,7.58,10.4375
2623200,6.4925,9.745,7.58,10.425
2623800,6.50125,9.7475,7.58,10.4125
2624400,6.51,9.75,7.58,10.4
2625000,6.508888889,9.748888889,7.58,10.38888889
2625600,6.507777778,9.747777778,7.58,10.37777778
2626200,6.506666667,9.746666667,7.58,10.36666667
2626800,6.505555556,9.745555556,7.58,10.35555556
2627400,6.504444444,9.744444444,7.58,10.34444444
2628000,6.503333333,9.743333333,7.58,10.33333333
2628600,6.502222222,9.742222222,7.58,10.32222222
2629200,6.501111111,9.741111111,7.58,10.31111111
2629800,6.5,9.74,7.58,10.3
2630400,6.48625,9.7425,7.58125,10.3
2631000,6.4725,9.745,7.5825,10.3
2631600,6.45875,9.7475,7.58375,10.3
2632200,6.445,9.75,7.585,10.3
2632800,6.43125,9.7525,7.58625,10.3
2633400,6.4175,9.755,7.5875,10.3
2634000,6.40375,9.7575,7.58875,10.3
2634600,6.39,9.76,7.59,10.3
2635200,6.4025,9.76125,7.5875,10.3
2635800,6.415,9.7625,7.585,10.3
2636400,6.4275,9.76375,7.5825,10.3
2637000,6.44,9.765,7.58,10.3
2637600,6.4525,9.76625,7.5775,10.3
2638200,6.465,9.7675,7.575,10.3
2638800,6.4775,9.76875,7.5725,10.3
2639400,6.49,9.77,7.57,10.3
2640000,6.483333333,9.767777778,7.572222222,10.28888889
2640600,6.476666667,9.765555556,7.574444444,10.27777778
2641200,6.47,9.763333333,7.576666667,10.26666667
2641800,6.463333333,9.761111111,7.578888889,10.25555556
2642400,6.456666667,9.758888889,7.581111111,10.24444444
2643000,6.45,9.756666667,7.583333333,10.23333333
2643600,6.443333333,9.754444444,7.585555556,10.22222222
2644200,6.436666667,9.752222222,7.587777778,10.21111111
2644800,6.43,9.75,7.59,10.2
2645400,6.44375,9.74625,7.42375,10.2125
2646000,6.4575,9.7425,7.2575,10.225
2646600,6.47125,9.73875,7.09125,10.2375
2647200,6.485,9.735,6.925,10.25
2647800,6.49875,9.73125,6.75875,10.2625
2648400,6.5125,9.7275,6.5925,10.275
2649000,6.52625,9.72375,6.42625,10.2875
2649600,6.54,9.72,6.26,10.3
2650200,6.5675,9.72125,6.23625,10.3125
2650800,6.595,9.7225,6.2125,10.325
2651400,6.6225,9.72375,6.18875,10.3375
2652000,6.65,9.725,6.165,10.35
2652600,6.6775,9.72625,6.14125,10.3625
2653200,6.705,9.7275,6.1175,10.375
2653800,6.7325,9.72875,6.09375,10.3875
2654400,6.76,9.73,6.07,10.4
2655000,7.231111111,9.804444444,6.072222222,10.47777778
2655600,7.702222222,9.878888889,6.074444444,10.55555556
2656200,8.173333333,9.953333333,6.076666667,10.63333333
2656800,8.644444444,10.02777778,6.078888889,10.71111111
2657400,9.115555556,10.10222222,6.081111111,10.78888889
2658000,9.586666667,10.17666667,6.083333333,10.86666667
2658600,10.05777778,10.25111111,6.085555556,10.94444444
2659200,10.52888889,10.32555556,6.087777778,11.02222222
2659800,11,10.4,6.09,11.1
2660400,11.05,10.55,6.12125,11.1875
2661000,11.1,10.7,6.1525,11.275
2661600,11.15,10.85,6.18375,11.3625
2662200,11.2,11,6.215,11.45
2662800,11.25,11.15,6.24625,11.5375
2663400,11.3,11.3,6.2775,11.625
2664000,11.35,11.45,6.30875,11.7125
2664600,11.4,11.6,6.34,11.8
2665200,11.3875,11.5875,6.34375,11.7875
2665800,11.375,11.575,6.3475,11.775
2666400,11.3625,11.5625,6.35125,11.7625
2667000,11.35,11.55,6.355,11.75
2667600,11.3375,11.5375,6.35875,11.7375
2668200,11.325,11.525,6.3625,11.725
2668800,11.3125,11.5125,6.36625,11.7125
2669400,11.3,11.5,6.37,11.7
2670000,11.3125,11.5375,6.35375,11.725
2670600,11.325,11.575,6.3375,11.75
2671200,11.3375,11.6125,6.32125,11.775
2671800,11.35,11.65,6.305,11.8
2672400,11.3625,11.6875,6.28875,11.825
2673000,11.375,11.725,6.2725,11.85
2673600,11.3875,11.7625,6.25625,11.875
2674200,11.4,11.8,6.24,11.9
2674800,11.41111111,11.78888889,6.232222222,11.82222222
2675400,11.42222222,11.77777778,6.224444444,11.74444444
2676000,11.43333333,11.76666667,6.216666667,11.66666667
2676600,11.44444444,11.75555556,6.208888889,11.58888889
2677200,11.45555556,11.74444444,6.201111111,11.51111111
2677800,11.46666667,11.73333333,6.193333333,11.43333333
2678400,11.47777778,11.72222222,6.185555556,11.35555556
2679000,11.48888889,11.71111111,6.177777778,11.27777778
2679600,11.5,11.7,6.17,11.2
2680200,11.5,11.7,6.15625,11.15
2680800,11.5,11.7,6.1425,11.1
2681400,11.5,11.7,6.12875,11.05
2682000,11.5,11.7,6.115,11
2682600,11.5,11.7,6.10125,10.95
2683200,11.5,11.7,6.0875,10.9
2683800,11.5,11.7,6.07375,10.85
2684400,11.5,11.7,6.06,10.8
2685000,11.475,11.5375,6.0375,10.825
2685600,11.45,11.375,6.015,10.85
2686200,11.425,11.2125,5.9925,10.875
2686800,11.4,11.05,5.97,10.9
2687400,11.375,10.8875,5.9475,10.925
2688000,11.35,10.725,5.925,10.95
2688600,11.325,10.5625,5.9025,10.975
2689200,11.3,10.4,5.88,11
2689800,11.31111111,10.48888889,5.881111111,10.98888889
2690400,11.32222222,10.57777778,5.882222222,10.97777778
2691000,11.33333333,10.66666667,5.883333333,10.96666667
2691600,11.34444444,10.75555556,5.884444444,10.95555556
2692200,11.35555556,10.84444444,5.885555556,10.94444444
2692800,11.36666667,10.93333333,5.886666667,10.93333333
2693400,11.37777778,11.02222222,5.887777778,10.92222222
2694000,11.38888889,11.11111111,5.888888889,10.91111111
2694600,11.4,11.2,5.89,10.9
2695200,11.25,11.03875,5.89125,10.7775
2695800,11.1,10.8775,5.8925,10.655
2696400,10.95,10.71625,5.89375,10.5325
2697000,10.8,10.555,5.895,10.41
2697600,10.65,10.39375,5.89625,10.2875
2698200,10.5,10.2325,5.8975,10.165
2698800,10.35,10.07125,5.89875,10.0425
2699400,10.2,9.91,5.9,9.92
2700000,9.94625,9.59,5.8925,9.72125
2700600,9.6925,9.27,5.885,9.5225
2701200,9.43875,8.95,5.8775,9.32375
2701800,9.185,8.63,5.87,9.125
2702400,8.93125,8.31,5.8625,8.92625
2703000,8.6775,7.99,5.855,8.7275
2703600,8.42375,7.67,5.8475,8.52875
2704200,8.17,7.35,5.84,8.33
2704800,8.121111111,7.313333333,5.837777778,8.256666667
2705400,8.072222222,7.276666667,5.835555556,8.183333333
2706000,8.023333333,7.24,5.833333333,8.11
2706600,7.974444444,7.203333333,5.831111111,8.036666667
2707200,7.925555556,7.166666667,5.828888889,7.963333333
2707800,7.876666667,7.13,5.826666667,7.89
2708400,7.827777778,7.093333333,5.824444444,7.816666667
2709000,7.778888889,7.056666667,5.822222222,7.743333333
2709600,7.73,7.02,5.82,7.67
2710200,7.63875,6.94,5.82,7.59375
2710800,7.5475,6.86,5.82,7.5175
2711400,7.45625,6.78,5.82,7.44125
2712000,7.365,6.7,5.82,7.365
2712600,7.27375,6.62,5.82,7.28875
2713200,7.1825,6.54,5.82,7.2125
2713800,7.09125,6.46,5.82,7.13625
2714400,7,6.38,5.82,7.06
2715000,6.95125,6.36625,5.8175,7.06125
2715600,6.9025,6.3525,5.815,7.0625
2716200,6.85375,6.33875,5.8125,7.06375
2716800,6.805,6.325,5.81,7.065
2717400,6.75625,6.31125,5.8075,7.06625
2718000,6.7075,6.2975,5.805,7.0675
2718600,6.65875,6.28375,5.8025,7.06875
2719200,6.61,6.27,5.8,7.07
2719800,6.59875,6.27625,5.7975,7.08875
2720400,6.5875,6.2825,5.795,7.1075
2721000,6.57625,6.28875,5.7925,7.12625
2721600,6.565,6.295,5.79,7.145
2722200,6.55375,6.30125,5.7875,7.16375
2722800,6.5425,6.3075,5.785,7.1825
2723400,6.53125,6.31375,5.7825,7.20125
2724000,6.52,6.32,5.78,7.22
2724600,6.578888889,6.36,5.785555556,7.252222222
2725200,6.637777778,6.4,5.791111111,7.284444444
2725800,6.696666667,6.44,5.796666667,7.316666667
2726400,6.755555556,6.48,5.802222222,7.348888889
2727000,6.814444444,6.52,5.807777778,7.381111111
2727600,6.873333333,6.56,5.813333333,7.413333333
2728200,6.932222222,6.6,5.818888889,7.445555556
2728800,6.991111111,6.64,5.824444444,7.477777778
2729400,7.05,6.68,5.83,7.51
2730000,7.16,6.7925,5.825,7.5475
2730600,7.27,6.905,5.82,7.585
2731200,7.38,7.0175,5.815,7.6225
2731800,7.49,7.13,5.81,7.66
2732400,7.6,7.2425,5.805,7.6975
2733000,7.71,7.355,5.8,7.735
2733600,7.82,7.4675,5.795,7.7725
2734200,7.93,7.58,5.79,7.81
2734800,7.85375,7.5725,5.79875,7.8025
2735400,7.7775,7.565,5.8075,7.795
2736000,7.70125,7.5575,5.81625,7.7875
2736600,7.625,7.55,5.825,7.78
2737200,7.54875,7.5425,5.83375,7.7725
2737800,7.4725,7.535,5.8425,7.765
2738400,7.39625,7.5275,5.85125,7.7575
2739000,7.32,7.52,5.86,7.75
2739600,7.226666667,7.48,5.855555556,7.761111111
2740200,7.133333333,7.44,5.851111111,7.772222222
2740800,7.04,7.4,5.846666667,7.783333333
2741400,6.946666667,7.36,5.842222222,7.794444444
2742000,6.853333333,7.32,5.837777778,7.805555556
2742600,6.76,7.28,5.833333333,7.816666667
2743200,6.666666667,7.24,5.828888889,7.827777778
2743800,6.573333333,7.2,5.824444444,7.838888889
2744400,6.48,7.16,5.82,7.85
2745000,6.3925,7.18375,5.81625,7.86375
2745600,6.305,7.2075,5.8125,7.8775
2746200,6.2175,7.23125,5.80875,7.89125
2746800,6.13,7.255,5.805,7.905
2747400,6.0425,7.27875,5.80125,7.91875
2748000,5.955,7.3025,5.7975,7.9325
2748600,5.8675,7.32625,5.79375,7.94625
2749200,5.78,7.35,5.79,7.96
2749800,5.69875,7.2825,5.79375,7.92
2750400,5.6175,7.215,5.7975,7.88
2751000,5.53625,7.1475,5.80125,7.84
2751600,5.455,7.08,5.805,7.8
2752200,5.37375,7.0125,5.80875,7.76
2752800,5.2925,6.945,5.8125,7.72
2753400,5.21125,6.8775,5.81625,7.68
2754000,5.13,6.81,5.82,7.64
2754600,5.078888889,6.753333333,5.825555556,7.613333333
2755200,5.027777778,6.696666667,5.831111111,7.586666667
2755800,4.976666667,6.64,5.836666667,7.56
2756400,4.925555556,6.583333333,5.842222222,7.533333333
2757000,4.874444444,6.526666667,5.847777778,7.506666667
2757600,4.823333333,6.47,5.853333333,7.48
2758200,4.772222222,6.413333333,5.858888889,7.453333333
2758800,4.721111111,6.356666667,5.864444444,7.426666667
2759400,4.67,6.3,5.87,7.4
2760000,4.67875,6.265,5.74125,7.3675
2760600,4.6875,6.23,5.6125,7.335
2761200,4.69625,6.195,5.48375,7.3025
2761800,4.705,6.16,5.355,7.27
2762400,4.71375,6.125,5.22625,7.2375
2763000,4.7225,6.09,5.0975,7.205
2763600,4.73125,6.055,4.96875,7.1725
2764200,4.74,6.02,4.84,7.14
2764800,4.76875,6.0525,4.84125,7.19125
2765400,4.7975,6.085,4.8425,7.2425
2766000,4.82625,6.1175,4.84375,7.29375
2766600,4.855,6.15,4.845,7.345
2767200,4.88375,6.1825,4.84625,7.39625
2767800,4.9125,6.215,4.8475,7.4475
2768400,4.94125,6.2475,4.84875,7.49875
2769000,4.97,6.28,4.85,7.55
2769600,4.9225,6.36,4.8525,7.56125
2770200,4.875,6.44,4.855,7.5725
2770800,4.8275,6.52,4.8575,7.58375
2771400,4.78,6.6,4.86,7.595
2772000,4.7325,6.68,4.8625,7.60625
2772600,4.685,6.76,4.865,7.6175
2773200,4.6375,6.84,4.8675,7.62875
2773800,4.59,6.92,4.87,7.64
2774400,4.406666667,7.041111111,4.841111111,7.525555556
2775000,4.223333333,7.162222222,4.812222222,7.411111111
2775600,4.04,7.283333333,4.783333333,7.296666667
2776200,3.856666667,7.404444444,4.754444444,7.182222222
2776800,3.673333333,7.525555556,4.725555556,7.067777778
2777400,3.49,7.646666667,4.696666667,6.953333333
2778000,3.306666667,7.767777778,4.667777778,6.838888889
2778600,3.123333333,7.888888889,4.638888889,6.724444444
2779200,2.94,8.01,4.61,6.61
2779800,3.18375,8.0325,4.6,6.75625
2780400,3.4275,8.055,4.59,6.9025
2781000,3.67125,8.0775,4.58,7.04875
2781600,3.915,8.1,4.57,7.195
2782200,4.15875,8.1225,4.56,7.34125
2782800,4.4025,8.145,4.55,7.4875
2783400,4.64625,8.1675,4.54,7.63375
2784000,4.89,8.19,4.53,7.78
2784600,5.0925,8.105,4.565,7.8275
2785200,5.295,8.02,4.6,7.875
2785800,5.4975,7.935,4.635,7.9225
2786400,5.7,7.85,4.67,7.97
2787000,5.9025,7.765,4.705,8.0175
2787600,6.105,7.68,4.74,8.065
2788200,6.3075,7.595,4.775,8.1125
2788800,6.51,7.51,4.81,8.16
2789400,6.518888889,7.478888889,4.807777778,8.123333333
2790000,6.527777778,7.447777778,4.805555556,8.086666667
2790600,6.536666667,7.416666667,4.803333333,8.05
2791200,6.545555556,7.385555556,4.801111111,8.013333333
2791800,6.554444444,7.354444444,4.798888889,7.976666667
2792400,6.563333333,7.323333333,4.796666667,7.94
2793000,6.572222222,7.292222222,4.794444444,7.903333333
2793600,6.581111111,7.261111111,4.792222222,7.866666667
2794200,6.59,7.23,4.79,7.83
2794800,7.19125,7.2525,4.78875,7.83875
2795400,7.7925,7.275,4.7875,7.8475
2796000,8.39375,7.2975,4.78625,7.85625
2796600,8.995,7.32,4.785,7.865
2797200,9.59625,7.3425,4.78375,7.87375
2797800,10.1975,7.365,4.7825,7.8825
2798400,10.79875,7.3875,4.78125,7.89125
2799000,11.4,7.41,4.78,7.9
2799600,11.4125,7.4125,4.79375,7.91125
2800200,11.425,7.415,4.8075,7.9225
2800800,11.4375,7.4175,4.82125,7.93375
2801400,11.45,7.42,4.835,7.945
2802000,11.4625,7.4225,4.84875,7.95625
2802600,11.475,7.425,4.8625,7.9675
2803200,11.4875,7.4275,4.87625,7.97875
2803800,11.5,7.43,4.89,7.99
2804400,11.46666667,7.475555556,4.886666667,8.02
2805000,11.43333333,7.521111111,4.883333333,8.05
2805600,11.4,7.566666667,4.88,8.08
2806200,11.36666667,7.612222222,4.876666667,8.11
2806800,11.33333333,7.657777778,4.873333333,8.14
2807400,11.3,7.703333333,4.87,8.17
2808000,11.26666667,7.748888889,4.866666667,8.2
2808600,11.23333333,7.794444444,4.863333333,8.23
2809200,11.2,7.84,4.86,8.26
2809800,11.2125,7.8475,4.8625,8.40125
2810400,11.225,7.855,4.865,8.5425
2811000,11.2375,7.8625,4.8675,8.68375
2811600,11.25,7.87,4.87,8.825
2812200,11.2625,7.8775,4.8725,8.96625
2812800,11.275,7.885,4.875,9.1075
2813400,11.2875,7.8925,4.8775,9.24875
2814000,11.3,7.9,4.88,9.39
2814600,11.3125,8.0775,4.87875,9.44
2815200,11.325,8.255,4.8775,9.49
2815800,11.3375,8.4325,4.87625,9.54
2816400,11.35,8.61,4.875,9.59
2817000,11.3625,8.7875,4.87375,9.64
2817600,11.375,8.965,4.8725,9.69
2818200,11.3875,9.1425,4.87125,9.74
2818800,11.4,9.32,4.87,9.79
2819400,11.3875,9.4175,4.99375,9.8075
2820000,11.375,9.515,5.1175,9.825
2820600,11.3625,9.6125,5.24125,9.8425
2821200,11.35,9.71,5.365,9.86
2821800,11.3375,9.8075,5.48875,9.8775
2822400,11.325,9.905,5.6125,9.895
2823000,11.3125,10.0025,5.73625,9.9125
2823600,11.3,10.1,5.86,9.93
2824200,11.31111111,10.2,5.877777778,10.02666667
2824800,11.32222222,10.3,5.895555556,10.12333333
2825400,11.33333333,10.4,5.913333333,10.22
2826000,11.34444444,10.5,5.931111111,10.31666667
2826600,11.35555556,10.6,5.948888889,10.41333333
2827200,11.36666667,10.7,5.966666667,10.51
2827800,11.37777778,10.8,5.984444444,10.60666667
2828400,11.38888889,10.9,6.002222222,10.70333333
2829000,11.4,11,6.02,10.8
2829600,11.375,11.0625,6.04125,10.825
2830200,11.35,11.125,6.0625,10.85
2830800,11.325,11.1875,6.08375,10.875
2831400,11.3,11.25,6.105,10.9
2832000,11.275,11.3125,6.12625,10.925
2832600,11.25,11.375,6.1475,10.95
2833200,11.225,11.4375,6.16875,10.975
2833800,11.2,11.5,6.19,11
2834400,11.225,11.4375,6.1,10.76125
2835000,11.25,11.375,6.01,10.5225
2835600,11.275,11.3125,5.92,10.28375
2836200,11.3,11.25,5.83,10.045
2836800,11.325,11.1875,5.74,9.80625
2837400,11.35,11.125,5.65,9.5675
2838000,11.375,11.0625,5.56,9.32875
2838600,11.4,11,5.47,9.09
2839200,10.90777778,10.59111111,5.435555556,8.607777778
2839800,10.41555556,10.18222222,5.401111111,8.125555556
2840400,9.923333333,9.773333333,5.366666667,7.643333333
2841000,9.431111111,9.364444444,5.332222222,7.161111111
2841600,8.938888889,8.955555556,5.297777778,6.678888889
2842200,8.446666667,8.546666667,5.263333333,6.196666667
2842800,7.954444444,8.137777778,5.228888889,5.714444444
2843400,7.462222222,7.728888889,5.194444444,5.232222222
2844000,6.97,7.32,5.16,4.75
2844600,6.4625,7.41375,5.155,4.6075
2845200,5.955,7.5075,5.15,4.465
2845800,5.4475,7.60125,5.145,4.3225
2846400,4.94,7.695,5.14,4.18
2847000,4.4325,7.78875,5.135,4.0375
2847600,3.925,7.8825,5.13,3.895
2848200,3.4175,7.97625,5.125,3.7525
2848800,2.91,8.07,5.12,3.61
2849400,2.91,8.51125,5.115,3.6325
2850000,2.91,8.9525,5.11,3.655
2850600,2.91,9.39375,5.105,3.6775
2851200,2.91,9.835,5.1,3.7
2851800,2.91,10.27625,5.095,3.7225
2852400,2.91,10.7175,5.09,3.745
2853000,2.91,11.15875,5.085,3.7675
2853600,2.91,11.6,5.08,3.79
2854200,2.91,11.66666667,5.073333333,3.774444444
2854800,2.91,11.73333333,5.066666667,3.758888889
2855400,2.91,11.8,5.06,3.743333333
2856000,2.91,11.86666667,5.053333333,3.727777778
2856600,2.91,11.93333333,5.046666667,3.712222222
2857200,2.91,12,5.04,3.696666667
2857800,2.91,12.06666667,5.033333333,3.681111111
2858400,2.91,12.13333333,5.026666667,3.665555556
2859000,2.91,12.2,5.02,3.65
2859600,2.94625,12.0125,5.0225,3.74125
2860200,2.9825,11.825,5.025,3.8325
2860800,3.01875,11.6375,5.0275,3.92375
2861400,3.055,11.45,5.03,4.015
2862000,3.09125,11.2625,5.0325,4.10625
2862600,3.1275,11.075,5.035,4.1975
2863200,3.16375,10.8875,5.0375,4.28875
2863800,3.2,10.7,5.04,4.38
2864400,3.6125,10.6875,5.04875,4.66125
2865000,4.025,10.675,5.0575,4.9425
2865600,4.4375,10.6625,5.06625,5.22375
2866200,4.85,10.65,5.075,5.505
2866800,5.2625,10.6375,5.08375,5.78625
2867400,5.675,10.625,5.0925,6.0675
2868000,6.0875,10.6125,5.10125,6.34875
2868600,6.5,10.6,5.11,6.63
2869200,6.515,10.5375,5.08625,6.60125
2869800,6.53,10.475,5.0625,6.5725
2870400,6.545,10.4125,5.03875,6.54375
2871000,6.56,10.35,5.015,6.515
2871600,6.575,10.2875,4.99125,6.48625
2872200,6.59,10.225,4.9675,6.4575
2872800,6.605,10.1625,4.94375,6.42875
2873400,6.62,10.1,4.92,6.4
2874000,6.652222222,10.08,4.875555556,6.355555556
2874600,6.684444444,10.06,4.831111111,6.311111111
2875200,6.716666667,10.04,4.786666667,6.266666667
2875800,6.748888889,10.02,4.742222222,6.222222222
2876400,6.781111111,10,4.697777778,6.177777778
2877000,6.813333333,9.98,4.653333333,6.133333333
2877600,6.845555556,9.96,4.608888889,6.088888889
2878200,6.877777778,9.94,4.564444444,6.044444444
2878800,6.91,9.92,4.52,6
2879400,6.86875,9.885,4.5175,5.97125
2880000,6.8275,9.85,4.515,5.9425
2880600,6.78625,9.815,4.5125,5.91375
2881200,6.745,9.78,4.51,5.885
2881800,6.70375,9.745,4.5075,5.85625
2882400,6.6625,9.71,4.505,5.8275
2883000,6.62125,9.675,4.5025,5.79875
2883600,6.58,9.64,4.5,5.77
2884200,6.6075,9.645,4.50125,5.72875
2884800,6.635,9.65,4.5025,5.6875
2885400,6.6625,9.655,4.50375,5.64625
2886000,6.69,9.66,4.505,5.605
2886600,6.7175,9.665,4.50625,5.56375
2887200,6.745,9.67,4.5075,5.5225
2887800,6.7725,9.675,4.50875,5.48125
2888400,6.8,9.68,4.51,5.44
2889000,6.778888889,9.703333333,4.501111111,5.461111111
2889600,6.757777778,9.726666667,4.492222222,5.482222222
2890200,6.736666667,9.75,4.483333333,5.503333333
2890800,6.715555556,9.773333333,4.474444444,5.524444444
2891400,6.694444444,9.796666667,4.465555556,5.545555556
2892000,6.673333333,9.82,4.456666667,5.566666667
2892600,6.652222222,9.843333333,4.447777778,5.587777778
2893200,6.631111111,9.866666667,4.438888889,5.608888889
2893800,6.61,9.89,4.43,5.63
2894400,6.6575,9.94125,4.4475,5.66625
2895000,6.705,9.9925,4.465,5.7025
2895600,6.7525,10.04375,4.4825,5.73875
2896200,6.8,10.095,4.5,5.775
2896800,6.8475,10.14625,4.5175,5.81125
2897400,6.895,10.1975,4.535,5.8475
2898000,6.9425,10.24875,4.5525,5.88375
2898600,6.99,10.3,4.57,5.92
2899200,7.0175,10.3,4.5625,5.865
2899800,7.045,10.3,4.555,5.81
2900400,7.0725,10.3,4.5475,5.755
2901000,7.1,10.3,4.54,5.7
2901600,7.1275,10.3,4.5325,5.645
2902200,7.155,10.3,4.525,5.59
2902800,7.1825,10.3,4.5175,5.535
2903400,7.21,10.3,4.51,5.48
2904000,7.246666667,10.28888889,4.57,5.525555556
2904600,7.283333333,10.27777778,4.63,5.571111111
2905200,7.32,10.26666667,4.69,5.616666667
2905800,7.356666667,10.25555556,4.75,5.662222222
2906400,7.393333333,10.24444444,4.81,5.707777778
2907000,7.43,10.23333333,4.87,5.753333333
2907600,7.466666667,10.22222222,4.93,5.798888889
2908200,7.503333333,10.21111111,4.99,5.844444444
2908800,7.54,10.2,5.05,5.89
2909400,7.5525,10.2,5.3925,6.15375
2910000,7.565,10.2,5.735,6.4175
2910600,7.5775,10.2,6.0775,6.68125
2911200,7.59,10.2,6.42,6.945
2911800,7.6025,10.2,6.7625,7.20875
2912400,7.615,10.2,7.105,7.4725
2913000,7.6275,10.2,7.4475,7.73625
2913600,7.64,10.2,7.79,8
2914200,7.5525,10.12625,7.80375,7.815
2914800,7.465,10.0525,7.8175,7.63
2915400,7.3775,9.97875,7.83125,7.445
2916000,7.29,9.905,7.845,7.26
2916600,7.2025,9.83125,7.85875,7.075
2917200,7.115,9.7575,7.8725,6.89
2917800,7.0275,9.68375,7.88625,6.705
2918400,6.94,9.61,7.9,6.52
2919000,7.05,9.63375,7.8975,6.7275
2919600,7.16,9.6575,7.895,6.935
2920200,7.27,9.68125,7.8925,7.1425
2920800,7.38,9.705,7.89,7.35
2921400,7.49,9.72875,7.8875,7.5575
2922000,7.6,9.7525,7.885,7.765
2922600,7.71,9.77625,7.8825,7.9725
2923200,7.82,9.8,7.88,8.18
2923800,7.833333333,9.787777778,7.881111111,8.174444444
2924400,7.846666667,9.775555556,7.882222222,8.168888889
2925000,7.86,9.763333333,7.883333333,8.163333333
2925600,7.873333333,9.751111111,7.884444444,8.157777778
2926200,7.886666667,9.738888889,7.885555556,8.152222222
2926800,7.9,9.726666667,7.886666667,8.146666667
2927400,7.913333333,9.714444444,7.887777778,8.141111111
2928000,7.926666667,9.702222222,7.888888889,8.135555556
2928600,7.94,9.69,7.89,8.13
2929200,7.9625,9.7075,7.89875,8.125
2929800,7.985,9.725,7.9075,8.12
2930400,8.0075,9.7425,7.91625,8.115
2931000,8.03,9.76,7.925,8.11
2931600,8.0525,9.7775,7.93375,8.105
2932200,8.075,9.795,7.9425,8.1
2932800,8.0975,9.8125,7.95125,8.095
2933400,8.12,9.83,7.96,8.09
2934000,8.19625,9.86375,8.00875,8.1575
2934600,8.2725,9.8975,8.0575,8.225
2935200,8.34875,9.93125,8.10625,8.2925
2935800,8.425,9.965,8.155,8.36
2936400,8.50125,9.99875,8.20375,8.4275
2937000,8.5775,10.0325,8.2525,8.495
2937600,8.65375,10.06625,8.30125,8.5625
2938200,8.73,10.1,8.35,8.63
2938800,8.741111111,10.14444444,8.395555556,8.66
2939400,8.752222222,10.18888889,8.441111111,8.69
2940000,8.763333333,10.23333333,8.486666667,8.72
2940600,8.774444444,10.27777778,8.532222222,8.75
2941200,8.785555556,10.32222222,8.577777778,8.78
2941800,8.796666667,10.36666667,8.623333333,8.81
2942400,8.807777778,10.41111111,8.668888889,8.84
2943000,8.818888889,10.45555556,8.714444444,8.87
2943600,8.83,10.5,8.76,8.9
2944200,8.82125,10.525,8.75375,8.90375
2944800,8.8125,10.55,8.7475,8.9075
2945400,8.80375,10.575,8.74125,8.91125
2946000,8.795,10.6,8.735,8.915
2946600,8.78625,10.625,8.72875,8.91875
2947200,8.7775,10.65,8.7225,8.9225
2947800,8.76875,10.675,8.71625,8.92625
2948400,8.76,10.7,8.71,8.93
2949000,8.75875,10.725,8.71125,9.11375
2949600,8.7575,10.75,8.7125,9.2975
2950200,8.75625,10.775,8.71375,9.48125
2950800,8.755,10.8,8.715,9.665
2951400,8.75375,10.825,8.71625,9.84875
2952000,8.7525,10.85,8.7175,10.0325
2952600,8.75125,10.875,8.71875,10.21625
2953200,8.75,10.9,8.72,10.4
2953800,8.735555556,10.9,8.696666667,10.44444444
2954400,8.721111111,10.9,8.673333333,10.48888889
2955000,8.706666667,10.9,8.65,10.53333333
2955600,8.692222222,10.9,8.626666667,10.57777778
2956200,8.677777778,10.9,8.603333333,10.62222222
2956800,8.663333333,10.9,8.58,10.66666667
2957400,8.648888889,10.9,8.556666667,10.71111111
2958000,8.634444444,10.9,8.533333333,10.75555556
2958600,8.62,10.9,8.51,10.8
2959200,8.65375,10.8875,8.51625,10.8125
2959800,8.6875,10.875,8.5225,10.825
2960400,8.72125,10.8625,8.52875,10.8375
2961000,8.755,10.85,8.535,10.85
2961600,8.78875,10.8375,8.54125,10.8625
2962200,8.8225,10.825,8.5475,10.875
2962800,8.85625,10.8125,8.55375,10.8875
2963400,8.89,10.8,8.56,10.9
2964000,9.17875,11,8.54875,10.9875
2964600,9.4675,11.2,8.5375,11.075
2965200,9.75625,11.4,8.52625,11.1625
2965800,10.045,11.6,8.515,11.25
2966400,10.33375,11.8,8.50375,11.3375
2967000,10.6225,12,8.4925,11.425
2967600,10.91125,12.2,8.48125,11.5125
2968200,11.2,12.4,8.47,11.6
2968800,11.2125,12.3875,8.475,11.6125
2969400,11.225,12.375,8.48,11.625
2970000,11.2375,12.3625,8.485,11.6375
2970600,11.25,12.35,8.49,11.65
2971200,11.2625,12.3375,8.495,11.6625
2971800,11.275,12.325,8.5,11.675
2972400,11.2875,12.3125,8.505,11.6875
2973000,11.3,12.3,8.51,11.7
2973600,11.26666667,12.3,8.518888889,11.7
2974200,11.23333333,12.3,8.527777778,11.7
2974800,11.2,12.3,8.536666667,11.7
2975400,11.16666667,12.3,8.545555556,11.7
2976000,11.13333333,12.3,8.554444444,11.7
2976600,11.1,12.3,8.563333333,11.7
2977200,11.06666667,12.3,8.572222222,11.7
2977800,11.03333333,12.3,8.581111111,11.7
2978400,11,12.3,8.59,11.7
2979000,11.025,12.3,8.59,11.675
2979600,11.05,12.3,8.59,11.65
2980200,11.075,12.3,8.59,11.625
2980800,11.1,12.3,8.59,11.6
2981400,11.125,12.3,8.59,11.575
2982000,11.15,12.3,8.59,11.55
2982600,11.175,12.3,8.59,11.525
2983200,11.2,12.3,8.59,11.5
2983800,11.2,12.2875,8.5825,11.4875
2984400,11.2,12.275,8.575,11.475
2985000,11.2,12.2625,8.5675,11.4625
2985600,11.2,12.25,8.56,11.45
2986200,11.2,12.2375,8.5525,11.4375
2986800,11.2,12.225,8.545,11.425
2987400,11.2,12.2125,8.5375,11.4125
2988000,11.2,12.2,8.53,11.4
2988600,11.1,12.16666667,8.53,11.36666667
2989200,11,12.13333333,8.53,11.33333333
2989800,10.9,12.1,8.53,11.3
2990400,10.8,12.06666667,8.53,11.26666667
2991000,10.7,12.03333333,8.53,11.23333333
2991600,10.6,12,8.53,11.2
2992200,10.5,11.96666667,8.53,11.16666667
2992800,10.4,11.93333333,8.53,11.13333333
2993400,10.3,11.9,8.53,11.1
2994000,10.0975,11.75,8.5175,11.0125
2994600,9.895,11.6,8.505,10.925
2995200,9.6925,11.45,8.4925,10.8375
2995800,9.49,11.3,8.48,10.75
2996400,9.2875,11.15,8.4675,10.6625
2997000,9.085,11,8.455,10.575
2997600,8.8825,10.85,8.4425,10.4875
2998200,8.68,10.7,8.43,10.4
2998800,8.73625,10.7,8.48125,10.4
2999400,8.7925,10.7,8.5325,10.4
3000000,8.84875,10.7,8.58375,10.4
3000600,8.905,10.7,8.635,10.4
3001200,8.96125,10.7,8.68625,10.4
3001800,9.0175,10.7,8.7375,10.4
3002400,9.07375,10.7,8.78875,10.4
3003000,9.13,10.7,8.84,10.4
3003600,9.26,10.83333333,8.901111111,10.47777778
3004200,9.39,10.96666667,8.962222222,10.55555556
3004800,9.52,11.1,9.023333333,10.63333333
3005400,9.65,11.23333333,9.084444444,10.71111111
3006000,9.78,11.36666667,9.145555556,10.78888889
3006600,9.91,11.5,9.206666667,10.86666667
3007200,10.04,11.63333333,9.267777778,10.94444444
3007800,10.17,11.76666667,9.328888889,11.02222222
3008400,10.3,11.9,9.39,11.1
3009000,10.06625,11.7125,9.3875,11.0125
3009600,9.8325,11.525,9.385,10.925
3010200,9.59875,11.3375,9.3825,10.8375
3010800,9.365,11.15,9.38,10.75
3011400,9.13125,10.9625,9.3775,10.6625
3012000,8.8975,10.775,9.375,10.575
3012600,8.66375,10.5875,9.3725,10.4875
3013200,8.43,10.4,9.37,10.4
3013800,8.185,10.10875,9.37,10.29375
3014400,7.94,9.8175,9.37,10.1875
3015000,7.695,9.52625,9.37,10.08125
3015600,7.45,9.235,9.37,9.975
3016200,7.205,8.94375,9.37,9.86875
3016800,6.96,8.6525,9.37,9.7625
3017400,6.715,8.36125,9.37,9.65625
3018000,6.47,8.07,9.37,9.55
3018600,6.93625,8.56125,9.3775,9.70625
3019200,7.4025,9.0525,9.385,9.8625
3019800,7.86875,9.54375,9.3925,10.01875
3020400,8.335,10.035,9.4,10.175
3021000,8.80125,10.52625,9.4075,10.33125
3021600,9.2675,11.0175,9.415,10.4875
3022200,9.73375,11.50875,9.4225,10.64375
3022800,10.2,12,9.43,10.8
3023400,5.59,8.17,8.66,3.05
3024000,5.327777778,7.628888889,8.452222222,3.006666667
3024600,5.065555556,7.087777778,8.244444444,2.963333333
3025200,4.803333333,6.546666667,8.036666667,2.92
3025800,4.541111111,6.005555556,7.828888889,2.876666667
3026400,4.278888889,5.464444444,7.621111111,2.833333333
3027000,4.016666667,4.923333333,7.413333333,2.79
3027600,3.754444444,4.382222222,7.205555556,2.746666667
3028200,3.492222222,3.841111111,6.997777778,2.703333333
3028800,3.23,3.3,6.79,2.66
3029400,3.2275,3.2875,6.74375,2.665
3030000,3.225,3.275,6.6975,2.67
3030600,3.2225,3.2625,6.65125,2.675
3031200,3.22,3.25,6.605,2.68
3031800,3.2175,3.2375,6.55875,2.685
3032400,3.215,3.225,6.5125,2.69
3033000,3.2125,3.2125,6.46625,2.695
3033600,3.21,3.2,6.42,2.7
3034200,3.21375,3.20375,6.3975,2.7
3034800,3.2175,3.2075,6.375,2.7
3035400,3.22125,3.21125,6.3525,2.7
3036000,3.225,3.215,6.33,2.7
3036600,3.22875,3.21875,6.3075,2.7
3037200,3.2325,3.2225,6.285,2.7
3037800,3.23625,3.22625,6.2625,2.7
3038400,3.24,3.23,6.24,2.7
3039000,3.236666667,3.224444444,6.217777778,2.7
3039600,3.233333333,3.218888889,6.195555556,2.7
3040200,3.23,3.213333333,6.173333333,2.7
3040800,3.226666667,3.207777778,6.151111111,2.7
3041400,3.223333333,3.202222222,6.128888889,2.7
3042000,3.22,3.196666667,6.106666667,2.7
3042600,3.216666667,3.191111111,6.084444444,2.7
3043200,3.213333333,3.185555556,6.062222222,2.7
3043800,3.21,3.18,6.04,2.7
3044400,3.1975,3.1825,6.04125,2.7
3045000,3.185,3.185,6.0425,2.7
3045600,3.1725,3.1875,6.04375,2.7
3046200,3.16,3.19,6.045,2.7
3046800,3.1475,3.1925,6.04625,2.7
3047400,3.135,3.195,6.0475,2.7
3048000,3.1225,3.1975,6.04875,2.7
3048600,3.11,3.2,6.05,2.7
3049200,3.11125,3.20125,6.1025,2.7
3049800,3.1125,3.2025,6.155,2.7
3050400,3.11375,3.20375,6.2075,2.7
3051000,3.115,3.205,6.26,2.7
3051600,3.11625,3.20625,6.3125,2.7
3052200,3.1175,3.2075,6.365,2.7
3052800,3.11875,3.20875,6.4175,2.7
3053400,3.12,3.21,6.47,2.7
3054000,3.12125,3.21375,6.49,2.705
3054600,3.1225,3.2175,6.51,2.71
3055200,3.12375,3.22125,6.53,2.715
3055800,3.125,3.225,6.55,2.72
3056400,3.12625,3.22875,6.57,2.725
3057000,3.1275,3.2325,6.59,2.73
3057600,3.12875,3.23625,6.61,2.735
3058200,3.13,3.24,6.63,2.74
3058800,3.125555556,3.237777778,6.615555556,2.757777778
3059400,3.121111111,3.235555556,6.601111111,2.775555556
3060000,3.116666667,3.233333333,6.586666667,2.793333333
3060600,3.112222222,3.231111111,6.572222222,2.811111111
3061200,3.107777778,3.228888889,6.557777778,2.828888889
3061800,3.103333333,3.226666667,6.543333333,2.846666667
3062400,3.098888889,3.224444444,6.528888889,2.864444444
3063000,3.094444444,3.222222222,6.514444444,2.882222222
3063600,3.09,3.22,6.5,2.9
3064200,3.0925,3.2175,6.4975,2.8775
3064800,3.095,3.215,6.495,2.855
3065400,3.0975,3.2125,6.4925,2.8325
3066000,3.1,3.21,6.49,2.81
3066600,3.1025,3.2075,6.4875,2.7875
3067200,3.105,3.205,6.485,2.765
3067800,3.1075,3.2025,6.4825,2.7425
3068400,3.11,3.2,6.48,2.72
3069000,3.105,3.2,6.48375,2.7175
3069600,3.1,3.2,6.4875,2.715
3070200,3.095,3.2,6.49125,2.7125
3070800,3.09,3.2,6.495,2.71
3071400,3.085,3.2,6.49875,2.7075
3072000,3.08,3.2,6.5025,2.705
3072600,3.075,3.2,6.50625,2.7025
3073200,3.07,3.2,6.51,2.7
3073800,3.074444444,3.195555556,6.542222222,2.698888889
3074400,3.078888889,3.191111111,6.574444444,2.697777778
3075000,3.083333333,3.186666667,6.606666667,2.696666667
3075600,3.087777778,3.182222222,6.638888889,2.695555556
3076200,3.092222222,3.177777778,6.671111111,2.694444444
3076800,3.096666667,3.173333333,6.703333333,2.693333333
3077400,3.101111111,3.168888889,6.735555556,2.692222222
3078000,3.105555556,3.164444444,6.767777778,2.691111111
3078600,3.11,3.16,6.8,2.69
3079200,3.11625,3.16875,6.775,2.68625
3079800,3.1225,3.1775,6.75,2.6825
3080400,3.12875,3.18625,6.725,2.67875
3081000,3.135,3.195,6.7,2.675
3081600,3.14125,3.20375,6.675,2.67125
3082200,3.1475,3.2125,6.65,2.6675
3082800,3.15375,3.22125,6.625,2.66375
3083400,3.16,3.23,6.6,2.66
3084000,3.16125,3.2275,6.56625,2.66
3084600,3.1625,3.225,6.5325,2.66
3085200,3.16375,3.2225,6.49875,2.66
3085800,3.165,3.22,6.465,2.66
3086400,3.16625,3.2175,6.43125,2.66
3087000,3.1675,3.215,6.3975,2.66
3087600,3.16875,3.2125,6.36375,2.66
3088200,3.17,3.21,6.33,2.66
3088800,3.164444444,3.207777778,6.385555556,2.664444444
3089400,3.158888889,3.205555556,6.441111111,2.668888889
3090000,3.153333333,3.203333333,6.496666667,2.673333333
3090600,3.147777778,3.201111111,6.552222222,2.677777778
3091200,3.142222222,3.198888889,6.607777778,2.682222222
3091800,3.136666667,3.196666667,6.663333333,2.686666667
3092400,3.131111111,3.194444444,6.718888889,2.691111111
3093000,3.125555556,3.192222222,6.774444444,2.695555556
3093600,3.12,3.19,6.83,2.7
3094200,3.10875,3.18625,6.80125,2.7075
3094800,3.0975,3.1825,6.7725,2.715
3095400,3.08625,3.17875,6.74375,2.7225
3096000,3.075,3.175,6.715,2.73
3096600,3.06375,3.17125,6.68625,2.7375
3097200,3.0525,3.1675,6.6575,2.745
3097800,3.04125,3.16375,6.62875,2.7525
3098400,3.03,3.16,6.6,2.76
3099000,3.03875,3.1525,6.66125,2.76
3099600,3.0475,3.145,6.7225,2.76
3100200,3.05625,3.1375,6.78375,2.76
3100800,3.065,3.13,6.845,2.76
3101400,3.07375,3.1225,6.90625,2.76
3102000,3.0825,3.115,6.9675,2.76
3102600,3.09125,3.1075,7.02875,2.76
3103200,3.1,3.1,7.09,2.76
3103800,3.1,3.04625,7.175,2.75375
3104400,3.1,2.9925,7.26,2.7475
3105000,3.1,2.93875,7.345,2.74125
3105600,3.1,2.885,7.43,2.735
3106200,3.1,2.83125,7.515,2.72875
3106800,3.1,2.7775,7.6,2.7225
3107400,3.1,2.72375,7.685,2.71625
3108000,3.1,2.67,7.77,2.71
3108600,3.344444444,2.915555556,7.827777778,2.948888889
3109200,3.588888889,3.161111111,7.885555556,3.187777778
3109800,3.833333333,3.406666667,7.943333333,3.426666667
3110400,4.077777778,3.652222222,8.001111111,3.665555556
3111000,4.322222222,3.897777778,8.058888889,3.904444444
3111600,4.566666667,4.143333333,8.116666667,4.143333333
3112200,4.811111111,4.388888889,8.174444444,4.382222222
3112800,5.055555556,4.634444444,8.232222222,4.621111111
3113400,5.3,4.88,8.29,4.86
3114000,6.1625,5.6825,8.51625,5.6525
3114600,7.025,6.485,8.7425,6.445
3115200,7.8875,7.2875,8.96875,7.2375
3115800,8.75,8.09,9.195,8.03
3116400,9.6125,8.8925,9.42125,8.8225
3117000,10.475,9.695,9.6475,9.615
3117600,11.3375,10.4975,9.87375,10.4075
3118200,12.2,11.3,10.1,11.2
3118800,12.2,11.2875,10.0525,11.2
3119400,12.2,11.275,10.005,11.2
3120000,12.2,11.2625,9.9575,11.2
3120600,12.2,11.25,9.91,11.2
3121200,12.2,11.2375,9.8625,11.2
3121800,12.2,11.225,9.815,11.2
3122400,12.2,11.2125,9.7675,11.2
3123000,12.2,11.2,9.72,11.2
3123600,12.2,11.21111111,9.7,11.16666667
3124200,12.2,11.22222222,9.68,11.13333333
3124800,12.2,11.23333333,9.66,11.1
3125400,12.2,11.24444444,9.64,11.06666667
3126000,12.2,11.25555556,9.62,11.03333333
3126600,12.2,11.26666667,9.6,11
3127200,12.2,11.27777778,9.58,10.96666667
3127800,12.2,11.28888889,9.56,10.93333333
3128400,12.2,11.3,9.54,10.9
3129000,12.1875,11.3125,9.5975,10.9375
3129600,12.175,11.325,9.655,10.975
3130200,12.1625,11.3375,9.7125,11.0125
3130800,12.15,11.35,9.77,11.05
3131400,12.1375,11.3625,9.8275,11.0875
3132000,12.125,11.375,9.885,11.125
3132600,12.1125,11.3875,9.9425,11.1625
3133200,12.1,11.4,10,11.2
3133800,12.0875,11.4,9.97625,11.2
3134400,12.075,11.4,9.9525,11.2
3135000,12.0625,11.4,9.92875,11.2
3135600,12.05,11.4,9.905,11.2
3136200,12.0375,11.4,9.88125,11.2
3136800,12.025,11.4,9.8575,11.2
3137400,12.0125,11.4,9.83375,11.2
3138000,12,11.4,9.81,11.2
3138600,12.02222222,11.41111111,9.842222222,11.21111111
3139200,12.04444444,11.42222222,9.874444444,11.22222222
3139800,12.06666667,11.43333333,9.906666667,11.23333333
3140400,12.08888889,11.44444444,9.938888889,11.24444444
3141000,12.11111111,11.45555556,9.971111111,11.25555556
3141600,12.13333333,11.46666667,10.00333333,11.26666667
3142200,12.15555556,11.47777778,10.03555556,11.27777778
3142800,12.17777778,11.48888889,10.06777778,11.28888889
3143400,12.2,11.5,10.1,11.3
3144000,12.175,11.4875,10.1375,11.3
3144600,12.15,11.475,10.175,11.3
3145200,12.125,11.4625,10.2125,11.3
3145800,12.1,11.45,10.25,11.3
3146400,12.075,11.4375,10.2875,11.3
3147000,12.05,11.425,10.325,11.3
3147600,12.025,11.4125,10.3625,11.3
3148200,12,11.4,10.4,11.3
3148800,11.9875,11.35,10.3875,11.25
3149400,11.975,11.3,10.375,11.2
3150000,11.9625,11.25,10.3625,11.15
3150600,11.95,11.2,10.35,11.1
3151200,11.9375,11.15,10.3375,11.05
3151800,11.925,11.1,10.325,11
3152400,11.9125,11.05,10.3125,10.95
3153000,11.9,11,10.3,10.9
3153600,11.875,10.9625,10.3125,10.85
3154200,11.85,10.925,10.325,10.8
3154800,11.825,10.8875,10.3375,10.75
3155400,11.8,10.85,10.35,10.7
3156000,11.775,10.8125,10.3625,10.65
3156600,11.75,10.775,10.375,10.6
3157200,11.725,10.7375,10.3875,10.55
3157800,11.7,10.7,10.4,10.5
3158400,11.67777778,10.73333333,10.38888889,10.53333333
3159000,11.65555556,10.76666667,10.37777778,10.56666667
3159600,11.63333333,10.8,10.36666667,10.6
3160200,11.61111111,10.83333333,10.35555556,10.63333333
3160800,11.58888889,10.86666667,10.34444444,10.66666667
3161400,11.56666667,10.9,10.33333333,10.7
3162000,11.54444444,10.93333333,10.32222222,10.73333333
3162600,11.52222222,10.96666667,10.31111111,10.76666667
3163200,11.5,11,10.3,10.8
3163800,11.45,11,10.2525,10.8
3164400,11.4,11,10.205,10.8
3165000,11.35,11,10.1575,10.8
3165600,11.3,11,10.11,10.8
3166200,11.25,11,10.0625,10.8
3166800,11.2,11,10.015,10.8
3167400,11.15,11,9.9675,10.8
3168000,11.1,11,9.92,10.8
3168600,11.1625,11,9.795,10.8125
3169200,11.225,11,9.67,10.825
3169800,11.2875,11,9.545,10.8375
3170400,11.35,11,9.42,10.85
3171000,11.4125,11,9.295,10.8625
3171600,11.475,11,9.17,10.875
3172200,11.5375,11,9.045,10.8875
3172800,11.6,11,8.92,10.9
3173400,11.61111111,10.98888889,8.922222222,10.9
3174000,11.62222222,10.97777778,8.924444444,10.9
3174600,11.63333333,10.96666667,8.926666667,10.9
3175200,11.64444444,10.95555556,8.928888889,10.9
3175800,11.65555556,10.94444444,8.931111111,10.9
3176400,11.66666667,10.93333333,8.933333333,10.9
3177000,11.67777778,10.92222222,8.935555556,10.9
3177600,11.68888889,10.91111111,8.937777778,10.9
3178200,11.7,10.9,8.94,10.9
3178800,11.7,10.9,8.92,10.8875
3179400,11.7,10.9,8.9,10.875
3180000,11.7,10.9,8.88,10.8625
3180600,11.7,10.9,8.86,10.85
3181200,11.7,10.9,8.84,10.8375
3181800,11.7,10.9,8.82,10.825
3182400,11.7,10.9,8.8,10.8125
3183000,11.7,10.9,8.78,10.8
3183600,11.7,10.9125,8.72,10.8
3184200,11.7,10.925,8.66,10.8
3184800,11.7,10.9375,8.6,10.8
3185400,11.7,10.95,8.54,10.8
3186000,11.7,10.9625,8.48,10.8
3186600,11.7,10.975,8.42,10.8
3187200,11.7,10.9875,8.36,10.8
3187800,11.7,11,8.3,10.8
3188400,11.7,10.97777778,8.345555556,10.8
3189000,11.7,10.95555556,8.391111111,10.8
3189600,11.7,10.93333333,8.436666667,10.8
3190200,11.7,10.91111111,8.482222222,10.8
3190800,11.7,10.88888889,8.527777778,10.8
3191400,11.7,10.86666667,8.573333333,10.8
3192000,11.7,10.84444444,8.618888889,10.8
3192600,11.7,10.82222222,8.664444444,10.8
3193200,11.7,10.8,8.71,10.8
3193800,11.7,10.8125,8.685,10.8
3194400,11.7,10.825,8.66,10.8
3195000,11.7,10.8375,8.635,10.8
3195600,11.7,10.85,8.61,10.8
3196200,11.7,10.8625,8.585,10.8
3196800,11.7,10.875,8.56,10.8
3197400,11.7,10.8875,8.535,10.8
3198000,11.7,10.9,8.51,10.8
3198600,11.7,10.9125,8.46625,10.8125
3199200,11.7,10.925,8.4225,10.825
3199800,11.7,10.9375,8.37875,10.8375
3200400,11.7,10.95,8.335,10.85
3201000,11.7,10.9625,8.29125,10.8625
3201600,11.7,10.975,8.2475,10.875
3202200,11.7,10.9875,8.20375,10.8875
3202800,11.7,11,8.16,10.9
3203400,11.7,10.9875,8.16875,10.8875
3204000,11.7,10.975,8.1775,10.875
3204600,11.7,10.9625,8.18625,10.8625
3205200,11.7,10.95,8.195,10.85
3205800,11.7,10.9375,8.20375,10.8375
3206400,11.7,10.925,8.2125,10.825
3207000,11.7,10.9125,8.22125,10.8125
3207600,11.7,10.9,8.23,10.8
3208200,11.7,10.9,8.305555556,10.78888889
3208800,11.7,10.9,8.381111111,10.77777778
3209400,11.7,10.9,8.456666667,10.76666667
3210000,11.7,10.9,8.532222222,10.75555556
3210600,11.7,10.9,8.607777778,10.74444444
3211200,11.7,10.9,8.683333333,10.73333333
3211800,11.7,10.9,8.758888889,10.72222222
3212400,11.7,10.9,8.834444444,10.71111111
3213000,11.7,10.9,8.91,10.7
3213600,11.7,10.8875,8.905,10.65
3214200,11.7,10.875,8.9,10.6
3214800,11.7,10.8625,8.895,10.55
3215400,11.7,10.85,8.89,10.5
3216000,11.7,10.8375,8.885,10.45
3216600,11.7,10.825,8.88,10.4
3217200,11.7,10.8125,8.875,10.35
3217800,11.7,10.8,8.87,10.3
3218400,11.6625,10.825,8.84375,10.3375
3219000,11.625,10.85,8.8175,10.375
3219600,11.5875,10.875,8.79125,10.4125
3220200,11.55,10.9,8.765,10.45
3220800,11.5125,10.925,8.73875,10.4875
3221400,11.475,10.95,8.7125,10.525
3222000,11.4375,10.975,8.68625,10.5625
3222600,11.4,11,8.66,10.6
3223200,11.34444444,11,8.658888889,10.57777778
3223800,11.28888889,11,8.657777778,10.55555556
3224400,11.23333333,11,8.656666667,10.53333333
3225000,11.17777778,11,8.655555556,10.51111111
3225600,11.12222222,11,8.654444444,10.48888889
3226200,11.06666667,11,8.653333333,10.46666667
3226800,11.01111111,11,8.652222222,10.44444444
3227400,10.95555556,11,8.651111111,10.42222222
3228000,10.9,11,8.65,10.4
3228600,10.9,11,8.59875,10.4125
3229200,10.9,11,8.5475,10.425
3229800,10.9,11,8.49625,10.4375
3230400,10.9,11,8.445,10.45
3231000,10.9,11,8.39375,10.4625
3231600,10.9,11,8.3425,10.475
3232200,10.9,11,8.29125,10.4875
3232800,10.9,11,8.24,10.5
3233400,10.95,11,8.33125,10.5125
3234000,11,11,8.4225,10.525
3234600,11.05,11,8.51375,10.5375
3235200,11.1,11,8.605,10.55
3235800,11.15,11,8.69625,10.5625
3236400,11.2,11,8.7875,10.575
3237000,11.25,11,8.87875,10.5875
3237600,11.3,11,8.97,10.6
3238200,11.35555556,11.01111111,8.97,10.61111111
3238800,11.41111111,11.02222222,8.97,10.62222222
3239400,11.46666667,11.03333333,8.97,10.63333333
3240000,11.52222222,11.04444444,8.97,10.64444444
3240600,11.57777778,11.05555556,8.97,10.65555556
3241200,11.63333333,11.06666667,8.97,10.66666667
3241800,11.68888889,11.07777778,8.97,10.67777778
3242400,11.74444444,11.08888889,8.97,10.68888889
3243000,11.8,11.1,8.97,10.7
3243600,11.7625,11.0875,8.96875,10.7125
3244200,11.725,11.075,8.9675,10.725
3244800,11.6875,11.0625,8.96625,10.7375
3245400,11.65,11.05,8.965,10.75
3246000,11.6125,11.0375,8.96375,10.7625
3246600,11.575,11.025,8.9625,10.775
3247200,11.5375,11.0125,8.96125,10.7875
3247800,11.5,11,8.96,10.8
3248400,11.525,11.0125,8.94875,10.8
3249000,11.55,11.025,8.9375,10.8
3249600,11.575,11.0375,8.92625,10.8
3250200,11.6,11.05,8.915,10.8
3250800,11.625,11.0625,8.90375,10.8
3251400,11.65,11.075,8.8925,10.8
3252000,11.675,11.0875,8.88125,10.8
3252600,11.7,11.1,8.87,10.8
3253200,11.7,11.1,8.855,10.8
3253800,11.7,11.1,8.84,10.8
3254400,11.7,11.1,8.825,10.8
3255000,11.7,11.1,8.81,10.8
3255600,11.7,11.1,8.795,10.8
3256200,11.7,11.1,8.78,10.8
3256800,11.7,11.1,8.765,10.8
3257400,11.7,11.1,8.75,10.8
3258000,11.66666667,11.08888889,8.755555556,10.78888889
3258600,11.63333333,11.07777778,8.761111111,10.77777778
3259200,11.6,11.06666667,8.766666667,10.76666667
3259800,11.56666667,11.05555556,8.772222222,10.75555556
3260400,11.53333333,11.04444444,8.777777778,10.74444444
3261000,11.5,11.03333333,8.783333333,10.73333333
3261600,11.46666667,11.02222222,8.788888889,10.72222222
3262200,11.43333333,11.01111111,8.794444444,10.71111111
3262800,11.4,11,8.8,10.7
3263400,11.35,10.975,8.79875,10.7
3264000,11.3,10.95,8.7975,10.7
3264600,11.25,10.925,8.79625,10.7
3265200,11.2,10.9,8.795,10.7
3265800,11.15,10.875,8.79375,10.7
3266400,11.1,10.85,8.7925,10.7
3267000,11.05,10.825,8.79125,10.7
3267600,11,10.8,8.79,10.7
3268200,10.9875,10.8125,8.79,10.7
3268800,10.975,10.825,8.79,10.7
3269400,10.9625,10.8375,8.79,10.7
3270000,10.95,10.85,8.79,10.7
3270600,10.9375,10.8625,8.79,10.7
3271200,10.925,10.875,8.79,10.7
3271800,10.9125,10.8875,8.79,10.7
3272400,10.9,10.9,8.79,10.7
3273000,10.95555556,10.9,8.787777778,10.67777778
3273600,11.01111111,10.9,8.785555556,10.65555556
3274200,11.06666667,10.9,8.783333333,10.63333333
3274800,11.12222222,10.9,8.781111111,10.61111111
3275400,11.17777778,10.9,8.778888889,10.58888889
3276000,11.23333333,10.9,8.776666667,10.56666667
3276600,11.28888889,10.9,8.774444444,10.54444444
3277200,11.34444444,10.9,8.772222222,10.52222222
3277800,11.4,10.9,8.77,10.5
3278400,11.4125,10.8875,8.77,10.5
3279000,11.425,10.875,8.77,10.5
3279600,11.4375,10.8625,8.77,10.5
3280200,11.45,10.85,8.77,10.5
3280800,11.4625,10.8375,8.77,10.5
3281400,11.475,10.825,8.77,10.5
3282000,11.4875,10.8125,8.77,10.5
3282600,11.5,10.8,8.77,10.5
3283200,11.5125,10.8,8.75375,10.5125
3283800,11.525,10.8,8.7375,10.525
3284400,11.5375,10.8,8.72125,10.5375
3285000,11.55,10.8,8.705,10.55
3285600,11.5625,10.8,8.68875,10.5625
3286200,11.575,10.8,8.6725,10.575
3286800,11.5875,10.8,8.65625,10.5875
3287400,11.6,10.8,8.64,10.6
3288000,11.62222222,10.8,8.621111111,10.61111111
3288600,11.64444444,10.8,8.602222222,10.62222222
3289200,11.66666667,10.8,8.583333333,10.63333333
3289800,11.68888889,10.8,8.564444444,10.64444444
3290400,11.71111111,10.8,8.545555556,10.65555556
3291000,11.73333333,10.8,8.526666667,10.66666667
3291600,11.75555556,10.8,8.507777778,10.67777778
3292200,11.77777778,10.8,8.488888889,10.68888889
3292800,11.8,10.8,8.47,10.7
3293400,11.8,10.8,8.46,10.7
3294000,11.8,10.8,8.45,10.7
3294600,11.8,10.8,8.44,10.7
3295200,11.8,10.8,8.43,10.7
3295800,11.8,10.8,8.42,10.7
3296400,11.8,10.8,8.41,10.7
3297000,11.8,10.8,8.4,10.7
3297600,11.8,10.8,8.39,10.7
3298200,11.7875,10.8,8.44875,10.7125
3298800,11.775,10.8,8.5075,10.725
3299400,11.7625,10.8,8.56625,10.7375
3300000,11.75,10.8,8.625,10.75
3300600,11.7375,10.8,8.68375,10.7625
3301200,11.725,10.8,8.7425,10.775
3301800,11.7125,10.8,8.80125,10.7875
3302400,11.7,10.8,8.86,10.8
3303000,11.6875,10.8125,8.87125,10.8
3303600,11.675,10.825,8.8825,10.8
3304200,11.6625,10.8375,8.89375,10.8
3304800,11.65,10.85,8.905,10.8
3305400,11.6375,10.8625,8.91625,10.8
3306000,11.625,10.875,8.9275,10.8
3306600,11.6125,10.8875,8.93875,10.8
3307200,11.6,10.9,8.95,10.8
3307800,11.61111111,10.91111111,8.953333333,10.8
3308400,11.62222222,10.92222222,8.956666667,10.8
3309000,11.63333333,10.93333333,8.96,10.8
3309600,11.64444444,10.94444444,8.963333333,10.8
3310200,11.65555556,10.95555556,8.966666667,10.8
3310800,11.66666667,10.96666667,8.97,10.8
3311400,11.67777778,10.97777778,8.973333333,10.8
3312000,11.68888889,10.98888889,8.976666667,10.8
3312600,11.7,11,8.98,10.8
3313200,11.7125,10.9625,8.9725,10.8
3313800,11.725,10.925,8.965,10.8
3314400,11.7375,10.8875,8.9575,10.8
3315000,11.75,10.85,8.95,10.8
3315600,11.7625,10.8125,8.9425,10.8
3316200,11.775,10.775,8.935,10.8
3316800,11.7875,10.7375,8.9275,10.8
3317400,11.8,10.7,8.92,10.8
3318000,11.8125,10.675,8.9225,10.8125
3318600,11.825,10.65,8.925,10.825
3319200,11.8375,10.625,8.9275,10.8375
3319800,11.85,10.6,8.93,10.85
3320400,11.8625,10.575,8.9325,10.8625
3321000,11.875,10.55,8.935,10.875
3321600,11.8875,10.525,8.9375,10.8875
3322200,11.9,10.5,8.94,10.9
3322800,11.88888889,10.46666667,8.945555556,10.9
3323400,11.87777778,10.43333333,8.951111111,10.9
3324000,11.86666667,10.4,8.956666667,10.9
3324600,11.85555556,10.36666667,8.962222222,10.9
3325200,11.84444444,10.33333333,8.967777778,10.9
3325800,11.83333333,10.3,8.973333333,10.9
3326400,11.82222222,10.26666667,8.978888889,10.9
3327000,11.81111111,10.23333333,8.984444444,10.9
3327600,11.8,10.2,8.99,10.9
3328200,11.7125,10.275,8.98625,10.9
3328800,11.625,10.35,8.9825,10.9
3329400,11.5375,10.425,8.97875,10.9
3330000,11.45,10.5,8.975,10.9
3330600,11.3625,10.575,8.97125,10.9
3331200,11.275,10.65,8.9675,10.9
3331800,11.1875,10.725,8.96375,10.9
3332400,11.1,10.8,8.96,10.9
3333000,11.1375,10.7875,8.96125,10.8875
3333600,11.175,10.775,8.9625,10.875
3334200,11.2125,10.7625,8.96375,10.8625
3334800,11.25,10.75,8.965,10.85
3335400,11.2875,10.7375,8.96625,10.8375
3336000,11.325,10.725,8.9675,10.825
3336600,11.3625,10.7125,8.96875,10.8125
3337200,11.4,10.7,8.97,10.8
3337800,11.45555556,10.66666667,8.981111111,10.81111111
3338400,11.51111111,10.63333333,8.992222222,10.82222222
3339000,11.56666667,10.6,9.003333333,10.83333333
3339600,11.62222222,10.56666667,9.014444444,10.84444444
3340200,11.67777778,10.53333333,9.025555556,10.85555556
3340800,11.73333333,10.5,9.036666667,10.86666667
3341400,11.78888889,10.46666667,9.047777778,10.87777778
3342000,11.84444444,10.43333333,9.058888889,10.88888889
3342600,11.9,10.4,9.07,10.9
3343200,11.9,10.4625,8.96375,10.9
3343800,11.9,10.525,8.8575,10.9
3344400,11.9,10.5875,8.75125,10.9
3345000,11.9,10.65,8.645,10.9
3345600,11.9,10.7125,8.53875,10.9
3346200,11.9,10.775,8.4325,10.9
3346800,11.9,10.8375,8.32625,10.9
3347400,11.9,10.9,8.22,10.9
3348000,11.8875,10.9,8.32625,10.9
3348600,11.875,10.9,8.4325,10.9
3349200,11.8625,10.9,8.53875,10.9
3349800,11.85,10.9,8.645,10.9
3350400,11.8375,10.9,8.75125,10.9
3351000,11.825,10.9,8.8575,10.9
3351600,11.8125,10.9,8.96375,10.9
3352200,11.8,10.9,9.07,10.9
3352800,11.8,10.925,9.0775,10.9
3353400,11.8,10.95,9.085,10.9
3354000,11.8,10.975,9.0925,10.9
3354600,11.8,11,9.1,10.9
3355200,11.8,11.025,9.1075,10.9
3355800,11.8,11.05,9.115,10.9
3356400,11.8,11.075,9.1225,10.9
3357000,11.8,11.1,9.13,10.9
3357600,11.77777778,11.08888889,9.126666667,10.91111111
3358200,11.75555556,11.07777778,9.123333333,10.92222222
3358800,11.73333333,11.06666667,9.12,10.93333333
3359400,11.71111111,11.05555556,9.116666667,10.94444444
3360000,11.68888889,11.04444444,9.113333333,10.95555556
3360600,11.66666667,11.03333333,9.11,10.96666667
3361200,11.64444444,11.02222222,9.106666667,10.97777778
3361800,11.62222222,11.01111111,9.103333333,10.98888889
3362400,11.6,11,9.1,11
3363000,11.625,11,9.1025,10.9875
3363600,11.65,11,9.105,10.975
3364200,11.675,11,9.1075,10.9625
3364800,11.7,11,9.11,10.95
3365400,11.725,11,9.1125,10.9375
3366000,11.75,11,9.115,10.925
3366600,11.775,11,9.1175,10.9125
3367200,11.8,11,9.12,10.9
3367800,11.8125,11,9.1225,10.9
3368400,11.825,11,9.125,10.9
3369000,11.8375,11,9.1275,10.9
3369600,11.85,11,9.13,10.9
3370200,11.8625,11,9.1325,10.9
3370800,11.875,11,9.135,10.9
3371400,11.8875,11,9.1375,10.9
3372000,11.9,11,9.14,10.9
3372600,11.9,11,9.142222222,10.91111111
3373200,11.9,11,9.144444444,10.92222222
3373800,11.9,11,9.146666667,10.93333333
3374400,11.9,11,9.148888889,10.94444444
3375000,11.9,11,9.151111111,10.95555556
3375600,11.9,11,9.153333333,10.96666667
3376200,11.9,11,9.155555556,10.97777778
3376800,11.9,11,9.157777778,10.98888889
3377400,11.9,11,9.16,11
3378000,11.9,11.0125,9.155,11
3378600,11.9,11.025,9.15,11
3379200,11.9,11.0375,9.145,11
3379800,11.9,11.05,9.14,11
3380400,11.9,11.0625,9.135,11
3381000,11.9,11.075,9.13,11
3381600,11.9,11.0875,9.125,11
3382200,11.9,11.1,9.12,11
3382800,11.9,11.1,9.11375,10.9875
3383400,11.9,11.1,9.1075,10.975
3384000,11.9,11.1,9.10125,10.9625
3384600,11.9,11.1,9.095,10.95
3385200,11.9,11.1,9.08875,10.9375
3385800,11.9,11.1,9.0825,10.925
3386400,11.9,11.1,9.07625,10.9125
3387000,11.9,11.1,9.07,10.9
3387600,11.88888889,11.08888889,9.062222222,10.9
3388200,11.87777778,11.07777778,9.054444444,10.9
3388800,11.86666667,11.06666667,9.046666667,10.9
3389400,11.85555556,11.05555556,9.038888889,10.9
3390000,11.84444444,11.04444444,9.031111111,10.9
3390600,11.83333333,11.03333333,9.023333333,10.9
3391200,11.82222222,11.02222222,9.015555556,10.9
3391800,11.81111111,11.01111111,9.007777778,10.9
3392400,11.8,11,9,10.9
3393000,11.8125,11,9.01375,10.9
3393600,11.825,11,9.0275,10.9
3394200,11.8375,11,9.04125,10.9
3394800,11.85,11,9.055,10.9
3395400,11.8625,11,9.06875,10.9
3396000,11.875,11,9.0825,10.9
3396600,11.8875,11,9.09625,10.9
3397200,11.9,11,9.11,10.9
3397800,11.9,11,9.1825,10.9
3398400,11.9,11,9.255,10.9
3399000,11.9,11,9.3275,10.9
3399600,11.9,11,9.4,10.9
3400200,11.9,11,9.4725,10.9
3400800,11.9,11,9.545,10.9
3401400,11.9,11,9.6175,10.9
3402000,11.9,11,9.69,10.9
3402600,11.8875,10.975,9.74125,10.9125
3403200,11.875,10.95,9.7925,10.925
3403800,11.8625,10.925,9.84375,10.9375
3404400,11.85,10.9,9.895,10.95
3405000,11.8375,10.875,9.94625,10.9625
3405600,11.825,10.85,9.9975,10.975
3406200,11.8125,10.825,10.04875,10.9875
3406800,11.8,10.8,10.1,11
3407400,11.8,10.76666667,10.11111111,11
3408000,11.8,10.73333333,10.12222222,11
3408600,11.8,10.7,10.13333333,11
3409200,11.8,10.66666667,10.14444444,11
3409800,11.8,10.63333333,10.15555556,11
3410400,11.8,10.6,10.16666667,11
3411000,11.8,10.56666667,10.17777778,11
3411600,11.8,10.53333333,10.18888889,11
3412200,11.8,10.5,10.2,11
3412800,11.8,10.5375,10.2,10.9875
3413400,11.8,10.575,10.2,10.975
3414000,11.8,10.6125,10.2,10.9625
3414600,11.8,10.65,10.2,10.95
3415200,11.8,10.6875,10.2,10.9375
3415800,11.8,10.725,10.2,10.925
3416400,11.8,10.7625,10.2,10.9125
3417000,11.8,10.8,10.2,10.9
3417600,11.65,10.8,10.2125,10.8875
3418200,11.5,10.8,10.225,10.875
3418800,11.35,10.8,10.2375,10.8625
3419400,11.2,10.8,10.25,10.85
3420000,11.05,10.8,10.2625,10.8375
3420600,10.9,10.8,10.275,10.825
3421200,10.75,10.8,10.2875,10.8125
3421800,10.6,10.8,10.3,10.8
3422400,10.46111111,10.74444444,10.23333333,10.77777778
3423000,10.32222222,10.68888889,10.16666667,10.75555556
3423600,10.18333333,10.63333333,10.1,10.73333333
3424200,10.04444444,10.57777778,10.03333333,10.71111111
3424800,9.905555556,10.52222222,9.966666667,10.68888889
3425400,9.766666667,10.46666667,9.9,10.66666667
3426000,9.627777778,10.41111111,9.833333333,10.64444444
3426600,9.488888889,10.35555556,9.766666667,10.62222222
3427200,9.35,10.3,9.7,10.6
3427800,9.34125,10.2875,9.6425,10.6125
3428400,9.3325,10.275,9.585,10.625
3429000,9.32375,10.2625,9.5275,10.6375
3429600,9.315,10.25,9.47,10.65
3430200,9.30625,10.2375,9.4125,10.6625
3430800,9.2975,10.225,9.355,10.675
3431400,9.28875,10.2125,9.2975,10.6875
3432000,9.28,10.2,9.24,10.7
3432600,9.28,10.1875,9.235,10.7
3433200,9.28,10.175,9.23,10.7
3433800,9.28,10.1625,9.225,10.7
3434400,9.28,10.15,9.22,10.7
3435000,9.28,10.1375,9.215,10.7
3435600,9.28,10.125,9.21,10.7
3436200,9.28,10.1125,9.205,10.7
3436800,9.28,10.1,9.2,10.7
3437400,9.283333333,10.1,9.197777778,10.7
3438000,9.286666667,10.1,9.195555556,10.7
3438600,9.29,10.1,9.193333333,10.7
3439200,9.293333333,10.1,9.191111111,10.7
3439800,9.296666667,10.1,9.188888889,10.7
3440400,9.3,10.1,9.186666667,10.7
3441000,9.303333333,10.1,9.184444444,10.7
3441600,9.306666667,10.1,9.182222222,10.7
3442200,9.31,10.1,9.18,10.7
3442800,9.29,10.06875,9.1825,10.6875
3443400,9.27,10.0375,9.185,10.675
3444000,9.25,10.00625,9.1875,10.6625
3444600,9.23,9.975,9.19,10.65
3445200,9.21,9.94375,9.1925,10.6375
3445800,9.19,9.9125,9.195,10.625
3446400,9.17,9.88125,9.1975,10.6125
3447000,9.15,9.85,9.2,10.6
3447600,9.14,9.8175,9.1975,10.5625
3448200,9.13,9.785,9.195,10.525
3448800,9.12,9.7525,9.1925,10.4875
3449400,9.11,9.72,9.19,10.45
3450000,9.1,9.6875,9.1875,10.4125
3450600,9.09,9.655,9.185,10.375
3451200,9.08,9.6225,9.1825,10.3375
3451800,9.07,9.59,9.18,10.3
3452400,9.09125,9.5825,9.185,10.23125
3453000,9.1125,9.575,9.19,10.1625
3453600,9.13375,9.5675,9.195,10.09375
3454200,9.155,9.56,9.2,10.025
3454800,9.17625,9.5525,9.205,9.95625
3455400,9.1975,9.545,9.21,9.8875
3456000,9.21875,9.5375,9.215,9.81875
3456600,9.24,9.53,9.22,9.75
3457200,9.225555556,9.526666667,9.182222222,9.771111111
3457800,9.211111111,9.523333333,9.144444444,9.792222222
3458400,9.196666667,9.52,9.106666667,9.813333333
3459000,9.182222222,9.516666667,9.068888889,9.834444444
3459600,9.167777778,9.513333333,9.031111111,9.855555556
3460200,9.153333333,9.51,8.993333333,9.876666667
3460800,9.138888889,9.506666667,8.955555556,9.897777778
3461400,9.124444444,9.503333333,8.917777778,9.918888889
3462000,9.11,9.5,8.88,9.94
3462600,9.115,9.46,8.845,9.93875
3463200,9.12,9.42,8.81,9.9375
3463800,9.125,9.38,8.775,9.93625
3464400,9.13,9.34,8.74,9.935
3465000,9.135,9.3,8.705,9.93375
3465600,9.14,9.26,8.67,9.9325
3466200,9.145,9.22,8.635,9.93125
3466800,9.15,9.18,8.6,9.93
3467400,9.145,9.18875,8.53625,9.9275
3468000,9.14,9.1975,8.4725,9.925
3468600,9.135,9.20625,8.40875,9.9225
3469200,9.13,9.215,8.345,9.92
3469800,9.125,9.22375,8.28125,9.9175
3470400,9.12,9.2325,8.2175,9.915
3471000,9.115,9.24125,8.15375,9.9125
3471600,9.11,9.25,8.09,9.91
3472200,9.105555556,9.246666667,8.034444444,9.917777778
3472800,9.101111111,9.243333333,7.978888889,9.925555556
3473400,9.096666667,9.24,7.923333333,9.933333333
3474000,9.092222222,9.236666667,7.867777778,9.941111111
3474600,9.087777778,9.233333333,7.812222222,9.948888889
3475200,9.083333333,9.23,7.756666667,9.956666667
3475800,9.078888889,9.226666667,7.701111111,9.964444444
3476400,9.074444444,9.223333333,7.645555556,9.972222222
3477000,9.07,9.22,7.59,9.98
3477600,9.07875,9.22375,7.57125,9.9625
3478200,9.0875,9.2275,7.5525,9.945
3478800,9.09625,9.23125,7.53375,9.9275
3479400,9.105,9.235,7.515,9.91
3480000,9.11375,9.23875,7.49625,9.8925
3480600,9.1225,9.2425,7.4775,9.875
3481200,9.13125,9.24625,7.45875,9.8575
3481800,9.14,9.25,7.44,9.84
3482400,9.13375,9.2475,7.4,9.82875
3483000,9.1275,9.245,7.36,9.8175
3483600,9.12125,9.2425,7.32,9.80625
3484200,9.115,9.24,7.28,9.795
3484800,9.10875,9.2375,7.24,9.78375
3485400,9.1025,9.235,7.2,9.7725
3486000,9.09625,9.2325,7.16,9.76125
3486600,9.09,9.23,7.12,9.75
3487200,9.09,9.23,7.126666667,9.743333333
3487800,9.09,9.23,7.133333333,9.736666667
3488400,9.09,9.23,7.14,9.73
3489000,9.09,9.23,7.146666667,9.723333333
3489600,9.09,9.23,7.153333333,9.716666667
3490200,9.09,9.23,7.16,9.71
3490800,9.09,9.23,7.166666667,9.703333333
3491400,9.09,9.23,7.173333333,9.696666667
3492000,9.09,9.23,7.18,9.69
3492600,9.0875,9.225,7.17,9.7
3493200,9.085,9.22,7.16,9.71
3493800,9.0825,9.215,7.15,9.72
3494400,9.08,9.21,7.14,9.73
3495000,9.0775,9.205,7.13,9.74
3495600,9.075,9.2,7.12,9.75
3496200,9.0725,9.195,7.11,9.76
3496800,9.07,9.19,7.1,9.77
3497400,9.085,9.17875,7.10875,9.7625
3498000,9.1,9.1675,7.1175,9.755
3498600,9.115,9.15625,7.12625,9.7475
3499200,9.13,9.145,7.135,9.74
3499800,9.145,9.13375,7.14375,9.7325
3500400,9.16,9.1225,7.1525,9.725
3501000,9.175,9.11125,7.16125,9.7175
3501600,9.19,9.1,7.17,9.71
3502200,9.185,9.1,7.15875,9.69625
3502800,9.18,9.1,7.1475,9.6825
3503400,9.175,9.1,7.13625,9.66875
3504000,9.17,9.1,7.125,9.655
3504600,9.165,9.1,7.11375,9.64125
3505200,9.16,9.1,7.1025,9.6275
3505800,9.155,9.1,7.09125,9.61375
3506400,9.15,9.1,7.08,9.6
3507000,9.147777778,9.118888889,7.076666667,9.617777778
3507600,9.145555556,9.137777778,7.073333333,9.635555556
3508200,9.143333333,9.156666667,7.07,9.653333333
3508800,9.141111111,9.175555556,7.066666667,9.671111111
3509400,9.138888889,9.194444444,7.063333333,9.688888889
3510000,9.136666667,9.213333333,7.06,9.706666667
3510600,9.134444444,9.232222222,7.056666667,9.724444444
3511200,9.132222222,9.251111111,7.053333333,9.742222222
3511800,9.13,9.27,7.05,9.76
3512400,9.12875,9.2525,6.9875,9.7825
3513000,9.1275,9.235,6.925,9.805
3513600,9.12625,9.2175,6.8625,9.8275
3514200,9.125,9.2,6.8,9.85
3514800,9.12375,9.1825,6.7375,9.8725
3515400,9.1225,9.165,6.675,9.895
3516000,9.12125,9.1475,6.6125,9.9175
3516600,9.12,9.13,6.55,9.94
3517200,9.12,9.1575,6.52,9.9425
3517800,9.12,9.185,6.49,9.945
3518400,9.12,9.2125,6.46,9.9475
3519000,9.12,9.24,6.43,9.95
3519600,9.12,9.2675,6.4,9.9525
3520200,9.12,9.295,6.37,9.955
3520800,9.12,9.3225,6.34,9.9575
3521400,9.12,9.35,6.31,9.96
3522000,9.127777778,9.316666667,6.382222222,9.96
3522600,9.135555556,9.283333333,6.454444444,9.96
3523200,9.143333333,9.25,6.526666667,9.96
3523800,9.151111111,9.216666667,6.598888889,9.96
3524400,9.158888889,9.183333333,6.671111111,9.96
3525000,9.166666667,9.15,6.743333333,9.96
3525600,9.174444444,9.116666667,6.815555556,9.96
3526200,9.182222222,9.083333333,6.887777778,9.96
3526800,9.19,9.05,6.96,9.96
3527400,9.18,9.04,7.06375,9.95875
3528000,9.17,9.03,7.1675,9.9575
3528600,9.16,9.02,7.27125,9.95625
3529200,9.15,9.01,7.375,9.955
3529800,9.14,9,7.47875,9.95375
3530400,9.13,8.99,7.5825,9.9525
3531000,9.12,8.98,7.68625,9.95125
3531600,9.11,8.97,7.79,9.95
3532200,9.1175,8.975,7.8075,9.94875
3532800,9.125,8.98,7.825,9.9475
3533400,9.1325,8.985,7.8425,9.94625
3534000,9.14,8.99,7.86,9.945
3534600,9.1475,8.995,7.8775,9.94375
3535200,9.155,9,7.895,9.9425
3535800,9.1625,9.005,7.9125,9.94125
3536400,9.17,9.01,7.93,9.94
3537000,9.17,9.012222222,7.955555556,9.946666667
3537600,9.17,9.014444444,7.981111111,9.953333333
3538200,9.17,9.016666667,8.006666667,9.96
3538800,9.17,9.018888889,8.032222222,9.966666667
3539400,9.17,9.021111111,8.057777778,9.973333333
3540000,9.17,9.023333333,8.083333333,9.98
3540600,9.17,9.025555556,8.108888889,9.986666667
3541200,9.17,9.027777778,8.134444444,9.993333333
3541800,9.17,9.03,8.16,10
3542400,9.16125,9.03125,8.1475,10
3543000,9.1525,9.0325,8.135,10
3543600,9.14375,9.03375,8.1225,10
3544200,9.135,9.035,8.11,10
3544800,9.12625,9.03625,8.0975,10
3545400,9.1175,9.0375,8.085,10
3546000,9.10875,9.03875,8.0725,10
3546600,9.1,9.04,8.06,10
3547200,9.085,9.04,8.0425,10.0125
3547800,9.07,9.04,8.025,10.025
3548400,9.055,9.04,8.0075,10.0375
3549000,9.04,9.04,7.99,10.05
3549600,9.025,9.04,7.9725,10.0625
3550200,9.01,9.04,7.955,10.075
3550800,8.995,9.04,7.9375,10.0875
3551400,8.98,9.04,7.92,10.1
3552000,8.925,9.03125,7.94375,10.1
3552600,8.87,9.0225,7.9675,10.1
3553200,8.815,9.01375,7.99125,10.1
3553800,8.76,9.005,8.015,10.1
3554400,8.705,8.99625,8.03875,10.1
3555000,8.65,8.9875,8.0625,10.1
3555600,8.595,8.97875,8.08625,10.1
3556200,8.54,8.97,8.11,10.1
3556800,8.607777778,8.932222222,8.133333333,10.1
3557400,8.675555556,8.894444444,8.156666667,10.1
3558000,8.743333333,8.856666667,8.18,10.1
3558600,8.811111111,8.818888889,8.203333333,10.1
3559200,8.878888889,8.781111111,8.226666667,10.1
3559800,8.946666667,8.743333333,8.25,10.1
3560400,9.014444444,8.705555556,8.273333333,10.1
3561000,9.082222222,8.667777778,8.296666667,10.1
3561600,9.15,8.63,8.32,10.1
3562200,9.1275,8.58875,8.32875,10.08375
3562800,9.105,8.5475,8.3375,10.0675
3563400,9.0825,8.50625,8.34625,10.05125
3564000,9.06,8.465,8.355,10.035
3564600,9.0375,8.42375,8.36375,10.01875
3565200,9.015,8.3825,8.3725,10.0025
3565800,8.9925,8.34125,8.38125,9.98625
3566400,8.97,8.3,8.39,9.97
3567000,8.93,8.27,8.3575,9.955
3567600,8.89,8.24,8.325,9.94
3568200,8.85,8.21,8.2925,9.925
3568800,8.81,8.18,8.26,9.91
3569400,8.77,8.15,8.2275,9.895
3570000,8.73,8.12,8.195,9.88
3570600,8.69,8.09,8.1625,9.865
3571200,8.65,8.06,8.13,9.85
3571800,8.597777778,8.06,8.115555556,9.858888889
3572400,8.545555556,8.06,8.101111111,9.867777778
3573000,8.493333333,8.06,8.086666667,9.876666667
3573600,8.441111111,8.06,8.072222222,9.885555556
3574200,8.388888889,8.06,8.057777778,9.894444444
3574800,8.336666667,8.06,8.043333333,9.903333333
3575400,8.284444444,8.06,8.028888889,9.912222222
3576000,8.232222222,8.06,8.014444444,9.921111111
3576600,8.18,8.06,8,9.93
3577200,8.1775,8.0475,8.02375,9.875
3577800,8.175,8.035,8.0475,9.82
3578400,8.1725,8.0225,8.07125,9.765
3579000,8.17,8.01,8.095,9.71
3579600,8.1675,7.9975,8.11875,9.655
3580200,8.165,7.985,8.1425,9.6
3580800,8.1625,7.9725,8.16625,9.545
3581400,8.16,7.96,8.19,9.49
3582000,8.1825,7.93625,8.20125,9.4525
3582600,8.205,7.9125,8.2125,9.415
3583200,8.2275,7.88875,8.22375,9.3775
3583800,8.25,7.865,8.235,9.34
3584400,8.2725,7.84125,8.24625,9.3025
3585000,8.295,7.8175,8.2575,9.265
3585600,8.3175,7.79375,8.26875,9.2275
3586200,8.34,7.77,8.28,9.19
3586800,8.405555556,7.801111111,8.305555556,9.173333333
3587400,8.471111111,7.832222222,8.331111111,9.156666667
3588000,8.536666667,7.863333333,8.356666667,9.14
3588600,8.602222222,7.894444444,8.382222222,9.123333333
3589200,8.667777778,7.925555556,8.407777778,9.106666667
3589800,8.733333333,7.956666667,8.433333333,9.09
3590400,8.798888889,7.987777778,8.458888889,9.073333333
3591000,8.864444444,8.018888889,8.484444444,9.056666667
3591600,8.93,8.05,8.51,9.04
3592200,9.00875,8.125,8.5275,9.0675
3592800,9.0875,8.2,8.545,9.095
3593400,9.16625,8.275,8.5625,9.1225
3594000,9.245,8.35,8.58,9.15
3594600,9.32375,8.425,8.5975,9.1775
3595200,9.4025,8.5,8.615,9.205
3595800,9.48125,8.575,8.6325,9.2325
3596400,9.56,8.65,8.65,9.26
3597000,9.6125,8.73375,8.67625,9.29375
3597600,9.665,8.8175,8.7025,9.3275
3598200,9.7175,8.90125,8.72875,9.36125
3598800,9.77,8.985,8.755,9.395
3599400,9.8225,9.06875,8.78125,9.42875
3600000,9.875,9.1525,8.8075,9.4625
3600600,9.9275,9.23625,8.83375,9.49625
3601200,9.98,9.32,8.86,9.53
3601800,10.0075,9.31,8.8425,9.54
3602400,10.035,9.3,8.825,9.55
3603000,10.0625,9.29,8.8075,9.56
3603600,10.09,9.28,8.79,9.57
3604200,10.1175,9.27,8.7725,9.58
3604800,10.145,9.26,8.755,9.59
3605400,10.1725,9.25,8.7375,9.6
3606000,10.2,9.24,8.72,9.61
3606600,10.13222222,9.214444444,8.72,9.528888889
3607200,10.06444444,9.188888889,8.72,9.447777778
3607800,9.996666667,9.163333333,8.72,9.366666667
3608400,9.928888889,9.137777778,8.72,9.285555556
3609000,9.861111111,9.112222222,8.72,9.204444444
3609600,9.793333333,9.086666667,8.72,9.123333333
3610200,9.725555556,9.061111111,8.72,9.042222222
3610800,9.657777778,9.035555556,8.72,8.961111111
3611400,9.59,9.01,8.72,8.88
3612000,9.4925,9.00625,8.73625,8.79375
3612600,9.395,9.0025,8.7525,8.7075
3613200,9.2975,8.99875,8.76875,8.62125
3613800,9.2,8.995,8.785,8.535
3614400,9.1025,8.99125,8.80125,8.44875
3615000,9.005,8.9875,8.8175,8.3625
3615600,8.9075,8.98375,8.83375,8.27625
3616200,8.81,8.98,8.85,8.19
3616800,9.00875,9.07,8.8725,8.31625
3617400,9.2075,9.16,8.895,8.4425
3618000,9.40625,9.25,8.9175,8.56875
3618600,9.605,9.34,8.94,8.695
3619200,9.80375,9.43,8.9625,8.82125
3619800,10.0025,9.52,8.985,8.9475
3620400,10.20125,9.61,9.0075,9.07375
3621000,10.4,9.7,9.03,9.2
3621600,10.37777778,9.621111111,9.05,9.208888889
3622200,10.35555556,9.542222222,9.07,9.217777778
3622800,10.33333333,9.463333333,9.09,9.226666667
3623400,10.31111111,9.384444444,9.11,9.235555556
3624000,10.28888889,9.305555556,9.13,9.244444444
3624600,10.26666667,9.226666667,9.15,9.253333333
3625200,10.24444444,9.147777778,9.17,9.262222222
3625800,10.22222222,9.068888889,9.19,9.271111111
3626400,10.2,8.99,9.21,9.28
3627000,10.2,8.98125,9.24625,9.29
3627600,10.2,8.9725,9.2825,9.3
3628200,10.2,8.96375,9.31875,9.31
3628800,10.2,8.955,9.355,9.32
3629400,10.2,8.94625,9.39125,9.33
3630000,10.2,8.9375,9.4275,9.34
3630600,10.2,8.92875,9.46375,9.35
3631200,10.2,8.92,9.5,9.36
3631800,10.2125,8.955,9.48125,9.35375
3632400,10.225,8.99,9.4625,9.3475
3633000,10.2375,9.025,9.44375,9.34125
3633600,10.25,9.06,9.425,9.335
3634200,10.2625,9.095,9.40625,9.32875
3634800,10.275,9.13,9.3875,9.3225
3635400,10.2875,9.165,9.36875,9.31625
3636000,10.3,9.2,9.35,9.31
3636600,10.31111111,9.214444444,9.347777778,9.331111111
3637200,10.32222222,9.228888889,9.345555556,9.352222222
3637800,10.33333333,9.243333333,9.343333333,9.373333333
3638400,10.34444444,9.257777778,9.341111111,9.394444444
3639000,10.35555556,9.272222222,9.338888889,9.415555556
3639600,10.36666667,9.286666667,9.336666667,9.436666667
3640200,10.37777778,9.301111111,9.334444444,9.457777778
3640800,10.38888889,9.315555556,9.332222222,9.478888889
3641400,10.4,9.33,9.33,9.5
3642000,10.475,9.42625,9.32375,9.5875
3642600,10.55,9.5225,9.3175,9.675
3643200,10.625,9.61875,9.31125,9.7625
3643800,10.7,9.715,9.305,9.85
3644400,10.775,9.81125,9.29875,9.9375
3645000,10.85,9.9075,9.2925,10.025
3645600,10.925,10.00375,9.28625,10.1125
3646200,11,10.1,9.28,10.2
3646800,11.0375,10.1125,9.2875,10.1875
3647400,11.075,10.125,9.295,10.175
3648000,11.1125,10.1375,9.3025,10.1625
3648600,11.15,10.15,9.31,10.15
3649200,11.1875,10.1625,9.3175,10.1375
3649800,11.225,10.175,9.325,10.125
3650400,11.2625,10.1875,9.3325,10.1125
3651000,11.3,10.2,9.34,10.1
3651600,11.2375,10.175,9.3475,10.1125
3652200,11.175,10.15,9.355,10.125
3652800,11.1125,10.125,9.3625,10.1375
3653400,11.05,10.1,9.37,10.15
3654000,10.9875,10.075,9.3775,10.1625
3654600,10.925,10.05,9.385,10.175
3655200,10.8625,10.025,9.3925,10.1875
3655800,10.8,10,9.4,10.2
3656400,10.8,10.02222222,9.39,10.2
3657000,10.8,10.04444444,9.38,10.2
3657600,10.8,10.06666667,9.37,10.2
3658200,10.8,10.08888889,9.36,10.2
3658800,10.8,10.11111111,9.35,10.2
3659400,10.8,10.13333333,9.34,10.2
3660000,10.8,10.15555556,9.33,10.2
3660600,10.8,10.17777778,9.32,10.2
3661200,10.8,10.2,9.31,10.2
3661800,10.8,10.2,9.31375,10.2125
3662400,10.8,10.2,9.3175,10.225
3663000,10.8,10.2,9.32125,10.2375
3663600,10.8,10.2,9.325,10.25
3664200,10.8,10.2,9.32875,10.2625
3664800,10.8,10.2,9.3325,10.275
3665400,10.8,10.2,9.33625,10.2875
3666000,10.8,10.2,9.34,10.3
3666600,10.8,10.2125,9.31625,10.3
3667200,10.8,10.225,9.2925,10.3
3667800,10.8,10.2375,9.26875,10.3
3668400,10.8,10.25,9.245,10.3
3669000,10.8,10.2625,9.22125,10.3
3669600,10.8,10.275,9.1975,10.3
3670200,10.8,10.2875,9.17375,10.3
3670800,10.8,10.3,9.15,10.3
3671400,10.8,10.32222222,9.144444444,10.3
3672000,10.8,10.34444444,9.138888889,10.3
3672600,10.8,10.36666667,9.133333333,10.3
3673200,10.8,10.38888889,9.127777778,10.3
3673800,10.8,10.41111111,9.122222222,10.3
3674400,10.8,10.43333333,9.116666667,10.3
3675000,10.8,10.45555556,9.111111111,10.3
3675600,10.8,10.47777778,9.105555556,10.3
3676200,10.8,10.5,9.1,10.3
3676800,10.8,10.5,9.09625,10.3125
3677400,10.8,10.5,9.0925,10.325
3678000,10.8,10.5,9.08875,10.3375
3678600,10.8,10.5,9.085,10.35
3679200,10.8,10.5,9.08125,10.3625
3679800,10.8,10.5,9.0775,10.375
3680400,10.8,10.5,9.07375,10.3875
3681000,10.8,10.5,9.07,10.4
3681600,10.8,10.4875,9.06875,10.375
3682200,10.8,10.475,9.0675,10.35
3682800,10.8,10.4625,9.06625,10.325
3683400,10.8,10.45,9.065,10.3
3684000,10.8,10.4375,9.06375,10.275
3684600,10.8,10.425,9.0625,10.25
3685200,10.8,10.4125,9.06125,10.225
3685800,10.8,10.4,9.06,10.2
3686400,10.8,10.36666667,9.018888889,10.2
3687000,10.8,10.33333333,8.977777778,10.2
3687600,10.8,10.3,8.936666667,10.2
3688200,10.8,10.26666667,8.895555556,10.2
3688800,10.8,10.23333333,8.854444444,10.2
3689400,10.8,10.2,8.813333333,10.2
3690000,10.8,10.16666667,8.772222222,10.2
3690600,10.8,10.13333333,8.731111111,10.2
3691200,10.8,10.1,8.69,10.2
3691800,10.7875,10.08375,8.67375,10.2
3692400,10.775,10.0675,8.6575,10.2
3693000,10.7625,10.05125,8.64125,10.2
3693600,10.75,10.035,8.625,10.2
3694200,10.7375,10.01875,8.60875,10.2
3694800,10.725,10.0025,8.5925,10.2
3695400,10.7125,9.98625,8.57625,10.2
3696000,10.7,9.97,8.56,10.2
3696600,10.7125,10.03625,8.54375,10.2
3697200,10.725,10.1025,8.5275,10.2
3697800,10.7375,10.16875,8.51125,10.2
3698400,10.75,10.235,8.495,10.2
3699000,10.7625,10.30125,8.47875,10.2
3699600,10.775,10.3675,8.4625,10.2
3700200,10.7875,10.43375,8.44625,10.2
3700800,10.8,10.5,8.43,10.2
3701400,10.8125,10.5,8.2175,10.2125
3702000,10.825,10.5,8.005,10.225
3702600,10.8375,10.5,7.7925,10.2375
3703200,10.85,10.5,7.58,10.25
3703800,10.8625,10.5,7.3675,10.2625
3704400,10.875,10.5,7.155,10.275
3705000,10.8875,10.5,6.9425,10.2875
3705600,10.9,10.5,6.73,10.3
3706200,10.88888889,10.48888889,6.667777778,10.28888889
3706800,10.87777778,10.47777778,6.605555556,10.27777778
3707400,10.86666667,10.46666667,6.543333333,10.26666667
3708000,10.85555556,10.45555556,6.481111111,10.25555556
3708600,10.84444444,10.44444444,6.418888889,10.24444444
3709200,10.83333333,10.43333333,6.356666667,10.23333333
3709800,10.82222222,10.42222222,6.294444444,10.22222222
3710400,10.81111111,10.41111111,6.232222222,10.21111111
3711000,10.8,10.4,6.17,10.2
3711600,10.8,10.4,6.26375,10.2
3712200,10.8,10.4,6.3575,10.2
3712800,10.8,10.4,6.45125,10.2
3713400,10.8,10.4,6.545,10.2
3714000,10.8,10.4,6.63875,10.2
3714600,10.8,10.4,6.7325,10.2
3715200,10.8,10.4,6.82625,10.2
3715800,10.8,10.4,6.92,10.2
3716400,10.8,10.3075,7.07625,10.1875
3717000,10.8,10.215,7.2325,10.175
3717600,10.8,10.1225,7.38875,10.1625
3718200,10.8,10.03,7.545,10.15
3718800,10.8,9.9375,7.70125,10.1375
3719400,10.8,9.845,7.8575,10.125
3720000,10.8,9.7525,8.01375,10.1125
3720600,10.8,9.66,8.17,10.1
3721200,10.8,9.664444444,8.202222222,10.08666667
3721800,10.8,9.668888889,8.234444444,10.07333333
3722400,10.8,9.673333333,8.266666667,10.06
3723000,10.8,9.677777778,8.298888889,10.04666667
3723600,10.8,9.682222222,8.331111111,10.03333333
3724200,10.8,9.686666667,8.363333333,10.02
3724800,10.8,9.691111111,8.395555556,10.00666667
3725400,10.8,9.695555556,8.427777778,9.993333333
3726000,10.8,9.7,8.46,9.98
3726600,10.8,9.7875,8.47625,10.0075
3727200,10.8,9.875,8.4925,10.035
3727800,10.8,9.9625,8.50875,10.0625
3728400,10.8,10.05,8.525,10.09
3729000,10.8,10.1375,8.54125,10.1175
3729600,10.8,10.225,8.5575,10.145
3730200,10.8,10.3125,8.57375,10.1725
3730800,10.8,10.4,8.59,10.2
3731400,10.8125,10.3875,8.58375,10.175
3732000,10.825,10.375,8.5775,10.15
3732600,10.8375,10.3625,8.57125,10.125
3733200,10.85,10.35,8.565,10.1
3733800,10.8625,10.3375,8.55875,10.075
3734400,10.875,10.325,8.5525,10.05
3735000,10.8875,10.3125,8.54625,10.025
3735600,10.9,10.3,8.54,10
3736200,10.85555556,10.33333333,8.554444444,10.01111111
3736800,10.81111111,10.36666667,8.568888889,10.02222222
3737400,10.76666667,10.4,8.583333333,10.03333333
3738000,10.72222222,10.43333333,8.597777778,10.04444444
3738600,10.67777778,10.46666667,8.612222222,10.05555556
3739200,10.63333333,10.5,8.626666667,10.06666667
3739800,10.58888889,10.53333333,8.641111111,10.07777778
3740400,10.54444444,10.56666667,8.655555556,10.08888889
3741000,10.5,10.6,8.67,10.1
3741600,10.4875,10.6,8.6425,10.0875
3742200,10.475,10.6,8.615,10.075
3742800,10.4625,10.6,8.5875,10.0625
3743400,10.45,10.6,8.56,10.05
3744000,10.4375,10.6,8.5325,10.0375
3744600,10.425,10.6,8.505,10.025
3745200,10.4125,10.6,8.4775,10.0125
3745800,10.4,10.6,8.45,10
3746400,10.3625,10.575,8.465,9.9525
3747000,10.325,10.55,8.48,9.905
3747600,10.2875,10.525,8.495,9.8575
3748200,10.25,10.5,8.51,9.81
3748800,10.2125,10.475,8.525,9.7625
3749400,10.175,10.45,8.54,9.715
3750000,10.1375,10.425,8.555,9.6675
3750600,10.1,10.4,8.57,9.62
3751200,10.1625,10.425,8.57875,9.66625
3751800,10.225,10.45,8.5875,9.7125
3752400,10.2875,10.475,8.59625,9.75875
3753000,10.35,10.5,8.605,9.805
3753600,10.4125,10.525,8.61375,9.85125
3754200,10.475,10.55,8.6225,9.8975
3754800,10.5375,10.575,8.63125,9.94375
3755400,10.6,10.6,8.64,9.99
3756000,10.65555556,10.61111111,8.648888889,10.03555556
3756600,10.71111111,10.62222222,8.657777778,10.08111111
3757200,10.76666667,10.63333333,8.666666667,10.12666667
3757800,10.82222222,10.64444444,8.675555556,10.17222222
3758400,10.87777778,10.65555556,8.684444444,10.21777778
3759000,10.93333333,10.66666667,8.693333333,10.26333333
3759600,10.98888889,10.67777778,8.702222222,10.30888889
3760200,11.04444444,10.68888889,8.711111111,10.35444444
3760800,11.1,10.7,8.72,10.4
3761400,11.175,10.75,8.71625,10.4125
3762000,11.25,10.8,8.7125,10.425
3762600,11.325,10.85,8.70875,10.4375
3763200,11.4,10.9,8.705,10.45
3763800,11.475,10.95,8.70125,10.4625
3764400,11.55,11,8.6975,10.475
3765000,11.625,11.05,8.69375,10.4875
3765600,11.7,11.1,8.69,10.5
3766200,11.725,11.1375,8.6825,10.5875
3766800,11.75,11.175,8.675,10.675
3767400,11.775,11.2125,8.6675,10.7625
3768000,11.8,11.25,8.66,10.85
3768600,11.825,11.2875,8.6525,10.9375
3769200,11.85,11.325,8.645,11.025
3769800,11.875,11.3625,8.6375,11.1125
3770400,11.9,11.4,8.63,11.2
3771000,11.91111111,11.38888889,8.63,11.2
3771600,11.92222222,11.37777778,8.63,11.2
3772200,11.93333333,11.36666667,8.63,11.2
3772800,11.94444444,11.35555556,8.63,11.2
3773400,11.95555556,11.34444444,8.63,11.2
3774000,11.96666667,11.33333333,8.63,11.2
3774600,11.97777778,11.32222222,8.63,11.2
3775200,11.98888889,11.31111111,8.63,11.2
3775800,12,11.3,8.63,11.2
3776400,12.05,11.3125,8.64375,11.2125
3777000,12.1,11.325,8.6575,11.225
3777600,12.15,11.3375,8.67125,11.2375
3778200,12.2,11.35,8.685,11.25
3778800,12.25,11.3625,8.69875,11.2625
3779400,12.3,11.375,8.7125,11.275
3780000,12.35,11.3875,8.72625,11.2875
3780600,12.4,11.4,8.74,11.3
3781200,12.4,11.4,8.69375,11.3
3781800,12.4,11.4,8.6475,11.3
3782400,12.4,11.4,8.60125,11.3
3783000,12.4,11.4,8.555,11.3
3783600,12.4,11.4,8.50875,11.3
3784200,12.4,11.4,8.4625,11.3
3784800,12.4,11.4,8.41625,11.3
3785400,12.4,11.4,8.37,11.3
3786000,12.38888889,11.4,8.331111111,11.3
3786600,12.37777778,11.4,8.292222222,11.3
3787200,12.36666667,11.4,8.253333333,11.3
3787800,12.35555556,11.4,8.214444444,11.3
3788400,12.34444444,11.4,8.175555556,11.3
3789000,12.33333333,11.4,8.136666667,11.3
3789600,12.32222222,11.4,8.097777778,11.3
3790200,12.31111111,11.4,8.058888889,11.3
3790800,12.3,11.4,8.02,11.3
3791400,12.125,11.08125,8.095,11.06125
3792000,11.95,10.7625,8.17,10.8225
3792600,11.775,10.44375,8.245,10.58375
3793200,11.6,10.125,8.32,10.345
3793800,11.425,9.80625,8.395,10.10625
3794400,11.25,9.4875,8.47,9.8675
3795000,11.075,9.16875,8.545,9.62875
3795600,10.9,8.85,8.62,9.39
3796200,10.70375,8.64375,8.57125,9.18125
3796800,10.5075,8.4375,8.5225,8.9725
3797400,10.31125,8.23125,8.47375,8.76375
3798000,10.115,8.025,8.425,8.555
3798600,9.91875,7.81875,8.37625,8.34625
3799200,9.7225,7.6125,8.3275,8.1375
3799800,9.52625,7.40625,8.27875,7.92875
3800400,9.33,7.2,8.23,7.72
3801000,9.37125,7.195,8.1975,7.73625
3801600,9.4125,7.19,8.165,7.7525
3802200,9.45375,7.185,8.1325,7.76875
3802800,9.495,7.18,8.1,7.785
3803400,9.53625,7.175,8.0675,7.80125
3804000,9.5775,7.17,8.035,7.8175
3804600,9.61875,7.165,8.0025,7.83375
3805200,9.66,7.16,7.97,7.85
3805800,9.82,7.187777778,7.984444444,7.901111111
3806400,9.98,7.215555556,7.998888889,7.952222222
3807000,10.14,7.243333333,8.013333333,8.003333333
3807600,10.3,7.271111111,8.027777778,8.054444444
3808200,10.46,7.298888889,8.042222222,8.105555556
3808800,10.62,7.326666667,8.056666667,8.156666667
3809400,10.78,7.354444444,8.071111111,8.207777778
3810000,10.94,7.382222222,8.085555556,8.258888889
3810600,11.1,7.41,8.1,8.31
3811200,11.1125,7.615,8.08625,8.38125
3811800,11.125,7.82,8.0725,8.4525
3812400,11.1375,8.025,8.05875,8.52375
3813000,11.15,8.23,8.045,8.595
3813600,11.1625,8.435,8.03125,8.66625
3814200,11.175,8.64,8.0175,8.7375
3814800,11.1875,8.845,8.00375,8.80875
3815400,11.2,9.05,7.99,8.88
3816000,11.2125,9.15625,8.0225,8.91125
3816600,11.225,9.2625,8.055,8.9425
3817200,11.2375,9.36875,8.0875,8.97375
3817800,11.25,9.475,8.12,9.005
3818400,11.2625,9.58125,8.1525,9.03625
3819000,11.275,9.6875,8.185,9.0675
3819600,11.2875,9.79375,8.2175,9.09875
3820200,11.3,9.9,8.25,9.13
3820800,11.31111111,9.891111111,8.266666667,9.115555556
3821400,11.32222222,9.882222222,8.283333333,9.101111111
3822000,11.33333333,9.873333333,8.3,9.086666667
3822600,11.34444444,9.864444444,8.316666667,9.072222222
3823200,11.35555556,9.855555556,8.333333333,9.057777778
3823800,11.36666667,9.846666667,8.35,9.043333333
3824400,11.37777778,9.837777778,8.366666667,9.028888889
3825000,11.38888889,9.828888889,8.383333333,9.014444444
3825600,11.4,9.82,8.4,9
3826200,11.4,9.7675,8.40625,8.94125
3826800,11.4,9.715,8.4125,8.8825
3827400,11.4,9.6625,8.41875,8.82375
3828000,11.4,9.61,8.425,8.765
3828600,11.4,9.5575,8.43125,8.70625
3829200,11.4,9.505,8.4375,8.6475
3829800,11.4,9.4525,8.44375,8.58875
3830400,11.4,9.4,8.45,8.53
3831000,11.4,9.39875,8.44875,8.54
3831600,11.4,9.3975,8.4475,8.55
3832200,11.4,9.39625,8.44625,8.56
3832800,11.4,9.395,8.445,8.57
3833400,11.4,9.39375,8.44375,8.58
3834000,11.4,9.3925,8.4425,8.59
3834600,11.4,9.39125,8.44125,8.6
3835200,11.4,9.39,8.44,8.61
3835800,11.41111111,9.396666667,8.445555556,8.611111111
3836400,11.42222222,9.403333333,8.451111111,8.612222222
3837000,11.43333333,9.41,8.456666667,8.613333333
3837600,11.44444444,9.416666667,8.462222222,8.614444444
3838200,11.45555556,9.423333333,8.467777778,8.615555556
3838800,11.46666667,9.43,8.473333333,8.616666667
3839400,11.47777778,9.436666667,8.478888889,8.617777778
3840000,11.48888889,9.443333333,8.484444444,8.618888889
3840600,11.5,9.45,8.49,8.62
3841200,11.375,9.47375,8.46625,8.5775
3841800,11.25,9.4975,8.4425,8.535
3842400,11.125,9.52125,8.41875,8.4925
3843000,11,9.545,8.395,8.45
3843600,10.875,9.56875,8.37125,8.4075
3844200,10.75,9.5925,8.3475,8.365
3844800,10.625,9.61625,8.32375,8.3225
3845400,10.5,9.64,8.3,8.28
3846000,10.30125,9.65875,8.29625,8.28125
3846600,10.1025,9.6775,8.2925,8.2825
3847200,9.90375,9.69625,8.28875,8.28375
3847800,9.705,9.715,8.285,8.285
3848400,9.50625,9.73375,8.28125,8.28625
3849000,9.3075,9.7525,8.2775,8.2875
3849600,9.10875,9.77125,8.27375,8.28875
3850200,8.91,9.79,8.27,8.29
3850800,8.915,9.82875,8.275,8.30875
3851400,8.92,9.8675,8.28,8.3275
3852000,8.925,9.90625,8.285,8.34625
3852600,8.93,9.945,8.29,8.365
3853200,8.935,9.98375,8.295,8.38375
3853800,8.94,10.0225,8.3,8.4025
3854400,8.945,10.06125,8.305,8.42125
3855000,8.95,10.1,8.31,8.44
3855600,8.958888889,10.08555556,8.351111111,8.47
3856200,8.967777778,10.07111111,8.392222222,8.5
3856800,8.976666667,10.05666667,8.433333333,8.53
3857400,8.985555556,10.04222222,8.474444444,8.56
3858000,8.994444444,10.02777778,8.515555556,8.59
3858600,9.003333333,10.01333333,8.556666667,8.62
3859200,9.012222222,9.998888889,8.597777778,8.65
3859800,9.021111111,9.984444444,8.638888889,8.68
3860400,9.03,9.97,8.68,8.71
3861000,9.0475,10.01125,8.675,8.73375
3861600,9.065,10.0525,8.67,8.7575
3862200,9.0825,10.09375,8.665,8.78125
3862800,9.1,10.135,8.66,8.805
3863400,9.1175,10.17625,8.655,8.82875
3864000,9.135,10.2175,8.65,8.8525
3864600,9.1525,10.25875,8.645,8.87625
3865200,9.17,10.3,8.64,8.9
3865800,9.18,10.3125,8.63625,8.94625
3866400,9.19,10.325,8.6325,8.9925
3867000,9.2,10.3375,8.62875,9.03875
3867600,9.21,10.35,8.625,9.085
3868200,9.22,10.3625,8.62125,9.13125
3868800,9.23,10.375,8.6175,9.1775
3869400,9.24,10.3875,8.61375,9.22375
3870000,9.25,10.4,8.61,9.27
3870600,9.248888889,10.38888889,8.588888889,9.3
3871200,9.247777778,10.37777778,8.567777778,9.33
3871800,9.246666667,10.36666667,8.546666667,9.36
3872400,9.245555556,10.35555556,8.525555556,9.39
3873000,9.244444444,10.34444444,8.504444444,9.42
3873600,9.243333333,10.33333333,8.483333333,9.45
3874200,9.242222222,10.32222222,8.462222222,9.48
3874800,9.241111111,10.31111111,8.441111111,9.51
3875400,9.24,10.3,8.42,9.54
3876000,9.24125,10.3125,8.49,9.58625
3876600,9.2425,10.325,8.56,9.6325
3877200,9.24375,10.3375,8.63,9.67875
3877800,9.245,10.35,8.7,9.725
3878400,9.24625,10.3625,8.77,9.77125
3879000,9.2475,10.375,8.84,9.8175
3879600,9.24875,10.3875,8.91,9.86375
3880200,9.25,10.4,8.98,9.91
3880800,9.245,10.45,9.03,9.94625
3881400,9.24,10.5,9.08,9.9825
3882000,9.235,10.55,9.13,10.01875
3882600,9.23,10.6,9.18,10.055
3883200,9.225,10.65,9.23,10.09125
3883800,9.22,10.7,9.28,10.1275
3884400,9.215,10.75,9.33,10.16375
3885000,9.21,10.8,9.38,10.2
3885600,9.223333333,10.78888889,9.416666667,10.23333333
3886200,9.236666667,10.77777778,9.453333333,10.26666667
3886800,9.25,10.76666667,9.49,10.3
3887400,9.263333333,10.75555556,9.526666667,10.33333333
3888000,9.276666667,10.74444444,9.563333333,10.36666667
3888600,9.29,10.73333333,9.6,10.4
3889200,9.303333333,10.72222222,9.636666667,10.43333333
3889800,9.316666667,10.71111111,9.673333333,10.46666667
3890400,9.33,10.7,9.71,10.5
3891000,9.33,10.725,9.735,10.5
3891600,9.33,10.75,9.76,10.5
3892200,9.33,10.775,9.785,10.5
3892800,9.33,10.8,9.81,10.5
3893400,9.33,10.825,9.835,10.5
3894000,9.33,10.85,9.86,10.5
3894600,9.33,10.875,9.885,10.5
3895200,9.33,10.9,9.91,10.5
3895800,9.34375,10.9125,9.875,10.5125
3896400,9.3575,10.925,9.84,10.525
3897000,9.37125,10.9375,9.805,10.5375
3897600,9.385,10.95,9.77,10.55
3898200,9.39875,10.9625,9.735,10.5625
3898800,9.4125,10.975,9.7,10.575
3899400,9.42625,10.9875,9.665,10.5875
3900000,9.44,11,9.63,10.6
3900600,9.4275,11,9.6175,10.5875
3901200,9.415,11,9.605,10.575
3901800,9.4025,11,9.5925,10.5625
3902400,9.39,11,9.58,10.55
3903000,9.3775,11,9.5675,10.5375
3903600,9.365,11,9.555,10.525
3904200,9.3525,11,9.5425,10.5125
3904800,9.34,11,9.53,10.5
3905400,9.341111111,11.01111111,9.54,10.51111111
3906000,9.342222222,11.02222222,9.55,10.52222222
3906600,9.343333333,11.03333333,9.56,10.53333333
3907200,9.344444444,11.04444444,9.57,10.54444444
3907800,9.345555556,11.05555556,9.58,10.55555556
3908400,9.346666667,11.06666667,9.59,10.56666667
3909000,9.347777778,11.07777778,9.6,10.57777778
3909600,9.348888889,11.08888889,9.61,10.58888889
3910200,9.35,11.1,9.62,10.6
3910800,9.37125,11.0875,9.65625,10.6125
3911400,9.3925,11.075,9.6925,10.625
3912000,9.41375,11.0625,9.72875,10.6375
3912600,9.435,11.05,9.765,10.65
3913200,9.45625,11.0375,9.80125,10.6625
3913800,9.4775,11.025,9.8375,10.675
3914400,9.49875,11.0125,9.87375,10.6875
3915000,9.52,11,9.91,10.7
3915600,9.505,11.025,9.84625,10.7125
3916200,9.49,11.05,9.7825,10.725
3916800,9.475,11.075,9.71875,10.7375
3917400,9.46,11.1,9.655,10.75
3918000,9.445,11.125,9.59125,10.7625
3918600,9.43,11.15,9.5275,10.775
3919200,9.415,11.175,9.46375,10.7875
3919800,9.4,11.2,9.4,10.8
3920400,9.357777778,11.11111111,9.357777778,10.75555556
3921000,9.315555556,11.02222222,9.315555556,10.71111111
3921600,9.273333333,10.93333333,9.273333333,10.66666667
3922200,9.231111111,10.84444444,9.231111111,10.62222222
3922800,9.188888889,10.75555556,9.188888889,10.57777778
3923400,9.146666667,10.66666667,9.146666667,10.53333333
3924000,9.104444444,10.57777778,9.104444444,10.48888889
3924600,9.062222222,10.48888889,9.062222222,10.44444444
3925200,9.02,10.4,9.02,10.4
3925800,8.815,9.88,8.98,9.86625
3926400,8.61,9.36,8.94,9.3325
3927000,8.405,8.84,8.9,8.79875
3927600,8.2,8.32,8.86,8.265
3928200,7.995,7.8,8.82,7.73125
3928800,7.79,7.28,8.78,7.1975
3929400,7.585,6.76,8.74,6.66375
3930000,7.38,6.24,8.7,6.13
3930600,7.37375,6.1525,8.57875,6.0925
3931200,7.3675,6.065,8.4575,6.055
3931800,7.36125,5.9775,8.33625,6.0175
3932400,7.355,5.89,8.215,5.98
3933000,7.34875,5.8025,8.09375,5.9425
3933600,7.3425,5.715,7.9725,5.905
3934200,7.33625,5.6275,7.85125,5.8675
3934800,7.33,5.54,7.73,5.83
3935400,7.312222222,5.544444444,7.713333333,5.824444444
3936000,7.294444444,5.548888889,7.696666667,5.818888889
3936600,7.276666667,5.553333333,7.68,5.813333333
3937200,7.258888889,5.557777778,7.663333333,5.807777778
3937800,7.241111111,5.562222222,7.646666667,5.802222222
3938400,7.223333333,5.566666667,7.63,5.796666667
3939000,7.205555556,5.571111111,7.613333333,5.791111111
3939600,7.187777778,5.575555556,7.596666667,5.785555556
3940200,7.17,5.58,7.58,5.78
3940800,7.17625,5.5775,7.52625,5.78375
3941400,7.1825,5.575,7.4725,5.7875
3942000,7.18875,5.5725,7.41875,5.79125
3942600,7.195,5.57,7.365,5.795
3943200,7.20125,5.5675,7.31125,5.79875
3943800,7.2075,5.565,7.2575,5.8025
3944400,7.21375,5.5625,7.20375,5.80625
3945000,7.22,5.56,7.15,5.81
3945600,7.21875,5.5775,7.07,5.81125
3946200,7.2175,5.595,6.99,5.8125
3946800,7.21625,5.6125,6.91,5.81375
3947400,7.215,5.63,6.83,5.815
3948000,7.21375,5.6475,6.75,5.81625
3948600,7.2125,5.665,6.67,5.8175
3949200,7.21125,5.6825,6.59,5.81875
3949800,7.21,5.7,6.51,5.82
3950400,7.315,5.91875,6.45625,6.1225
3951000,7.42,6.1375,6.4025,6.425
3951600,7.525,6.35625,6.34875,6.7275
3952200,7.63,6.575,6.295,7.03
3952800,7.735,6.79375,6.24125,7.3325
3953400,7.84,7.0125,6.1875,7.635
3954000,7.945,7.23125,6.13375,7.9375
3954600,8.05,7.45,6.08,8.24
3955200,7.96,7.19,6.023333333,8.181111111
3955800,7.87,6.93,5.966666667,8.122222222
3956400,7.78,6.67,5.91,8.063333333
3957000,7.69,6.41,5.853333333,8.004444444
3957600,7.6,6.15,5.796666667,7.945555556
3958200,7.51,5.89,5.74,7.886666667
3958800,7.42,5.63,5.683333333,7.827777778
3959400,7.33,5.37,5.626666667,7.768888889
3960000,7.24,5.11,5.57,7.71
3960600,7.25875,5.0975,5.49875,7.455
3961200,7.2775,5.085,5.4275,7.2
3961800,7.29625,5.0725,5.35625,6.945
3962400,7.315,5.06,5.285,6.69
3963000,7.33375,5.0475,5.21375,6.435
3963600,7.3525,5.035,5.1425,6.18
3964200,7.37125,5.0225,5.07125,5.925
3964800,7.39,5.01,5,5.67
3965400,7.4775,4.8825,4.99125,5.4675
3966000,7.565,4.755,4.9825,5.265
3966600,7.6525,4.6275,4.97375,5.0625
3967200,7.74,4.5,4.965,4.86
3967800,7.8275,4.3725,4.95625,4.6575
3968400,7.915,4.245,4.9475,4.455
3969000,8.0025,4.1175,4.93875,4.2525
3969600,8.09,3.99,4.93,4.05
3970200,8.256666667,3.986666667,4.912222222,4.001111111
3970800,8.423333333,3.983333333,4.894444444,3.952222222
3971400,8.59,3.98,4.876666667,3.903333333
3972000,8.756666667,3.976666667,4.858888889,3.854444444
3972600,8.923333333,3.973333333,4.841111111,3.805555556
3973200,9.09,3.97,4.823333333,3.756666667
3973800,9.256666667,3.966666667,4.805555556,3.707777778
3974400,9.423333333,3.963333333,4.787777778,3.658888889
3975000,9.59,3.96,4.77,3.61
3975600,9.5825,3.95625,4.75125,3.60875
3976200,9.575,3.9525,4.7325,3.6075
3976800,9.5675,3.94875,4.71375,3.60625
3977400,9.56,3.945,4.695,3.605
3978000,9.5525,3.94125,4.67625,3.60375
3978600,9.545,3.9375,4.6575,3.6025
3979200,9.5375,3.93375,4.63875,3.60125
3979800,9.53,3.93,4.62,3.6
3980400,9.50875,3.9425,4.635,3.59875
3981000,9.4875,3.955,4.65,3.5975
3981600,9.46625,3.9675,4.665,3.59625
3982200,9.445,3.98,4.68,3.595
3982800,9.42375,3.9925,4.695,3.59375
3983400,9.4025,4.005,4.71,3.5925
3984000,9.38125,4.0175,4.725,3.59125
3984600,9.36,4.03,4.74,3.59
3985200,9.236666667,4.848888889,4.75,3.585555556
3985800,9.113333333,5.667777778,4.76,3.581111111
3986400,8.99,6.486666667,4.77,3.576666667
3987000,8.866666667,7.305555556,4.78,3.572222222
3987600,8.743333333,8.124444444,4.79,3.567777778
3988200,8.62,8.943333333,4.8,3.563333333
3988800,8.496666667,9.762222222,4.81,3.558888889
3989400,8.373333333,10.58111111,4.82,3.554444444
3990000,8.25,11.4,4.83,3.55
3990600,8.2175,11.4,4.75625,3.55875
3991200,8.185,11.4,4.6825,3.5675
3991800,8.1525,11.4,4.60875,3.57625
3992400,8.12,11.4,4.535,3.585
3993000,8.0875,11.4,4.46125,3.59375
3993600,8.055,11.4,4.3875,3.6025
3994200,8.0225,11.4,4.31375,3.61125
3994800,7.99,11.4,4.24,3.62
3995400,7.93625,11.3375,4.1875,3.62375
3996000,7.8825,11.275,4.135,3.6275
3996600,7.82875,11.2125,4.0825,3.63125
3997200,7.775,11.15,4.03,3.635
3997800,7.72125,11.0875,3.9775,3.63875
3998400,7.6675,11.025,3.925,3.6425
3999000,7.61375,10.9625,3.8725,3.64625
3999600,7.56,10.9,3.82,3.65
4000200,7.52625,10.8,3.81125,4.065
4000800,7.4925,10.7,3.8025,4.48
4001400,7.45875,10.6,3.79375,4.895
4002000,7.425,10.5,3.785,5.31
4002600,7.39125,10.4,3.77625,5.725
4003200,7.3575,10.3,3.7675,6.14
4003800,7.32375,10.2,3.75875,6.555
4004400,7.29,10.1,3.75,6.97
4005000,7.285555556,10.08555556,3.754444444,7.267777778
4005600,7.281111111,10.07111111,3.758888889,7.565555556
4006200,7.276666667,10.05666667,3.763333333,7.863333333
4006800,7.272222222,10.04222222,3.767777778,8.161111111
4007400,7.267777778,10.02777778,3.772222222,8.458888889
4008000,7.263333333,10.01333333,3.776666667,8.756666667
4008600,7.258888889,9.998888889,3.781111111,9.054444444
4009200,7.254444444,9.984444444,3.785555556,9.352222222
4009800,7.25,9.97,3.79,9.65
4010400,7.2025,10.07375,3.78,9.65875
4011000,7.155,10.1775,3.77,9.6675
4011600,7.1075,10.28125,3.76,9.67625
4012200,7.06,10.385,3.75,9.685
4012800,7.0125,10.48875,3.74,9.69375
4013400,6.965,10.5925,3.73,9.7025
4014000,6.9175,10.69625,3.72,9.71125
4014600,6.87,10.8,3.71,9.72
4015200,6.71875,10.8875,3.71125,9.73125
4015800,6.5675,10.975,3.7125,9.7425
4016400,6.41625,11.0625,3.71375,9.75375
4017000,6.265,11.15,3.715,9.765
4017600,6.11375,11.2375,3.71625,9.77625
4018200,5.9625,11.325,3.7175,9.7875
4018800,5.81125,11.4125,3.71875,9.79875
4019400,5.66,11.5,3.72,9.81
4020000,5.49,11.5,3.708888889,9.864444444
4020600,5.32,11.5,3.697777778,9.918888889
4021200,5.15,11.5,3.686666667,9.973333333
4021800,4.98,11.5,3.675555556,10.02777778
4022400,4.81,11.5,3.664444444,10.08222222
4023000,4.64,11.5,3.653333333,10.13666667
4023600,4.47,11.5,3.642222222,10.19111111
4024200,4.3,11.5,3.631111111,10.24555556
4024800,4.13,11.5,3.62,10.3
4025400,4.1275,11.4875,3.6225,10.2875
4026000,4.125,11.475,3.625,10.275
4026600,4.1225,11.4625,3.6275,10.2625
4027200,4.12,11.45,3.63,10.25
4027800,4.1175,11.4375,3.6325,10.2375
4028400,4.115,11.425,3.635,10.225
4029000,4.1125,11.4125,3.6375,10.2125
4029600,4.11,11.4,3.64,10.2
4030200,4.10875,11.4125,3.635,10.2125
4030800,4.1075,11.425,3.63,10.225
4031400,4.10625,11.4375,3.625,10.2375
4032000,4.105,11.45,3.62,10.25
4032600,4.10375,11.4625,3.615,10.2625
4033200,4.1025,11.475,3.61,10.275
4033800,4.10125,11.4875,3.605,10.2875
4034400,4.1,11.5,3.6,10.3
4035000,4.111111111,11.5,3.596666667,10.3
4035600,4.122222222,11.5,3.593333333,10.3
4036200,4.133333333,11.5,3.59,10.3
4036800,4.144444444,11.5,3.586666667,10.3
4037400,4.155555556,11.5,3.583333333,10.3
4038000,4.166666667,11.5,3.58,10.3
4038600,4.177777778,11.5,3.576666667,10.3
4039200,4.188888889,11.5,3.573333333,10.3
4039800,4.2,11.5,3.57,10.3
4040400,4.18625,11.4875,3.5725,10.3
4041000,4.1725,11.475,3.575,10.3
4041600,4.15875,11.4625,3.5775,10.3
4042200,4.145,11.45,3.58,10.3
4042800,4.13125,11.4375,3.5825,10.3
4043400,4.1175,11.425,3.585,10.3
4044000,4.10375,11.4125,3.5875,10.3
4044600,4.09,11.4,3.59,10.3
4045200,4.08875,11.4,3.5925,10.2875
4045800,4.0875,11.4,3.595,10.275
4046400,4.08625,11.4,3.5975,10.2625
4047000,4.085,11.4,3.6,10.25
4047600,4.08375,11.4,3.6025,10.2375
4048200,4.0825,11.4,3.605,10.225
4048800,4.08125,11.4,3.6075,10.2125
4049400,4.08,11.4,3.61,10.2
4050000,4.08125,11.4,3.6075,10.2
4050600,4.0825,11.4,3.605,10.2
4051200,4.08375,11.4,3.6025,10.2
4051800,4.085,11.4,3.6,10.2
4052400,4.08625,11.4,3.5975,10.2
4053000,4.0875,11.4,3.595,10.2
4053600,4.08875,11.4,3.5925,10.2
4054200,4.09,11.4,3.59,10.2
4054800,4.675555556,11.4,3.63,10.21111111
4055400,5.261111111,11.4,3.67,10.22222222
4056000,5.846666667,11.4,3.71,10.23333333
4056600,6.432222222,11.4,3.75,10.24444444
4057200,7.017777778,11.4,3.79,10.25555556
4057800,7.603333333,11.4,3.83,10.26666667
4058400,8.188888889,11.4,3.87,10.27777778
4059000,8.774444444,11.4,3.91,10.28888889
4059600,9.36,11.4,3.95,10.3
4060200,9.42,11.375,4.13375,10.3
4060800,9.48,11.35,4.3175,10.3
4061400,9.54,11.325,4.50125,10.3
4062000,9.6,11.3,4.685,10.3
4062600,9.66,11.275,4.86875,10.3
4063200,9.72,11.25,5.0525,10.3
4063800,9.78,11.225,5.23625,10.3
4064400,9.84,11.2,5.42,10.3
4065000,9.57625,11.225,5.4225,10.3
4065600,9.3125,11.25,5.425,10.3
4066200,9.04875,11.275,5.4275,10.3
4066800,8.785,11.3,5.43,10.3
4067400,8.52125,11.325,5.4325,10.3
4068000,8.2575,11.35,5.435,10.3
4068600,7.99375,11.375,5.4375,10.3
4069200,7.73,11.4,5.44,10.3
4069800,7.742222222,11.4,5.44,10.3
4070400,7.754444444,11.4,5.44,10.3
4071000,7.766666667,11.4,5.44,10.3
4071600,7.778888889,11.4,5.44,10.3
4072200,7.791111111,11.4,5.44,10.3
4072800,7.803333333,11.4,5.44,10.3
4073400,7.815555556,11.4,5.44,10.3
4074000,7.827777778,11.4,5.44,10.3
4074600,7.84,11.4,5.44,10.3
4075200,7.8225,11.4,5.42875,10.3125
4075800,7.805,11.4,5.4175,10.325
4076400,7.7875,11.4,5.40625,10.3375
4077000,7.77,11.4,5.395,10.35
4077600,7.7525,11.4,5.38375,10.3625
4078200,7.735,11.4,5.3725,10.375
4078800,7.7175,11.4,5.36125,10.3875
4079400,7.7,11.4,5.35,10.4
4080000,7.98,11.4,5.345,10.35
4080600,8.26,11.4,5.34,10.3
4081200,8.54,11.4,5.335,10.25
4081800,8.82,11.4,5.33,10.2
4082400,9.1,11.4,5.325,10.15
4083000,9.38,11.4,5.32,10.1
4083600,9.66,11.4,5.315,10.05
4084200,9.94,11.4,5.31,10
4084800,10.02444444,11.38888889,5.326666667,10.02222222
4085400,10.10888889,11.37777778,5.343333333,10.04444444
4086000,10.19333333,11.36666667,5.36,10.06666667
4086600,10.27777778,11.35555556,5.376666667,10.08888889
4087200,10.36222222,11.34444444,5.393333333,10.11111111
4087800,10.44666667,11.33333333,5.41,10.13333333
4088400,10.53111111,11.32222222,5.426666667,10.15555556
4089000,10.61555556,11.31111111,5.443333333,10.17777778
4089600,10.7,11.3,5.46,10.2
4090200,10.8,11.3125,5.47,10.2125
4090800,10.9,11.325,5.48,10.225
4091400,11,11.3375,5.49,10.2375
4092000,11.1,11.35,5.5,10.25
4092600,11.2,11.3625,5.51,10.2625
4093200,11.3,11.375,5.52,10.275
4093800,11.4,11.3875,5.53,10.2875
4094400,11.5,11.4,5.54,10.3
4095000,11.5625,11.4125,5.6375,10.3
4095600,11.625,11.425,5.735,10.3
4096200,11.6875,11.4375,5.8325,10.3
4096800,11.75,11.45,5.93,10.3
4097400,11.8125,11.4625,6.0275,10.3
4098000,11.875,11.475,6.125,10.3
4098600,11.9375,11.4875,6.2225,10.3
4099200,12,11.5,6.32,10.3
4099800,12,11.5,6.32625,10.3
4100400,12,11.5,6.3325,10.3
4101000,12,11.5,6.33875,10.3
4101600,12,11.5,6.345,10.3
4102200,12,11.5,6.35125,10.3
4102800,12,11.5,6.3575,10.3
4103400,12,11.5,6.36375,10.3
4104000,12,11.5,6.37,10.3
4104600,11.81111111,11.5,6.371111111,10.3
4105200,11.62222222,11.5,6.372222222,10.3
4105800,11.43333333,11.5,6.373333333,10.3
4106400,11.24444444,11.5,6.374444444,10.3
4107000,11.05555556,11.5,6.375555556,10.3
4107600,10.86666667,11.5,6.376666667,10.3
4108200,10.67777778,11.5,6.377777778,10.3
4108800,10.48888889,11.5,6.378888889,10.3
4109400,10.3,11.5,6.38,10.3
4110000,10.18125,11.5,6.36,10.3125
4110600,10.0625,11.5,6.34,10.325
4111200,9.94375,11.5,6.32,10.3375
4111800,9.825,11.5,6.3,10.35
4112400,9.70625,11.5,6.28,10.3625
4113000,9.5875,11.5,6.26,10.375
4113600,9.46875,11.5,6.24,10.3875
4114200,9.35,11.5,6.22,10.4
4114800,9.3875,11.4875,6.20375,10.3875
4115400,9.425,11.475,6.1875,10.375
4116000,9.4625,11.4625,6.17125,10.3625
4116600,9.5,11.45,6.155,10.35
4117200,9.5375,11.4375,6.13875,10.3375
4117800,9.575,11.425,6.1225,10.325
4118400,9.6125,11.4125,6.10625,10.3125
4119000,9.65,11.4,6.09,10.3
4119600,9.7,11.4,6.088888889,10.31111111
4120200,9.75,11.4,6.087777778,10.32222222
4120800,9.8,11.4,6.086666667,10.33333333
4121400,9.85,11.4,6.085555556,10.34444444
4122000,9.9,11.4,6.084444444,10.35555556
4122600,9.95,11.4,6.083333333,10.36666667
4123200,10,11.4,6.082222222,10.37777778
4123800,10.05,11.4,6.081111111,10.38888889
4124400,10.1,11.4,6.08,10.4
4125000,10.3375,11.3875,6.07625,10.4
4125600,10.575,11.375,6.0725,10.4
4126200,10.8125,11.3625,6.06875,10.4
4126800,11.05,11.35,6.065,10.4
4127400,11.2875,11.3375,6.06125,10.4
4128000,11.525,11.325,6.0575,10.4
4128600,11.7625,11.3125,6.05375,10.4
4129200,12,11.3,6.05,10.4
4129800,12.0125,11.3125,6.06,10.3875
4130400,12.025,11.325,6.07,10.375
4131000,12.0375,11.3375,6.08,10.3625
4131600,12.05,11.35,6.09,10.35
4132200,12.0625,11.3625,6.1,10.3375
4132800,12.075,11.375,6.11,10.325
4133400,12.0875,11.3875,6.12,10.3125
4134000,12.1,11.4,6.13,10.3
4134600,12.08888889,11.38888889,6.217777778,10.31111111
4135200,12.07777778,11.37777778,6.305555556,10.32222222
4135800,12.06666667,11.36666667,6.393333333,10.33333333
4136400,12.05555556,11.35555556,6.481111111,10.34444444
4137000,12.04444444,11.34444444,6.568888889,10.35555556
4137600,12.03333333,11.33333333,6.656666667,10.36666667
4138200,12.02222222,11.32222222,6.744444444,10.37777778
4138800,12.01111111,11.31111111,6.832222222,10.38888889
4139400,12,11.3,6.92,10.4
4140000,12,11.325,6.9825,10.4125
4140600,12,11.35,7.045,10.425
4141200,12,11.375,7.1075,10.4375
4141800,12,11.4,7.17,10.45
4142400,12,11.425,7.2325,10.4625
4143000,12,11.45,7.295,10.475
4143600,12,11.475,7.3575,10.4875
4144200,12,11.5,7.42,10.5
4144800,12,11.5,7.46375,10.4875
4145400,12,11.5,7.5075,10.475
4146000,12,11.5,7.55125,10.4625
4146600,12,11.5,7.595,10.45
4147200,12,11.5,7.63875,10.4375
4147800,12,11.5,7.6825,10.425
4148400,12,11.5,7.72625,10.4125
4149000,12,11.5,7.77,10.4
4149600,11.9875,11.5,7.81875,10.4
4150200,11.975,11.5,7.8675,10.4
4150800,11.9625,11.5,7.91625,10.4
4151400,11.95,11.5,7.965,10.4
4152000,11.9375,11.5,8.01375,10.4
4152600,11.925,11.5,8.0625,10.4
4153200,11.9125,11.5,8.11125,10.4
4153800,11.9,11.5,8.16,10.4
4154400,11.88888889,11.5,8.21,10.4
4155000,11.87777778,11.5,8.26,10.4
4155600,11.86666667,11.5,8.31,10.4
4156200,11.85555556,11.5,8.36,10.4
4156800,11.84444444,11.5,8.41,10.4
4157400,11.83333333,11.5,8.46,10.4
4158000,11.82222222,11.5,8.51,10.4
4158600,11.81111111,11.5,8.56,10.4
4159200,11.8,11.5,8.61,10.4
4159800,11.825,11.475,8.61375,10.4
4160400,11.85,11.45,8.6175,10.4
4161000,11.875,11.425,8.62125,10.4
4161600,11.9,11.4,8.625,10.4
4162200,11.925,11.375,8.62875,10.4
4162800,11.95,11.35,8.6325,10.4
4163400,11.975,11.325,8.63625,10.4
4164000,12,11.3,8.64,10.4
4164600,12,11.3125,8.6425,10.4125
4165200,12,11.325,8.645,10.425
4165800,12,11.3375,8.6475,10.4375
4166400,12,11.35,8.65,10.45
4167000,12,11.3625,8.6525,10.4625
4167600,12,11.375,8.655,10.475
4168200,12,11.3875,8.6575,10.4875
4168800,12,11.4,8.66,10.5
4169400,12,11.4,8.63,10.5
4170000,12,11.4,8.6,10.5
4170600,12,11.4,8.57,10.5
4171200,12,11.4,8.54,10.5
4171800,12,11.4,8.51,10.5
4172400,12,11.4,8.48,10.5
4173000,12,11.4,8.45,10.5
4173600,12,11.4,8.42,10.5
4174200,12,11.4,8.39,10.5
4174800,12,11.275,8.40625,10.5875
4175400,12,11.15,8.4225,10.675
4176000,12,11.025,8.43875,10.7625
4176600,12,10.9,8.455,10.85
4177200,12,10.775,8.47125,10.9375
4177800,12,10.65,8.4875,11.025
4178400,12,10.525,8.50375,11.1125
4179000,12,10.4,8.52,11.2
4179600,11.6925,9.895,8.48625,10.93125
4180200,11.385,9.39,8.4525,10.6625
4180800,11.0775,8.885,8.41875,10.39375
4181400,10.77,8.38,8.385,10.125
4182000,10.4625,7.875,8.35125,9.85625
4182600,10.155,7.37,8.3175,9.5875
4183200,9.8475,6.865,8.28375,9.31875
4183800,9.54,6.36,8.25,9.05
4184400,9.5,6.335555556,8.232222222,8.971111111
4185000,9.46,6.311111111,8.214444444,8.892222222
4185600,9.42,6.286666667,8.196666667,8.813333333
4186200,9.38,6.262222222,8.178888889,8.734444444
4186800,9.34,6.237777778,8.161111111,8.655555556
4187400,9.3,6.213333333,8.143333333,8.576666667
4188000,9.26,6.188888889,8.125555556,8.497777778
4188600,9.22,6.164444444,8.107777778,8.418888889
4189200,9.18,6.14,8.09,8.34
4189800,9.20375,6.12875,8.19125,8.3375
4190400,9.2275,6.1175,8.2925,8.335
4191000,9.25125,6.10625,8.39375,8.3325
4191600,9.275,6.095,8.495,8.33
4192200,9.29875,6.08375,8.59625,8.3275
4192800,9.3225,6.0725,8.6975,8.325
4193400,9.34625,6.06125,8.79875,8.3225
4194000,9.37,6.05,8.9,8.32
4194600,9.37125,5.94625,8.9,8.165
4195200,9.3725,5.8425,8.9,8.01
4195800,9.37375,5.73875,8.9,7.855
4196400,9.375,5.635,8.9,7.7
4197000,9.37625,5.53125,8.9,7.545
4197600,9.3775,5.4275,8.9,7.39
4198200,9.37875,5.32375,8.9,7.235
4198800,9.38,5.22,8.9,7.08
4199400,9.3975,5.1875,8.9,7.065
4200000,9.415,5.155,8.9,7.05
4200600,9.4325,5.1225,8.9,7.035
4201200,9.45,5.09,8.9,7.02
4201800,9.4675,5.0575,8.9,7.005
4202400,9.485,5.025,8.9,6.99
4203000,9.5025,4.9925,8.9,6.975
4203600,9.52,4.96,8.9,6.96
4204200,9.517777778,4.941111111,8.897777778,6.955555556
4204800,9.515555556,4.922222222,8.895555556,6.951111111
4205400,9.513333333,4.903333333,8.893333333,6.946666667
4206000,9.511111111,4.884444444,8.891111111,6.942222222
4206600,9.508888889,4.865555556,8.888888889,6.937777778
4207200,9.506666667,4.846666667,8.886666667,6.933333333
4207800,9.504444444,4.827777778,8.884444444,6.928888889
4208400,9.502222222,4.808888889,8.882222222,6.924444444
4209000,9.5,4.79,8.88,6.92
4209600,9.53375,4.9575,8.87875,6.97875
4210200,9.5675,5.125,8.8775,7.0375
4210800,9.60125,5.2925,8.87625,7.09625
4211400,9.635,5.46,8.875,7.155
4212000,9.66875,5.6275,8.87375,7.21375
4212600,9.7025,5.795,8.8725,7.2725
4213200,9.73625,5.9625,8.87125,7.33125
4213800,9.77,6.13,8.87,7.39
4214400,10.03625,6.77625,8.87875,7.90375
4215000,10.3025,7.4225,8.8875,8.4175
4215600,10.56875,8.06875,8.89625,8.93125
4216200,10.835,8.715,8.905,9.445
4216800,11.10125,9.36125,8.91375,9.95875
4217400,11.3675,10.0075,8.9225,10.4725
4218000,11.63375,10.65375,8.93125,10.98625
4218600,11.9,11.3,8.94,11.5
4219200,11.88888889,11.3,8.943333333,11.47777778
4219800,11.87777778,11.3,8.946666667,11.45555556
4220400,11.86666667,11.3,8.95,11.43333333
4221000,11.85555556,11.3,8.953333333,11.41111111
4221600,11.84444444,11.3,8.956666667,11.38888889
4222200,11.83333333,11.3,8.96,11.36666667
4222800,11.82222222,11.3,8.963333333,11.34444444
4223400,11.81111111,11.3,8.966666667,11.32222222
4224000,11.8,11.3,8.97,11.3
4224600,11.8125,11.3125,8.97375,11.3125
4225200,11.825,11.325,8.9775,11.325
4225800,11.8375,11.3375,8.98125,11.3375
4226400,11.85,11.35,8.985,11.35
4227000,11.8625,11.3625,8.98875,11.3625
4227600,11.875,11.375,8.9925,11.375
4228200,11.8875,11.3875,8.99625,11.3875
4228800,11.9,11.4,9,11.4
4229400,11.9,11.3875,9.00125,11.4125
4230000,11.9,11.375,9.0025,11.425
4230600,11.9,11.3625,9.00375,11.4375
4231200,11.9,11.35,9.005,11.45
4231800,11.9,11.3375,9.00625,11.4625
4232400,11.9,11.325,9.0075,11.475
4233000,11.9,11.3125,9.00875,11.4875
4233600,11.9,11.3,9.01,11.5
4234200,11.9,11.3,9.013333333,11.48888889
4234800,11.9,11.3,9.016666667,11.47777778
4235400,11.9,11.3,9.02,11.46666667
4236000,11.9,11.3,9.023333333,11.45555556
4236600,11.9,11.3,9.026666667,11.44444444
4237200,11.9,11.3,9.03,11.43333333
4237800,11.9,11.3,9.033333333,11.42222222
4238400,11.9,11.3,9.036666667,11.41111111
4239000,11.9,11.3,9.04,11.4
4239600,11.9125,11.3,9.02625,11.425
4240200,11.925,11.3,9.0125,11.45
4240800,11.9375,11.3,8.99875,11.475
4241400,11.95,11.3,8.985,11.5
4242000,11.9625,11.3,8.97125,11.525
4242600,11.975,11.3,8.9575,11.55
4243200,11.9875,11.3,8.94375,11.575
4243800,12,11.3,8.93,11.6
4244400,11.9375,11.3125,8.93,11.5625
4245000,11.875,11.325,8.93,11.525
4245600,11.8125,11.3375,8.93,11.4875
4246200,11.75,11.35,8.93,11.45
4246800,11.6875,11.3625,8.93,11.4125
4247400,11.625,11.375,8.93,11.375
4248000,11.5625,11.3875,8.93,11.3375
4248600,11.5,11.4,8.93,11.3
4249200,11.525,11.375,8.93,11.275
4249800,11.55,11.35,8.93,11.25
4250400,11.575,11.325,8.93,11.225
4251000,11.6,11.3,8.93,11.2
4251600,11.625,11.275,8.93,11.175
4252200,11.65,11.25,8.93,11.15
4252800,11.675,11.225,8.93,11.125
4253400,11.7,11.2,8.93,11.1
4254000,11.48333333,11.03777778,8.935555556,10.91555556
4254600,11.26666667,10.87555556,8.941111111,10.73111111
4255200,11.05,10.71333333,8.946666667,10.54666667
4255800,10.83333333,10.55111111,8.952222222,10.36222222
4256400,10.61666667,10.38888889,8.957777778,10.17777778
4257000,10.4,10.22666667,8.963333333,9.993333333
4257600,10.18333333,10.06444444,8.968888889,9.808888889
4258200,9.966666667,9.902222222,8.974444444,9.624444444
4258800,9.75,9.74,8.98,9.44
4259400,9.76875,9.75625,8.975,9.4325
4260000,9.7875,9.7725,8.97,9.425
4260600,9.80625,9.78875,8.965,9.4175
4261200,9.825,9.805,8.96,9.41
4261800,9.84375,9.82125,8.955,9.4025
4262400,9.8625,9.8375,8.95,9.395
4263000,9.88125,9.85375,8.945,9.3875
4263600,9.9,9.87,8.94,9.38
4264200,9.7725,9.82625,8.86875,9.28
4264800,9.645,9.7825,8.7975,9.18
4265400,9.5175,9.73875,8.72625,9.08
4266000,9.39,9.695,8.655,8.98
4266600,9.2625,9.65125,8.58375,8.88
4267200,9.135,9.6075,8.5125,8.78
4267800,9.0075,9.56375,8.44125,8.68
4268400,8.88,9.52,8.37,8.58
4269000,8.884444444,9.44,8.338888889,8.55
4269600,8.888888889,9.36,8.307777778,8.52
4270200,8.893333333,9.28,8.276666667,8.49
4270800,8.897777778,9.2,8.245555556,8.46
4271400,8.902222222,9.12,8.214444444,8.43
4272000,8.906666667,9.04,8.183333333,8.4
4272600,8.911111111,8.96,8.152222222,8.37
4273200,8.915555556,8.88,8.121111111,8.34
4273800,8.92,8.8,8.09,8.31
4274400,8.905,8.76375,8.07375,8.3125
4275000,8.89,8.7275,8.0575,8.315
4275600,8.875,8.69125,8.04125,8.3175
4276200,8.86,8.655,8.025,8.32
4276800,8.845,8.61875,8.00875,8.3225
4277400,8.83,8.5825,7.9925,8.325
4278000,8.815,8.54625,7.97625,8.3275
4278600,8.8,8.51,7.96,8.33
4279200,8.78,8.49,7.92625,8.24125
4279800,8.76,8.47,7.8925,8.1525
4280400,8.74,8.45,7.85875,8.06375
4281000,8.72,8.43,7.825,7.975
4281600,8.7,8.41,7.79125,7.88625
4282200,8.68,8.39,7.7575,7.7975
4282800,8.66,8.37,7.72375,7.70875
4283400,8.64,8.35,7.69,7.62
4284000,8.621111111,8.334444444,7.651111111,7.645555556
4284600,8.602222222,8.318888889,7.612222222,7.671111111
4285200,8.583333333,8.303333333,7.573333333,7.696666667
4285800,8.564444444,8.287777778,7.534444444,7.722222222
4286400,8.545555556,8.272222222,7.495555556,7.747777778
4287000,8.526666667,8.256666667,7.456666667,7.773333333
4287600,8.507777778,8.241111111,7.417777778,7.798888889
4288200,8.488888889,8.225555556,7.378888889,7.824444444
4288800,8.47,8.21,7.34,7.85
4289400,8.43375,8.2125,7.3075,7.82375
4290000,8.3975,8.215,7.275,7.7975
4290600,8.36125,8.2175,7.2425,7.77125
4291200,8.325,8.22,7.21,7.745
4291800,8.28875,8.2225,7.1775,7.71875
4292400,8.2525,8.225,7.145,7.6925
4293000,8.21625,8.2275,7.1125,7.66625
4293600,8.18,8.23,7.08,7.64
4294200,8.1775,8.21875,7.0725,7.6375
4294800,8.175,8.2075,7.065,7.635
4295400,8.1725,8.19625,7.0575,7.6325
4296000,8.17,8.185,7.05,7.63
4296600,8.1675,8.17375,7.0425,7.6275
4297200,8.165,8.1625,7.035,7.625
4297800,8.1625,8.15125,7.0275,7.6225
4298400,8.16,8.14,7.02,7.62
4299000,8.17,8.1325,7.02625,7.62625
4299600,8.18,8.125,7.0325,7.6325
4300200,8.19,8.1175,7.03875,7.63875
4300800,8.2,8.11,7.045,7.645
4301400,8.21,8.1025,7.05125,7.65125
4302000,8.22,8.095,7.0575,7.6575
4302600,8.23,8.0875,7.06375,7.66375
4303200,8.24,8.08,7.07,7.67
4303800,8.273333333,8.086666667,7.064444444,7.666666667
4304400,8.306666667,8.093333333,7.058888889,7.663333333
4305000,8.34,8.1,7.053333333,7.66
4305600,8.373333333,8.106666667,7.047777778,7.656666667
4306200,8.406666667,8.113333333,7.042222222,7.653333333
4306800,8.44,8.12,7.036666667,7.65
4307400,8.473333333,8.126666667,7.031111111,7.646666667
4308000,8.506666667,8.133333333,7.025555556,7.643333333
4308600,8.54,8.14,7.02,7.64
4309200,8.6075,8.17,7.04625,7.62875
4309800,8.675,8.2,7.0725,7.6175
4310400,8.7425,8.23,7.09875,7.60625
4311000,8.81,8.26,7.125,7.595
4311600,8.8775,8.29,7.15125,7.58375
4312200,8.945,8.32,7.1775,7.5725
4312800,9.0125,8.35,7.20375,7.56125
4313400,9.08,8.38,7.23,7.55
4314000,9.11375,8.3675,7.16875,7.54
4314600,9.1475,8.355,7.1075,7.53
4315200,9.18125,8.3425,7.04625,7.52
4315800,9.215,8.33,6.985,7.51
4316400,9.24875,8.3175,6.92375,7.5
4317000,9.2825,8.305,6.8625,7.49
4317600,9.31625,8.2925,6.80125,7.48
4318200,9.35,8.28,6.74,7.47
4318800,9.343333333,8.341111111,6.726666667,7.511111111
4319400,9.336666667,8.402222222,6.713333333,7.552222222
4320000,9.33,8.463333333,6.7,7.593333333
4320600,9.323333333,8.524444444,6.686666667,7.634444444
4321200,9.316666667,8.585555556,6.673333333,7.675555556
4321800,9.31,8.646666667,6.66,7.716666667
4322400,9.303333333,8.707777778,6.646666667,7.757777778
4323000,9.296666667,8.768888889,6.633333333,7.798888889
4323600,9.29,8.83,6.62,7.84
4324200,9.44125,8.815,6.63375,7.97125
4324800,9.5925,8.8,6.6475,8.1025
4325400,9.74375,8.785,6.66125,8.23375
4326000,9.895,8.77,6.675,8.365
4326600,10.04625,8.755,6.68875,8.49625
4327200,10.1975,8.74,6.7025,8.6275
4327800,10.34875,8.725,6.71625,8.75875
4328400,10.5,8.71,6.73,8.89
4329000,10.575,8.8625,6.72,8.935
4329600,10.65,9.015,6.71,8.98
4330200,10.725,9.1675,6.7,9.025
4330800,10.8,9.32,6.69,9.07
4331400,10.875,9.4725,6.68,9.115
4332000,10.95,9.625,6.67,9.16
4332600,11.025,9.7775,6.66,9.205
4333200,11.1,9.93,6.65,9.25
4333800,11.16666667,9.932222222,6.645555556,9.272222222
4334400,11.23333333,9.934444444,6.641111111,9.294444444
4335000,11.3,9.936666667,6.636666667,9.316666667
4335600,11.36666667,9.938888889,6.632222222,9.338888889
4336200,11.43333333,9.941111111,6.627777778,9.361111111
4336800,11.5,9.943333333,6.623333333,9.383333333
4337400,11.56666667,9.945555556,6.618888889,9.405555556
4338000,11.63333333,9.947777778,6.614444444,9.427777778
4338600,11.7,9.95,6.61,9.45
4339200,11.7,9.99375,6.60625,9.47625
4339800,11.7,10.0375,6.6025,9.5025
4340400,11.7,10.08125,6.59875,9.52875
4341000,11.7,10.125,6.595,9.555
4341600,11.7,10.16875,6.59125,9.58125
4342200,11.7,10.2125,6.5875,9.6075
4342800,11.7,10.25625,6.58375,9.63375
4343400,11.7,10.3,6.58,9.66
4344000,11.5875,10.25,6.41625,9.67
4344600,11.475,10.2,6.2525,9.68
4345200,11.3625,10.15,6.08875,9.69
4345800,11.25,10.1,5.925,9.7
4346400,11.1375,10.05,5.76125,9.71
4347000,11.025,10,5.5975,9.72
4347600,10.9125,9.95,5.43375,9.73
4348200,10.8,9.9,5.27,9.74
4348800,10.775,9.85875,5.38875,9.7725
4349400,10.75,9.8175,5.5075,9.805
4350000,10.725,9.77625,5.62625,9.8375
4350600,10.7,9.735,5.745,9.87
4351200,10.675,9.69375,5.86375,9.9025
4351800,10.65,9.6525,5.9825,9.935
4352400,10.625,9.61125,6.10125,9.9675
4353000,10.6,9.57,6.22,10
4353600,10.6,9.614444444,6.408888889,10.01111111
4354200,10.6,9.658888889,6.597777778,10.02222222
4354800,10.6,9.703333333,6.786666667,10.03333333
4355400,10.6,9.747777778,6.975555556,10.04444444
4356000,10.6,9.792222222,7.164444444,10.05555556
4356600,10.6,9.836666667,7.353333333,10.06666667
4357200,10.6,9.881111111,7.542222222,10.07777778
4357800,10.6,9.925555556,7.731111111,10.08888889
4358400,10.6,9.97,7.92,10.1
4359000,10.6125,9.955,7.90125,10.125
4359600,10.625,9.94,7.8825,10.15
4360200,10.6375,9.925,7.86375,10.175
4360800,10.65,9.91,7.845,10.2
4361400,10.6625,9.895,7.82625,10.225
4362000,10.675,9.88,7.8075,10.25
4362600,10.6875,9.865,7.78875,10.275
4363200,10.7,9.85,7.77,10.3
4363800,10.75,9.84,7.785,10.275
4364400,10.8,9.83,7.8,10.25
4365000,10.85,9.82,7.815,10.225
4365600,10.9,9.81,7.83,10.2
4366200,10.95,9.8,7.845,10.175
4366800,11,9.79,7.86,10.15
4367400,11.05,9.78,7.875,10.125
4368000,11.1,9.77,7.89,10.1
4368600,11.08888889,9.806666667,7.894444444,10.14444444
4369200,11.07777778,9.843333333,7.898888889,10.18888889
4369800,11.06666667,9.88,7.903333333,10.23333333
4370400,11.05555556,9.916666667,7.907777778,10.27777778
4371000,11.04444444,9.953333333,7.912222222,10.32222222
4371600,11.03333333,9.99,7.916666667,10.36666667
4372200,11.02222222,10.02666667,7.921111111,10.41111111
4372800,11.01111111,10.06333333,7.925555556,10.45555556
4373400,11,10.1,7.93,10.5
4374000,11,10.06875,7.94625,10.435
4374600,11,10.0375,7.9625,10.37
4375200,11,10.00625,7.97875,10.305
4375800,11,9.975,7.995,10.24
4376400,11,9.94375,8.01125,10.175
4377000,11,9.9125,8.0275,10.11
4377600,11,9.88125,8.04375,10.045
4378200,11,9.85,8.06,9.98
4378800,11,9.8625,8.05375,9.90125
4379400,11,9.875,8.0475,9.8225
4380000,11,9.8875,8.04125,9.74375
4380600,11,9.9,8.035,9.665
4381200,11,9.9125,8.02875,9.58625
4381800,11,9.925,8.0225,9.5075
4382400,11,9.9375,8.01625,9.42875
4383000,11,9.95,8.01,9.35
4383600,10.94444444,9.951111111,8.023333333,9.262222222
4384200,10.88888889,9.952222222,8.036666667,9.174444444
4384800,10.83333333,9.953333333,8.05,9.086666667
4385400,10.77777778,9.954444444,8.063333333,8.998888889
4386000,10.72222222,9.955555556,8.076666667,8.911111111
4386600,10.66666667,9.956666667,8.09,8.823333333
4387200,10.61111111,9.957777778,8.103333333,8.735555556
4387800,10.55555556,9.958888889,8.116666667,8.647777778
4388400,10.5,9.96,8.13,8.56
4389000,10.5,9.955,8.2,8.7525
4389600,10.5,9.95,8.27,8.945
4390200,10.5,9.945,8.34,9.1375
4390800,10.5,9.94,8.41,9.33
4391400,10.5,9.935,8.48,9.5225
4392000,10.5,9.93,8.55,9.715
4392600,10.5,9.925,8.62,9.9075
4393200,10.5,9.92,8.69,10.1
4393800,10.5125,9.92625,8.695,10.125
4394400,10.525,9.9325,8.7,10.15
4395000,10.5375,9.93875,8.705,10.175
4395600,10.55,9.945,8.71,10.2
4396200,10.5625,9.95125,8.715,10.225
4396800,10.575,9.9575,8.72,10.25
4397400,10.5875,9.96375,8.725,10.275
4398000,10.6,9.97,8.73,10.3
4398600,10.6,9.9675,8.78375,10.3
4399200,10.6,9.965,8.8375,10.3
4399800,10.6,9.9625,8.89125,10.3
4400400,10.6,9.96,8.945,10.3
4401000,10.6,9.9575,8.99875,10.3
4401600,10.6,9.955,9.0525,10.3
4402200,10.6,9.9525,9.10625,10.3
4402800,10.6,9.95,9.16,10.3
4403400,10.6,9.947777778,9.161111111,10.32222222
4404000,10.6,9.945555556,9.162222222,10.34444444
4404600,10.6,9.943333333,9.163333333,10.36666667
4405200,10.6,9.941111111,9.164444444,10.38888889
4405800,10.6,9.938888889,9.165555556,10.41111111
4406400,10.6,9.936666667,9.166666667,10.43333333
4407000,10.6,9.934444444,9.167777778,10.45555556
4407600,10.6,9.932222222,9.168888889,10.47777778
4408200,10.6,9.93,9.17,10.5
4408800,10.6,9.9375,9.16875,10.5
4409400,10.6,9.945,9.1675,10.5
4410000,10.6,9.9525,9.16625,10.5
4410600,10.6,9.96,9.165,10.5
4411200,10.6,9.9675,9.16375,10.5
4411800,10.6,9.975,9.1625,10.5
4412400,10.6,9.9825,9.16125,10.5
4413000,10.6,9.99,9.16,10.5
4413600,10.6,10.00375,9.15375,10.4875
4414200,10.6,10.0175,9.1475,10.475
4414800,10.6,10.03125,9.14125,10.4625
4415400,10.6,10.045,9.135,10.45
4416000,10.6,10.05875,9.12875,10.4375
4416600,10.6,10.0725,9.1225,10.425
4417200,10.6,10.08625,9.11625,10.4125
4417800,10.6,10.1,9.11,10.4
4418400,10.6,10.08222222,9.134444444,10.41111111
4419000,10.6,10.06444444,9.158888889,10.42222222
4419600,10.6,10.04666667,9.183333333,10.43333333
4420200,10.6,10.02888889,9.207777778,10.44444444
4420800,10.6,10.01111111,9.232222222,10.45555556
4421400,10.6,9.993333333,9.256666667,10.46666667
4422000,10.6,9.975555556,9.281111111,10.47777778
4422600,10.6,9.957777778,9.305555556,10.48888889
4423200,10.6,9.94,9.33,10.5
4423800,10.6,9.94375,9.27125,10.5
4424400,10.6,9.9475,9.2125,10.5
4425000,10.6,9.95125,9.15375,10.5
4425600,10.6,9.955,9.095,10.5
4426200,10.6,9.95875,9.03625,10.5
4426800,10.6,9.9625,8.9775,10.5
4427400,10.6,9.96625,8.91875,10.5
4428000,10.6,9.97,8.86,10.5
4428600,10.6125,9.97375,8.85375,10.4875
4429200,10.625,9.9775,8.8475,10.475
4429800,10.6375,9.98125,8.84125,10.4625
4430400,10.65,9.985,8.835,10.45
4431000,10.6625,9.98875,8.82875,10.4375
4431600,10.675,9.9925,8.8225,10.425
4432200,10.6875,9.99625,8.81625,10.4125
4432800,10.7,10,8.81,10.4
4433400,10.7,10,8.806666667,10.38888889
4434000,10.7,10,8.803333333,10.37777778
4434600,10.7,10,8.8,10.36666667
4435200,10.7,10,8.796666667,10.35555556
4435800,10.7,10,8.793333333,10.34444444
4436400,10.7,10,8.79,10.33333333
4437000,10.7,10,8.786666667,10.32222222
4437600,10.7,10,8.783333333,10.31111111
4438200,10.7,10,8.78,10.3
4438800,10.7,9.99375,8.76,10.3
4439400,10.7,9.9875,8.74,10.3
4440000,10.7,9.98125,8.72,10.3
4440600,10.7,9.975,8.7,10.3
4441200,10.7,9.96875,8.68,10.3
4441800,10.7,9.9625,8.66,10.3
4442400,10.7,9.95625,8.64,10.3
4443000,10.7,9.95,8.62,10.3
4443600,10.7,9.95625,8.61875,10.3
4444200,10.7,9.9625,8.6175,10.3
4444800,10.7,9.96875,8.61625,10.3
4445400,10.7,9.975,8.615,10.3
4446000,10.7,9.98125,8.61375,10.3
4446600,10.7,9.9875,8.6125,10.3
4447200,10.7,9.99375,8.61125,10.3
4447800,10.7,10,8.61,10.3
4448400,10.7,10,8.61,10.3
4449000,10.7,10,8.61,10.3
4449600,10.7,10,8.61,10.3
4450200,10.7,10,8.61,10.3
4450800,10.7,10,8.61,10.3
4451400,10.7,10,8.61,10.3
4452000,10.7,10,8.61,10.3
4452600,10.7,10,8.61,10.3
4453200,10.7,9.992222222,8.676666667,10.3
4453800,10.7,9.984444444,8.743333333,10.3
4454400,10.7,9.976666667,8.81,10.3
4455000,10.7,9.968888889,8.876666667,10.3
4455600,10.7,9.961111111,8.943333333,10.3
4456200,10.7,9.953333333,9.01,10.3
4456800,10.7,9.945555556,9.076666667,10.3
4457400,10.7,9.937777778,9.143333333,10.3
4458000,10.7,9.93,9.21,10.3
4458600,10.7,9.95125,9.19375,10.2875
4459200,10.7,9.9725,9.1775,10.275
4459800,10.7,9.99375,9.16125,10.2625
4460400,10.7,10.015,9.145,10.25
4461000,10.7,10.03625,9.12875,10.2375
4461600,10.7,10.0575,9.1125,10.225
4462200,10.7,10.07875,9.09625,10.2125
4462800,10.7,10.1,9.08,10.2
4463400,10.7,10.0875,9.07,10.2375
4464000,10.7,10.075,9.06,10.275
4464600,10.7,10.0625,9.05,10.3125
4465200,10.7,10.05,9.04,10.35
4465800,10.7,10.0375,9.03,10.3875
4466400,10.7,10.025,9.02,10.425
4467000,10.7,10.0125,9.01,10.4625
4467600,10.7,10,9,10.5
4468200,10.76666667,10.04444444,9.007777778,10.55555556
4468800,10.83333333,10.08888889,9.015555556,10.61111111
4469400,10.9,10.13333333,9.023333333,10.66666667
4470000,10.96666667,10.17777778,9.031111111,10.72222222
4470600,11.03333333,10.22222222,9.038888889,10.77777778
4471200,11.1,10.26666667,9.046666667,10.83333333
4471800,11.16666667,10.31111111,9.054444444,10.88888889
4472400,11.23333333,10.35555556,9.062222222,10.94444444
4473000,11.3,10.4,9.07,11
4473600,11.325,10.4125,9.08,11.0125
4474200,11.35,10.425,9.09,11.025
4474800,11.375,10.4375,9.1,11.0375
4475400,11.4,10.45,9.11,11.05
4476000,11.425,10.4625,9.12,11.0625
4476600,11.45,10.475,9.13,11.075
4477200,11.475,10.4875,9.14,11.0875
4477800,11.5,10.5,9.15,11.1
4478400,11.5125,10.5125,9.15125,11.1
4479000,11.525,10.525,9.1525,11.1
4479600,11.5375,10.5375,9.15375,11.1
4480200,11.55,10.55,9.155,11.1
4480800,11.5625,10.5625,9.15625,11.1
4481400,11.575,10.575,9.1575,11.1
4482000,11.5875,10.5875,9.15875,11.1
4482600,11.6,10.6,9.16,11.1
4483200,11.61111111,10.64444444,9.167777778,11.11111111
4483800,11.62222222,10.68888889,9.175555556,11.12222222
4484400,11.63333333,10.73333333,9.183333333,11.13333333
4485000,11.64444444,10.77777778,9.191111111,11.14444444
4485600,11.65555556,10.82222222,9.198888889,11.15555556
4486200,11.66666667,10.86666667,9.206666667,11.16666667
4486800,11.67777778,10.91111111,9.214444444,11.17777778
4487400,11.68888889,10.95555556,9.222222222,11.18888889
4488000,11.7,11,9.23,11.2
4488600,11.7125,11.0125,9.23,11.2
4489200,11.725,11.025,9.23,11.2
4489800,11.7375,11.0375,9.23,11.2
4490400,11.75,11.05,9.23,11.2
4491000,11.7625,11.0625,9.23,11.2
4491600,11.775,11.075,9.23,11.2
4492200,11.7875,11.0875,9.23,11.2
4492800,11.8,11.1,9.23,11.2
4493400,11.725,11.0625,9.17375,11.175
4494000,11.65,11.025,9.1175,11.15
4494600,11.575,10.9875,9.06125,11.125
4495200,11.5,10.95,9.005,11.1
4495800,11.425,10.9125,8.94875,11.075
4496400,11.35,10.875,8.8925,11.05
4497000,11.275,10.8375,8.83625,11.025
4497600,11.2,10.8,8.78,11
4498200,10.65375,10.67,8.78875,10.615
4498800,10.1075,10.54,8.7975,10.23
4499400,9.56125,10.41,8.80625,9.845
4500000,9.015,10.28,8.815,9.46
4500600,8.46875,10.15,8.82375,9.075
4501200,7.9225,10.02,8.8325,8.69
4501800,7.37625,9.89,8.84125,8.305
4502400,6.83,9.76,8.85,7.92
4503000,6.804444444,9.632222222,8.817777778,7.893333333
4503600,6.778888889,9.504444444,8.785555556,7.866666667
4504200,6.753333333,9.376666667,8.753333333,7.84
4504800,6.727777778,9.248888889,8.721111111,7.813333333
4505400,6.702222222,9.121111111,8.688888889,7.786666667
4506000,6.676666667,8.993333333,8.656666667,7.76
4506600,6.651111111,8.865555556,8.624444444,7.733333333
4507200,6.625555556,8.737777778,8.592222222,7.706666667
4507800,6.6,8.61,8.56,7.68
4508400,6.5725,8.53125,8.54,7.6675
4509000,6.545,8.4525,8.52,7.655
4509600,6.5175,8.37375,8.5,7.6425
4510200,6.49,8.295,8.48,7.63
4510800,6.4625,8.21625,8.46,7.6175
4511400,6.435,8.1375,8.44,7.605
4512000,6.4075,8.05875,8.42,7.5925
4512600,6.38,7.98,8.4,7.58
4513200,6.335,7.975,8.36375,7.54125
4513800,6.29,7.97,8.3275,7.5025
4514400,6.245,7.965,8.29125,7.46375
4515000,6.2,7.96,8.255,7.425
4515600,6.155,7.955,8.21875,7.38625
4516200,6.11,7.95,8.1825,7.3475
4516800,6.065,7.945,8.14625,7.30875
4517400,6.02,7.94,8.11,7.27
4518000,6.023333333,7.931111111,8.114444444,7.273333333
4518600,6.026666667,7.922222222,8.118888889,7.276666667
4519200,6.03,7.913333333,8.123333333,7.28
4519800,6.033333333,7.904444444,8.127777778,7.283333333
4520400,6.036666667,7.895555556,8.132222222,7.286666667
4521000,6.04,7.886666667,8.136666667,7.29
4521600,6.043333333,7.877777778,8.141111111,7.293333333
4522200,6.046666667,7.868888889,8.145555556,7.296666667
4522800,6.05,7.86,8.15,7.3
4523400,6.04125,7.88125,7.9775,7.29125
4524000,6.0325,7.9025,7.805,7.2825
4524600,6.02375,7.92375,7.6325,7.27375
4525200,6.015,7.945,7.46,7.265
4525800,6.00625,7.96625,7.2875,7.25625
4526400,5.9975,7.9875,7.115,7.2475
4527000,5.98875,8.00875,6.9425,7.23875
4527600,5.98,8.03,6.77,7.23
4528200,5.94,8.11,6.64875,7.19375
4528800,5.9,8.19,6.5275,7.1575
4529400,5.86,8.27,6.40625,7.12125
4530000,5.82,8.35,6.285,7.085
4530600,5.78,8.43,6.16375,7.04875
4531200,5.74,8.51,6.0425,7.0125
4531800,5.7,8.59,5.92125,6.97625
4532400,5.66,8.67,5.8,6.94
4533000,5.662222222,8.686666667,5.8,6.932222222
4533600,5.664444444,8.703333333,5.8,6.924444444
4534200,5.666666667,8.72,5.8,6.916666667
4534800,5.668888889,8.736666667,5.8,6.908888889
4535400,5.671111111,8.753333333,5.8,6.901111111
4536000,5.673333333,8.77,5.8,6.893333333
4536600,5.675555556,8.786666667,5.8,6.885555556
4537200,5.677777778,8.803333333,5.8,6.877777778
4537800,5.68,8.82,5.8,6.87
4538400,5.685,8.8025,5.7975,6.87125
4539000,5.69,8.785,5.795,6.8725
4539600,5.695,8.7675,5.7925,6.87375
4540200,5.7,8.75,5.79,6.875
4540800,5.705,8.7325,5.7875,6.87625
4541400,5.71,8.715,5.785,6.8775
4542000,5.715,8.6975,5.7825,6.87875
4542600,5.72,8.68,5.78,6.88
4543200,5.72,8.66,5.785,6.7975
4543800,5.72,8.64,5.79,6.715
4544400,5.72,8.62,5.795,6.6325
4545000,5.72,8.6,5.8,6.55
4545600,5.72,8.58,5.805,6.4675
4546200,5.72,8.56,5.81,6.385
4546800,5.72,8.54,5.815,6.3025
4547400,5.72,8.52,5.82,6.22
4548000,5.7125,8.5275,5.82125,6.165
4548600,5.705,8.535,5.8225,6.11
4549200,5.6975,8.5425,5.82375,6.055
4549800,5.69,8.55,5.825,6
4550400,5.6825,8.5575,5.82625,5.945
4551000,5.675,8.565,5.8275,5.89
4551600,5.6675,8.5725,5.82875,5.835
4552200,5.66,8.58,5.83,5.78
4552800,5.655555556,8.636666667,5.821111111,5.766666667
4553400,5.651111111,8.693333333,5.812222222,5.753333333
4554000,5.646666667,8.75,5.803333333,5.74
4554600,5.642222222,8.806666667,5.794444444,5.726666667
4555200,5.637777778,8.863333333,5.785555556,5.713333333
4555800,5.633333333,8.92,5.776666667,5.7
4556400,5.628888889,8.976666667,5.767777778,5.686666667
4557000,5.624444444,9.033333333,5.758888889,5.673333333
4557600,5.62,9.09,5.75,5.66
4558200,5.61375,9.09875,5.72125,5.67
4558800,5.6075,9.1075,5.6925,5.68
4559400,5.60125,9.11625,5.66375,5.69
4560000,5.595,9.125,5.635,5.7
4560600,5.58875,9.13375,5.60625,5.71
4561200,5.5825,9.1425,5.5775,5.72
4561800,5.57625,9.15125,5.54875,5.73
4562400,5.57,9.16,5.52,5.74
4563000,5.5675,9.12,5.47125,5.72125
4563600,5.565,9.08,5.4225,5.7025
4564200,5.5625,9.04,5.37375,5.68375
4564800,5.56,9,5.325,5.665
4565400,5.5575,8.96,5.27625,5.64625
4566000,5.555,8.92,5.2275,5.6275
4566600,5.5525,8.88,5.17875,5.60875
4567200,5.55,8.84,5.13,5.59
4567800,5.524444444,8.67,5.106666667,5.523333333
4568400,5.498888889,8.5,5.083333333,5.456666667
4569000,5.473333333,8.33,5.06,5.39
4569600,5.447777778,8.16,5.036666667,5.323333333
4570200,5.422222222,7.99,5.013333333,5.256666667
4570800,5.396666667,7.82,4.99,5.19
4571400,5.371111111,7.65,4.966666667,5.123333333
4572000,5.345555556,7.48,4.943333333,5.056666667
4572600,5.32,7.31,4.92,4.99
4573200,5.32375,7.4875,4.895,4.985
4573800,5.3275,7.665,4.87,4.98
4574400,5.33125,7.8425,4.845,4.975
4575000,5.335,8.02,4.82,4.97
4575600,5.33875,8.1975,4.795,4.965
4576200,5.3425,8.375,4.77,4.96
4576800,5.34625,8.5525,4.745,4.955
4577400,5.35,8.73,4.72,4.95
4578000,5.34625,8.76375,4.68875,4.94875
4578600,5.3425,8.7975,4.6575,4.9475
4579200,5.33875,8.83125,4.62625,4.94625
4579800,5.335,8.865,4.595,4.945
4580400,5.33125,8.89875,4.56375,4.94375
4581000,5.3275,8.9325,4.5325,4.9425
4581600,5.32375,8.96625,4.50125,4.94125
4582200,5.32,9,4.47,4.94
4582800,5.322222222,8.967777778,4.468888889,4.934444444
4583400,5.324444444,8.935555556,4.467777778,4.928888889
4584000,5.326666667,8.903333333,4.466666667,4.923333333
4584600,5.328888889,8.871111111,4.465555556,4.917777778
4585200,5.331111111,8.838888889,4.464444444,4.912222222
4585800,5.333333333,8.806666667,4.463333333,4.906666667
4586400,5.335555556,8.774444444,4.462222222,4.901111111
4587000,5.337777778,8.742222222,4.461111111,4.895555556
4587600,5.34,8.71,4.46,4.89
4588200,5.3375,8.6875,4.44,4.88875
4588800,5.335,8.665,4.42,4.8875
4589400,5.3325,8.6425,4.4,4.88625
4590000,5.33,8.62,4.38,4.885
4590600,5.3275,8.5975,4.36,4.88375
4591200,5.325,8.575,4.34,4.8825
4591800,5.3225,8.5525,4.32,4.88125
4592400,5.32,8.53,4.3,4.88
4593000,5.3125,8.51125,4.255,4.8925
4593600,5.305,8.4925,4.21,4.905
4594200,5.2975,8.47375,4.165,4.9175
4594800,5.29,8.455,4.12,4.93
4595400,5.2825,8.43625,4.075,4.9425
4596000,5.275,8.4175,4.03,4.955
4596600,5.2675,8.39875,3.985,4.9675
4597200,5.26,8.38,3.94,4.98
4597800,5.26875,8.3725,3.91,4.97375
4598400,5.2775,8.365,3.88,4.9675
4599000,5.28625,8.3575,3.85,4.96125
4599600,5.295,8.35,3.82,4.955
4600200,5.30375,8.3425,3.79,4.94875
4600800,5.3125,8.335,3.76,4.9425
4601400,5.32125,8.3275,3.73,4.93625
4602000,5.33,8.32,3.7,4.93
4602600,5.334444444,8.307777778,3.703333333,4.925555556
4603200,5.338888889,8.295555556,3.706666667,4.921111111
4603800,5.343333333,8.283333333,3.71,4.916666667
4604400,5.347777778,8.271111111,3.713333333,4.912222222
4605000,5.352222222,8.258888889,3.716666667,4.907777778
4605600,5.356666667,8.246666667,3.72,4.903333333
4606200,5.361111111,8.234444444,3.723333333,4.898888889
4606800,5.365555556,8.222222222,3.726666667,4.894444444
4607400,5.37,8.21,3.73,4.89
4608000,5.3675,8.22625,3.7275,4.895
4608600,5.365,8.2425,3.725,4.9
4609200,5.3625,8.25875,3.7225,4.905
4609800,5.36,8.275,3.72,4.91
4610400,5.3575,8.29125,3.7175,4.915
4611000,5.355,8.3075,3.715,4.92
4611600,5.3525,8.32375,3.7125,4.925
4612200,5.35,8.34,3.71,4.93
4612800,5.34875,8.3325,3.71125,4.92625
4613400,5.3475,8.325,3.7125,4.9225
4614000,5.34625,8.3175,3.71375,4.91875
4614600,5.345,8.31,3.715,4.915
4615200,5.34375,8.3025,3.71625,4.91125
4615800,5.3425,8.295,3.7175,4.9075
4616400,5.34125,8.2875,3.71875,4.90375
4617000,5.34,8.28,3.72,4.9
4617600,5.342222222,8.274444444,3.717777778,4.902222222
4618200,5.344444444,8.268888889,3.715555556,4.904444444
4618800,5.346666667,8.263333333,3.713333333,4.906666667
4619400,5.348888889,8.257777778,3.711111111,4.908888889
4620000,5.351111111,8.252222222,3.708888889,4.911111111
4620600,5.353333333,8.246666667,3.706666667,4.913333333
4621200,5.355555556,8.241111111,3.704444444,4.915555556
4621800,5.357777778,8.235555556,3.702222222,4.917777778
4622400,5.36,8.23,3.7,4.92
4623000,5.3625,8.21875,3.7075,4.915
4623600,5.365,8.2075,3.715,4.91
4624200,5.3675,8.19625,3.7225,4.905
4624800,5.37,8.185,3.73,4.9
4625400,5.3725,8.17375,3.7375,4.895
4626000,5.375,8.1625,3.745,4.89
4626600,5.3775,8.15125,3.7525,4.885
4627200,5.38,8.14,3.76,4.88
4627800,5.37625,8.12375,3.75625,4.8925
4628400,5.3725,8.1075,3.7525,4.905
4629000,5.36875,8.09125,3.74875,4.9175
4629600,5.365,8.075,3.745,4.93
4630200,5.36125,8.05875,3.74125,4.9425
4630800,5.3575,8.0425,3.7375,4.955
4631400,5.35375,8.02625,3.73375,4.9675
4632000,5.35,8.01,3.73,4.98
4632600,5.351111111,8.022222222,3.727777778,4.985555556
4633200,5.352222222,8.034444444,3.725555556,4.991111111
4633800,5.353333333,8.046666667,3.723333333,4.996666667
4634400,5.354444444,8.058888889,3.721111111,5.002222222
4635000,5.355555556,8.071111111,3.718888889,5.007777778
4635600,5.356666667,8.083333333,3.716666667,5.013333333
4636200,5.357777778,8.095555556,3.714444444,5.018888889
4636800,5.358888889,8.107777778,3.712222222,5.024444444
4637400,5.36,8.12,3.71,5.03
4638000,5.35125,8.1025,3.70875,5.0225
4638600,5.3425,8.085,3.7075,5.015
4639200,5.33375,8.0675,3.70625,5.0075
4639800,5.325,8.05,3.705,5
4640400,5.31625,8.0325,3.70375,4.9925
4641000,5.3075,8.015,3.7025,4.985
4641600,5.29875,7.9975,3.70125,4.9775
4642200,5.29,7.98,3.7,4.97
4642800,5.28875,7.98375,3.70625,4.9675
4643400,5.2875,7.9875,3.7125,4.965
4644000,5.28625,7.99125,3.71875,4.9625
4644600,5.285,7.995,3.725,4.96
4645200,5.28375,7.99875,3.73125,4.9575
4645800,5.2825,8.0025,3.7375,4.955
4646400,5.28125,8.00625,3.74375,4.9525
4647000,5.28,8.01,3.75,4.95
4647600,5.28875,7.96875,3.745,4.94625
4648200,5.2975,7.9275,3.74,4.9425
4648800,5.30625,7.88625,3.735,4.93875
4649400,5.315,7.845,3.73,4.935
4650000,5.32375,7.80375,3.725,4.93125
4650600,5.3325,7.7625,3.72,4.9275
4651200,5.34125,7.72125,3.715,4.92375
4651800,5.35,7.68,3.71,4.92
4652400,5.36,7.673333333,3.706666667,4.927777778
4653000,5.37,7.666666667,3.703333333,4.935555556
4653600,5.38,7.66,3.7,4.943333333
4654200,5.39,7.653333333,3.696666667,4.951111111
4654800,5.4,7.646666667,3.693333333,4.958888889
4655400,5.41,7.64,3.69,4.966666667
4656000,5.42,7.633333333,3.686666667,4.974444444
4656600,5.43,7.626666667,3.683333333,4.982222222
4657200,5.44,7.62,3.68,4.99
4657800,5.425,7.6125,3.68875,4.9825
4658400,5.41,7.605,3.6975,4.975
4659000,5.395,7.5975,3.70625,4.9675
4659600,5.38,7.59,3.715,4.96
4660200,5.365,7.5825,3.72375,4.9525
4660800,5.35,7.575,3.7325,4.945
4661400,5.335,7.5675,3.74125,4.9375
4662000,5.32,7.56,3.75,4.93
4662600,5.315,7.57125,3.75,4.92625
4663200,5.31,7.5825,3.75,4.9225
4663800,5.305,7.59375,3.75,4.91875
4664400,5.3,7.605,3.75,4.915
4665000,5.295,7.61625,3.75,4.91125
4665600,5.29,7.6275,3.75,4.9075
4666200,5.285,7.63875,3.75,4.90375
4666800,5.28,7.65,3.75,4.9
4667400,5.104444444,7.447777778,3.743333333,4.735555556
4668000,4.928888889,7.245555556,3.736666667,4.571111111
4668600,4.753333333,7.043333333,3.73,4.406666667
4669200,4.577777778,6.841111111,3.723333333,4.242222222
4669800,4.402222222,6.638888889,3.716666667,4.077777778
4670400,4.226666667,6.436666667,3.71,3.913333333
4671000,4.051111111,6.234444444,3.703333333,3.748888889
4671600,3.875555556,6.032222222,3.696666667,3.584444444
4672200,3.7,5.83,3.69,3.42
4672800,3.60125,5.71875,3.695,3.28625
4673400,3.5025,5.6075,3.7,3.1525
4674000,3.40375,5.49625,3.705,3.01875
4674600,3.305,5.385,3.71,2.885
4675200,3.20625,5.27375,3.715,2.75125
4675800,3.1075,5.1625,3.72,2.6175
4676400,3.00875,5.05125,3.725,2.48375
4677000,2.91,4.94,3.73,2.35
4677600,2.915,4.9325,3.72625,2.35375
4678200,2.92,4.925,3.7225,2.3575
4678800,2.925,4.9175,3.71875,2.36125
4679400,2.93,4.91,3.715,2.365
4680000,2.935,4.9025,3.71125,2.36875
4680600,2.94,4.895,3.7075,2.3725
4681200,2.945,4.8875,3.70375,2.37625
4681800,2.95,4.88,3.7,2.38
4682400,2.943333333,4.871111111,3.701111111,2.377777778
4683000,2.936666667,4.862222222,3.702222222,2.375555556
4683600,2.93,4.853333333,3.703333333,2.373333333
4684200,2.923333333,4.844444444,3.704444444,2.371111111
4684800,2.916666667,4.835555556,3.705555556,2.368888889
4685400,2.91,4.826666667,3.706666667,2.366666667
4686000,2.903333333,4.817777778,3.707777778,2.364444444
4686600,2.896666667,4.808888889,3.708888889,2.362222222
4687200,2.89,4.8,3.71,2.36
4687800,2.89375,4.79,3.71625,2.36
4688400,2.8975,4.78,3.7225,2.36
4689000,2.90125,4.77,3.72875,2.36
4689600,2.905,4.76,3.735,2.36
4690200,2.90875,4.75,3.74125,2.36
4690800,2.9125,4.74,3.7475,2.36
4691400,2.91625,4.73,3.75375,2.36
4692000,2.92,4.72,3.76,2.36
4692600,2.92625,4.74375,3.75625,2.35875
4693200,2.9325,4.7675,3.7525,2.3575
4693800,2.93875,4.79125,3.74875,2.35625
4694400,2.945,4.815,3.745,2.355
4695000,2.95125,4.83875,3.74125,2.35375
4695600,2.9575,4.8625,3.7375,2.3525
4696200,2.96375,4.88625,3.73375,2.35125
4696800,2.97,4.91,3.73,2.35
4697400,2.96375,4.9025,3.735,2.35125
4698000,2.9575,4.895,3.74,2.3525
4698600,2.95125,4.8875,3.745,2.35375
4699200,2.945,4.88,3.75,2.355
4699800,2.93875,4.8725,3.755,2.35625
4700400,2.9325,4.865,3.76,2.3575
4701000,2.92625,4.8575,3.765,2.35875
4701600,2.92,4.85,3.77,2.36
4702200,2.917777778,4.835555556,3.76,2.36
4702800,2.915555556,4.821111111,3.75,2.36
4703400,2.913333333,4.806666667,3.74,2.36
4704000,2.911111111,4.792222222,3.73,2.36
4704600,2.908888889,4.777777778,3.72,2.36
4705200,2.906666667,4.763333333,3.71,2.36
4705800,2.904444444,4.748888889,3.7,2.36
4706400,2.902222222,4.734444444,3.69,2.36
4707000,2.9,4.72,3.68,2.36
4707600,2.91375,4.72125,3.6825,2.35875
4708200,2.9275,4.7225,3.685,2.3575
4708800,2.94125,4.72375,3.6875,2.35625
4709400,2.955,4.725,3.69,2.355
4710000,2.96875,4.72625,3.6925,2.35375
4710600,2.9825,4.7275,3.695,2.3525
4711200,2.99625,4.72875,3.6975,2.35125
4711800,3.01,4.73,3.7,2.35
4712400,2.99625,4.73,3.7025,2.3475
4713000,2.9825,4.73,3.705,2.345
4713600,2.96875,4.73,3.7075,2.3425
4714200,2.955,4.73,3.71,2.34
4714800,2.94125,4.73,3.7125,2.3375
4715400,2.9275,4.73,3.715,2.335
4716000,2.91375,4.73,3.7175,2.3325
4716600,2.9,4.73,3.72,2.33
4717200,2.898888889,4.731111111,3.725555556,2.331111111
4717800,2.897777778,4.732222222,3.731111111,2.332222222
4718400,2.896666667,4.733333333,3.736666667,2.333333333
4719000,2.895555556,4.734444444,3.742222222,2.334444444
4719600,2.894444444,4.735555556,3.747777778,2.335555556
4720200,2.893333333,4.736666667,3.753333333,2.336666667
4720800,2.892222222,4.737777778,3.758888889,2.337777778
4721400,2.891111111,4.738888889,3.764444444,2.338888889
4722000,2.89,4.74,3.77,2.34
4722600,2.89,4.80625,3.77125,2.3425
4723200,2.89,4.8725,3.7725,2.345
4723800,2.89,4.93875,3.77375,2.3475
4724400,2.89,5.005,3.775,2.35
4725000,2.89,5.07125,3.77625,2.3525
4725600,2.89,5.1375,3.7775,2.355
4726200,2.89,5.20375,3.77875,2.3575
4726800,2.89,5.27,3.78,2.36
4727400,3.605,5.595,3.79,2.845
4728000,4.32,5.92,3.8,3.33
4728600,5.035,6.245,3.81,3.815
4729200,5.75,6.57,3.82,4.3
4729800,6.465,6.895,3.83,4.785
4730400,7.18,7.22,3.84,5.27
4731000,7.895,7.545,3.85,5.755
4731600,8.61,7.87,3.86,6.24
4732200,8.286666667,7.918888889,3.867777778,6.735555556
4732800,7.963333333,7.967777778,3.875555556,7.231111111
4733400,7.64,8.016666667,3.883333333,7.726666667
4734000,7.316666667,8.065555556,3.891111111,8.222222222
4734600,6.993333333,8.114444444,3.898888889,8.717777778
4735200,6.67,8.163333333,3.906666667,9.213333333
4735800,6.346666667,8.212222222,3.914444444,9.708888889
4736400,6.023333333,8.261111111,3.922222222,10.20444444
4737000,5.7,8.31,3.93,10.7
4737600,6.10875,8.60875,4.04125,10.6625
4738200,6.5175,8.9075,4.1525,10.625
4738800,6.92625,9.20625,4.26375,10.5875
4739400,7.335,9.505,4.375,10.55
4740000,7.74375,9.80375,4.48625,10.5125
4740600,8.1525,10.1025,4.5975,10.475
4741200,8.56125,10.40125,4.70875,10.4375
4741800,8.97,10.7,4.82,10.4
4742400,9.23625,10.6875,5.09625,10.075
4743000,9.5025,10.675,5.3725,9.75
4743600,9.76875,10.6625,5.64875,9.425
4744200,10.035,10.65,5.925,9.1
4744800,10.30125,10.6375,6.20125,8.775
4745400,10.5675,10.625,6.4775,8.45
4746000,10.83375,10.6125,6.75375,8.125
4746600,11.1,10.6,7.03,7.8
4747200,11.075,10.405,7,7.9075
4747800,11.05,10.21,6.97,8.015
4748400,11.025,10.015,6.94,8.1225
4749000,11,9.82,6.91,8.23
4749600,10.975,9.625,6.88,8.3375
4750200,10.95,9.43,6.85,8.445
4750800,10.925,9.235,6.82,8.5525
4751400,10.9,9.04,6.79,8.66
4752000,10.75777778,8.993333333,6.767777778,8.495555556
4752600,10.61555556,8.946666667,6.745555556,8.331111111
4753200,10.47333333,8.9,6.723333333,8.166666667
4753800,10.33111111,8.853333333,6.701111111,8.002222222
4754400,10.18888889,8.806666667,6.678888889,7.837777778
4755000,10.04666667,8.76,6.656666667,7.673333333
4755600,9.904444444,8.713333333,6.634444444,7.508888889
4756200,9.762222222,8.666666667,6.612222222,7.344444444
4756800,9.62,8.62,6.59,7.18
4757400,9.33875,8.67625,6.57,7.2325
4758000,9.0575,8.7325,6.55,7.285
4758600,8.77625,8.78875,6.53,7.3375
4759200,8.495,8.845,6.51,7.39
4759800,8.21375,8.90125,6.49,7.4425
4760400,7.9325,8.9575,6.47,7.495
4761000,7.65125,9.01375,6.45,7.5475
4761600,7.37,9.07,6.43,7.6
4762200,7.97375,9.27375,6.4925,7.975
4762800,8.5775,9.4775,6.555,8.35
4763400,9.18125,9.68125,6.6175,8.725
4764000,9.785,9.885,6.68,9.1
4764600,10.38875,10.08875,6.7425,9.475
4765200,10.9925,10.2925,6.805,9.85
4765800,11.59625,10.49625,6.8675,10.225
4766400,12.2,10.7,6.93,10.6
4767000,12.21111111,10.7,6.921111111,10.6
4767600,12.22222222,10.7,6.912222222,10.6
4768200,12.23333333,10.7,6.903333333,10.6
4768800,12.24444444,10.7,6.894444444,10.6
4769400,12.25555556,10.7,6.885555556,10.6
4770000,12.26666667,10.7,6.876666667,10.6
4770600,12.27777778,10.7,6.867777778,10.6
4771200,12.28888889,10.7,6.858888889,10.6
4771800,12.3,10.7,6.85,10.6
4772400,12.3,10.7,6.8475,10.6375
4773000,12.3,10.7,6.845,10.675
4773600,12.3,10.7,6.8425,10.7125
4774200,12.3,10.7,6.84,10.75
4774800,12.3,10.7,6.8375,10.7875
4775400,12.3,10.7,6.835,10.825
4776000,12.3,10.7,6.8325,10.8625
4776600,12.3,10.7,6.83,10.9
4777200,12.3125,10.675,6.85125,10.9
4777800,12.325,10.65,6.8725,10.9
4778400,12.3375,10.625,6.89375,10.9
4779000,12.35,10.6,6.915,10.9
4779600,12.3625,10.575,6.93625,10.9
4780200,12.375,10.55,6.9575,10.9
4780800,12.3875,10.525,6.97875,10.9
4781400,12.4,10.5,7,10.9
4782000,12.38888889,10.5,6.98,10.9
4782600,12.37777778,10.5,6.96,10.9
4783200,12.36666667,10.5,6.94,10.9
4783800,12.35555556,10.5,6.92,10.9
4784400,12.34444444,10.5,6.9,10.9
4785000,12.33333333,10.5,6.88,10.9
4785600,12.32222222,10.5,6.86,10.9
4786200,12.31111111,10.5,6.84,10.9
4786800,12.3,10.5,6.82,10.9
4787400,12.3,10.5,6.82625,10.9
4788000,12.3,10.5,6.8325,10.9
4788600,12.3,10.5,6.83875,10.9
4789200,12.3,10.5,6.845,10.9
4789800,12.3,10.5,6.85125,10.9
4790400,12.3,10.5,6.8575,10.9
4791000,12.3,10.5,6.86375,10.9
4791600,12.3,10.5,6.87,10.9
4792200,12.3125,10.5375,6.88125,10.8875
4792800,12.325,10.575,6.8925,10.875
4793400,12.3375,10.6125,6.90375,10.8625
4794000,12.35,10.65,6.915,10.85
4794600,12.3625,10.6875,6.92625,10.8375
4795200,12.375,10.725,6.9375,10.825
4795800,12.3875,10.7625,6.94875,10.8125
4796400,12.4,10.8,6.96,10.8
4797000,12.3875,10.7625,7.04375,10.8
4797600,12.375,10.725,7.1275,10.8
4798200,12.3625,10.6875,7.21125,10.8
4798800,12.35,10.65,7.295,10.8
4799400,12.3375,10.6125,7.37875,10.8
4800000,12.325,10.575,7.4625,10.8
4800600,12.3125,10.5375,7.54625,10.8
4801200,12.3,10.5,7.63,10.8
4801800,12.26666667,10.43111111,7.634444444,10.77777778
4802400,12.23333333,10.36222222,7.638888889,10.75555556
4803000,12.2,10.29333333,7.643333333,10.73333333
4803600,12.16666667,10.22444444,7.647777778,10.71111111
4804200,12.13333333,10.15555556,7.652222222,10.68888889
4804800,12.1,10.08666667,7.656666667,10.66666667
4805400,12.06666667,10.01777778,7.661111111,10.64444444
4806000,12.03333333,9.948888889,7.665555556,10.62222222
4806600,12,9.88,7.67,10.6
4807200,11.2575,9.60375,7.6625,10.1575
4807800,10.515,9.3275,7.655,9.715
4808400,9.7725,9.05125,7.6475,9.2725
4809000,9.03,8.775,7.64,8.83
4809600,8.2875,8.49875,7.6325,8.3875
4810200,7.545,8.2225,7.625,7.945
4810800,6.8025,7.94625,7.6175,7.5025
4811400,6.06,7.67,7.61,7.06
4812000,6.02375,7.76875,7.62625,7.06125
4812600,5.9875,7.8675,7.6425,7.0625
4813200,5.95125,7.96625,7.65875,7.06375
4813800,5.915,8.065,7.675,7.065
4814400,5.87875,8.16375,7.69125,7.06625
4815000,5.8425,8.2625,7.7075,7.0675
4815600,5.80625,8.36125,7.72375,7.06875
4816200,5.77,8.46,7.74,7.07
4816800,6.506666667,8.72,7.881111111,7.484444444
4817400,7.243333333,8.98,8.022222222,7.898888889
4818000,7.98,9.24,8.163333333,8.313333333
4818600,8.716666667,9.5,8.304444444,8.727777778
4819200,9.453333333,9.76,8.445555556,9.142222222
4819800,10.19,10.02,8.586666667,9.556666667
4820400,10.92666667,10.28,8.727777778,9.971111111
4821000,11.66333333,10.54,8.868888889,10.38555556
4821600,12.4,10.8,9.01,10.8
4822200,12.3875,10.8,8.9875,10.8
4822800,12.375,10.8,8.965,10.8
4823400,12.3625,10.8,8.9425,10.8
4824000,12.35,10.8,8.92,10.8
4824600,12.3375,10.8,8.8975,10.8
4825200,12.325,10.8,8.875,10.8
4825800,12.3125,10.8,8.8525,10.8
4826400,12.3,10.8,8.83,10.8
4827000,12.3,10.8,8.8025,10.7625
4827600,12.3,10.8,8.775,10.725
4828200,12.3,10.8,8.7475,10.6875
4828800,12.3,10.8,8.72,10.65
4829400,12.3,10.8,8.6925,10.6125
4830000,12.3,10.8,8.665,10.575
4830600,12.3,10.8,8.6375,10.5375
4831200,12.3,10.8,8.61,10.5
4831800,12.31111111,10.77777778,8.546666667,10.52222222
4832400,12.32222222,10.75555556,8.483333333,10.54444444
4833000,12.33333333,10.73333333,8.42,10.56666667
4833600,12.34444444,10.71111111,8.356666667,10.58888889
4834200,12.35555556,10.68888889,8.293333333,10.61111111
4834800,12.36666667,10.66666667,8.23,10.63333333
4835400,12.37777778,10.64444444,8.166666667,10.65555556
4836000,12.38888889,10.62222222,8.103333333,10.67777778
4836600,12.4,10.6,8.04,10.7
4837200,12.3875,10.6,8.1425,10.6875
4837800,12.375,10.6,8.245,10.675
4838400,12.3625,10.6,8.3475,10.6625
4839000,12.35,10.6,8.45,10.65
4839600,12.3375,10.6,8.5525,10.6375
4840200,12.325,10.6,8.655,10.625
4840800,12.3125,10.6,8.7575,10.6125
4841400,12.3,10.6,8.86,10.6
4842000,12.3,10.55,8.885,10.6
4842600,12.3,10.5,8.91,10.6
4843200,12.3,10.45,8.935,10.6
4843800,12.3,10.4,8.96,10.6
4844400,12.3,10.35,8.985,10.6
4845000,12.3,10.3,9.01,10.6
4845600,12.3,10.25,9.035,10.6
4846200,12.3,10.2,9.06,10.6
4846800,12.3,10.0375,9.03625,10.285
4847400,12.3,9.875,9.0125,9.97
4848000,12.3,9.7125,8.98875,9.655
4848600,12.3,9.55,8.965,9.34
4849200,12.3,9.3875,8.94125,9.025
4849800,12.3,9.225,8.9175,8.71
4850400,12.3,9.0625,8.89375,8.395
4851000,12.3,8.9,8.87,8.08
4851600,12.28888889,8.902222222,8.867777778,8.043333333
4852200,12.27777778,8.904444444,8.865555556,8.006666667
4852800,12.26666667,8.906666667,8.863333333,7.97
4853400,12.25555556,8.908888889,8.861111111,7.933333333
4854000,12.24444444,8.911111111,8.858888889,7.896666667
4854600,12.23333333,8.913333333,8.856666667,7.86
4855200,12.22222222,8.915555556,8.854444444,7.823333333
4855800,12.21111111,8.917777778,8.852222222,7.786666667
4856400,12.2,8.92,8.85,7.75
4857000,12.175,8.8625,8.83375,7.74875
4857600,12.15,8.805,8.8175,7.7475
4858200,12.125,8.7475,8.80125,7.74625
4858800,12.1,8.69,8.785,7.745
4859400,12.075,8.6325,8.76875,7.74375
4860000,12.05,8.575,8.7525,7.7425
4860600,12.025,8.5175,8.73625,7.74125
4861200,12,8.46,8.72,7.74
4861800,11.9875,8.425,8.7575,7.74625
4862400,11.975,8.39,8.795,7.7525
4863000,11.9625,8.355,8.8325,7.75875
4863600,11.95,8.32,8.87,7.765
4864200,11.9375,8.285,8.9075,7.77125
4864800,11.925,8.25,8.945,7.7775
4865400,11.9125,8.215,8.9825,7.78375
4866000,11.9,8.18,9.02,7.79
4866600,11.95555556,8.265555556,9.035555556,7.781111111
4867200,12.01111111,8.351111111,9.051111111,7.772222222
4867800,12.06666667,8.436666667,9.066666667,7.763333333
4868400,12.12222222,8.522222222,9.082222222,7.754444444
4869000,12.17777778,8.607777778,9.097777778,7.745555556
4869600,12.23333333,8.693333333,9.113333333,7.736666667
4870200,12.28888889,8.778888889,9.128888889,7.727777778
4870800,12.34444444,8.864444444,9.144444444,7.718888889
4871400,12.4,8.95,9.16,7.71
4872000,12.3875,8.94125,9.15375,7.70375
4872600,12.375,8.9325,9.1475,7.6975
4873200,12.3625,8.92375,9.14125,7.69125
4873800,12.35,8.915,9.135,7.685
4874400,12.3375,8.90625,9.12875,7.67875
4875000,12.325,8.8975,9.1225,7.6725
4875600,12.3125,8.88875,9.11625,7.66625
4876200,12.3,8.88,9.11,7.66
4876800,12.3,8.89375,9.08125,7.6725
4877400,12.3,8.9075,9.0525,7.685
4878000,12.3,8.92125,9.02375,7.6975
4878600,12.3,8.935,8.995,7.71
4879200,12.3,8.94875,8.96625,7.7225
4879800,12.3,8.9625,8.9375,7.735
4880400,12.3,8.97625,8.90875,7.7475
4881000,12.3,8.99,8.88,7.76
4881600,12.25555556,8.873333333,8.847777778,7.7
4882200,12.21111111,8.756666667,8.815555556,7.64
4882800,12.16666667,8.64,8.783333333,7.58
4883400,12.12222222,8.523333333,8.751111111,7.52
4884000,12.07777778,8.406666667,8.718888889,7.46
4884600,12.03333333,8.29,8.686666667,7.4
4885200,11.98888889,8.173333333,8.654444444,7.34
4885800,11.94444444,8.056666667,8.622222222,7.28
4886400,11.9,7.94,8.59,7.22
4887000,11.16375,7.64375,8.5325,6.68375
4887600,10.4275,7.3475,8.475,6.1475
4888200,9.69125,7.05125,8.4175,5.61125
4888800,8.955,6.755,8.36,5.075
4889400,8.21875,6.45875,8.3025,4.53875
4890000,7.4825,6.1625,8.245,4.0025
4890600,6.74625,5.86625,8.1875,3.46625
4891200,6.01,5.57,8.13,2.93
4891800,6.04625,5.60125,8.09125,2.91875
4892400,6.0825,5.6325,8.0525,2.9075
4893000,6.11875,5.66375,8.01375,2.89625
4893600,6.155,5.695,7.975,2.885
4894200,6.19125,5.72625,7.93625,2.87375
4894800,6.2275,5.7575,7.8975,2.8625
4895400,6.26375,5.78875,7.85875,2.85125
4896000,6.3,5.82,7.82,2.84
4896600,7.05,6.05375,7.80875,3.5175
4897200,7.8,6.2875,7.7975,4.195
4897800,8.55,6.52125,7.78625,4.8725
4898400,9.3,6.755,7.775,5.55
4899000,10.05,6.98875,7.76375,6.2275
4899600,10.8,7.2225,7.7525,6.905
4900200,11.55,7.45625,7.74125,7.5825
4900800,12.3,7.69,7.73,8.26
4901400,12.23333333,8.002222222,7.786666667,8.475555556
4902000,12.16666667,8.314444444,7.843333333,8.691111111
4902600,12.1,8.626666667,7.9,8.906666667
4903200,12.03333333,8.938888889,7.956666667,9.122222222
4903800,11.96666667,9.251111111,8.013333333,9.337777778
4904400,11.9,9.563333333,8.07,9.553333333
4905000,11.83333333,9.875555556,8.126666667,9.768888889
4905600,11.76666667,10.18777778,8.183333333,9.984444444
4906200,11.7,10.5,8.24,10.2
4906800,11.725,10.5125,8.31,10.3125
4907400,11.75,10.525,8.38,10.425
4908000,11.775,10.5375,8.45,10.5375
4908600,11.8,10.55,8.52,10.65
4909200,11.825,10.5625,8.59,10.7625
4909800,11.85,10.575,8.66,10.875
4910400,11.875,10.5875,8.73,10.9875
4911000,11.9,10.6,8.8,11.1
4911600,11.925,10.65,8.73875,11.15
4912200,11.95,10.7,8.6775,11.2
4912800,11.975,10.75,8.61625,11.25
4913400,12,10.8,8.555,11.3
4914000,12.025,10.85,8.49375,11.35
4914600,12.05,10.9,8.4325,11.4
4915200,12.075,10.95,8.37125,11.45
4915800,12.1,11,8.31,11.5
4916400,12.1,11.01111111,8.237777778,11.51111111
4917000,12.1,11.02222222,8.165555556,11.52222222
4917600,12.1,11.03333333,8.093333333,11.53333333
4918200,12.1,11.04444444,8.021111111,11.54444444
4918800,12.1,11.05555556,7.948888889,11.55555556
4919400,12.1,11.06666667,7.876666667,11.56666667
4920000,12.1,11.07777778,7.804444444,11.57777778
4920600,12.1,11.08888889,7.732222222,11.58888889
4921200,12.1,11.1,7.66,11.6
4921800,12.1125,11.1,7.69625,11.5875
4922400,12.125,11.1,7.7325,11.575
4923000,12.1375,11.1,7.76875,11.5625
4923600,12.15,11.1,7.805,11.55
4924200,12.1625,11.1,7.84125,11.5375
4924800,12.175,11.1,7.8775,11.525
4925400,12.1875,11.1,7.91375,11.5125
4926000,12.2,11.1,7.95,11.5
4926600,12.2125,11.1125,8.0575,11.5125
4927200,12.225,11.125,8.165,11.525
4927800,12.2375,11.1375,8.2725,11.5375
4928400,12.25,11.15,8.38,11.55
4929000,12.2625,11.1625,8.4875,11.5625
4929600,12.275,11.175,8.595,11.575
4930200,12.2875,11.1875,8.7025,11.5875
4930800,12.3,11.2,8.81,11.6
4931400,12.31111111,11.2,8.757777778,11.51111111
4932000,12.32222222,11.2,8.705555556,11.42222222
4932600,12.33333333,11.2,8.653333333,11.33333333
4933200,12.34444444,11.2,8.601111111,11.24444444
4933800,12.35555556,11.2,8.548888889,11.15555556
4934400,12.36666667,11.2,8.496666667,11.06666667
4935000,12.37777778,11.2,8.444444444,10.97777778
4935600,12.38888889,11.2,8.392222222,10.88888889
4936200,12.4,11.2,8.34,10.8
4936800,12.425,11.2,8.36625,10.9125
4937400,12.45,11.2,8.3925,11.025
4938000,12.475,11.2,8.41875,11.1375
4938600,12.5,11.2,8.445,11.25
4939200,12.525,11.2,8.47125,11.3625
4939800,12.55,11.2,8.4975,11.475
4940400,12.575,11.2,8.52375,11.5875
4941000,12.6,11.2,8.55,11.7
4941600,12.5875,11.2125,8.51125,11.7
4942200,12.575,11.225,8.4725,11.7
4942800,12.5625,11.2375,8.43375,11.7
4943400,12.55,11.25,8.395,11.7
4944000,12.5375,11.2625,8.35625,11.7
4944600,12.525,11.275,8.3175,11.7
4945200,12.5125,11.2875,8.27875,11.7
4945800,12.5,11.3,8.24,11.7
4946400,12.5,11.2875,8.3025,11.7
4947000,12.5,11.275,8.365,11.7
4947600,12.5,11.2625,8.4275,11.7
4948200,12.5,11.25,8.49,11.7
4948800,12.5,11.2375,8.5525,11.7
4949400,12.5,11.225,8.615,11.7
4950000,12.5,11.2125,8.6775,11.7
4950600,12.5,11.2,8.74,11.7
4951200,12.28888889,10.97888889,8.735555556,11.62222222
4951800,12.07777778,10.75777778,8.731111111,11.54444444
4952400,11.86666667,10.53666667,8.726666667,11.46666667
4953000,11.65555556,10.31555556,8.722222222,11.38888889
4953600,11.44444444,10.09444444,8.717777778,11.31111111
4954200,11.23333333,9.873333333,8.713333333,11.23333333
4954800,11.02222222,9.652222222,8.708888889,11.15555556
4955400,10.81111111,9.431111111,8.704444444,11.07777778
4956000,10.6,9.21,8.7,11
4956600,10.185,8.795,8.70625,10.83625
4957200,9.77,8.38,8.7125,10.6725
4957800,9.355,7.965,8.71875,10.50875
4958400,8.94,7.55,8.725,10.345
4959000,8.525,7.135,8.73125,10.18125
4959600,8.11,6.72,8.7375,10.0175
4960200,7.695,6.305,8.74375,9.85375
4960800,7.28,5.89,8.75,9.69
4961400,7.2325,5.83125,8.74125,9.68625
4962000,7.185,5.7725,8.7325,9.6825
4962600,7.1375,5.71375,8.72375,9.67875
4963200,7.09,5.655,8.715,9.675
4963800,7.0425,5.59625,8.70625,9.67125
4964400,6.995,5.5375,8.6975,9.6675
4965000,6.9475,5.47875,8.68875,9.66375
4965600,6.9,5.42,8.68,9.66
4966200,6.908888889,5.444444444,8.661111111,9.678888889
4966800,6.917777778,5.468888889,8.642222222,9.697777778
4967400,6.926666667,5.493333333,8.623333333,9.716666667
4968000,6.935555556,5.517777778,8.604444444,9.735555556
4968600,6.944444444,5.542222222,8.585555556,9.754444444
4969200,6.953333333,5.566666667,8.566666667,9.773333333
4969800,6.962222222,5.591111111,8.547777778,9.792222222
4970400,6.971111111,5.615555556,8.528888889,9.811111111
4971000,6.98,5.64,8.51,9.83
4971600,6.9675,5.63375,8.5125,9.825
4972200,6.955,5.6275,8.515,9.82
4972800,6.9425,5.62125,8.5175,9.815
4973400,6.93,5.615,8.52,9.81
4974000,6.9175,5.60875,8.5225,9.805
4974600,6.905,5.6025,8.525,9.8
4975200,6.8925,5.59625,8.5275,9.795
4975800,6.88,5.59,8.53,9.79
4976400,6.89,5.5875,8.52375,9.805
4977000,6.9,5.585,8.5175,9.82
4977600,6.91,5.5825,8.51125,9.835
4978200,6.92,5.58,8.505,9.85
4978800,6.93,5.5775,8.49875,9.865
4979400,6.94,5.575,8.4925,9.88
4980000,6.95,5.5725,8.48625,9.895
4980600,6.96,5.57,8.48,9.91
4981200,7.442222222,6.057777778,8.484444444,10.06444444
4981800,7.924444444,6.545555556,8.488888889,10.21888889
4982400,8.406666667,7.033333333,8.493333333,10.37333333
4983000,8.888888889,7.521111111,8.497777778,10.52777778
4983600,9.371111111,8.008888889,8.502222222,10.68222222
4984200,9.853333333,8.496666667,8.506666667,10.83666667
4984800,10.33555556,8.984444444,8.511111111,10.99111111
4985400,10.81777778,9.472222222,8.515555556,11.14555556
4986000,11.3,9.96,8.52,11.3
4986600,11.4625,10.115,8.525,11.35
4987200,11.625,10.27,8.53,11.4
4987800,11.7875,10.425,8.535,11.45
4988400,11.95,10.58,8.54,11.5
4989000,12.1125,10.735,8.545,11.55
4989600,12.275,10.89,8.55,11.6
4990200,12.4375,11.045,8.555,11.65
4990800,12.6,11.2,8.56,11.7
4991400,12.5875,11.2,8.595,11.6875
4992000,12.575,11.2,8.63,11.675
4992600,12.5625,11.2,8.665,11.6625
4993200,12.55,11.2,8.7,11.65
4993800,12.5375,11.2,8.735,11.6375
4994400,12.525,11.2,8.77,11.625
4995000,12.5125,11.2,8.805,11.6125
4995600,12.5,11.2,8.84,11.6
4996200,12.4875,11.2375,8.7575,11.6125
4996800,12.475,11.275,8.675,11.625
4997400,12.4625,11.3125,8.5925,11.6375
4998000,12.45,11.35,8.51,11.65
4998600,12.4375,11.3875,8.4275,11.6625
4999200,12.425,11.425,8.345,11.675
4999800,12.4125,11.4625,8.2625,11.6875
5000400,12.4,11.5,8.18,11.7
5001000,12.4,11.46666667,8.172222222,11.7
5001600,12.4,11.43333333,8.164444444,11.7
5002200,12.4,11.4,8.156666667,11.7
5002800,12.4,11.36666667,8.148888889,11.7
5003400,12.4,11.33333333,8.141111111,11.7
5004000,12.4,11.3,8.133333333,11.7
5004600,12.4,11.26666667,8.125555556,11.7
5005200,12.4,11.23333333,8.117777778,11.7
5005800,12.4,11.2,8.11,11.7
5006400,12.375,11.2,8.145,11.7
5007000,12.35,11.2,8.18,11.7
5007600,12.325,11.2,8.215,11.7
5008200,12.3,11.2,8.25,11.7
5008800,12.275,11.2,8.285,11.7
5009400,12.25,11.2,8.32,11.7
5010000,12.225,11.2,8.355,11.7
5010600,12.2,11.2,8.39,11.7
5011200,12.1875,11.1875,8.34,11.7125
5011800,12.175,11.175,8.29,11.725
5012400,12.1625,11.1625,8.24,11.7375
5013000,12.15,11.15,8.19,11.75
5013600,12.1375,11.1375,8.14,11.7625
5014200,12.125,11.125,8.09,11.775
5014800,12.1125,11.1125,8.04,11.7875
5015400,12.1,11.1,7.99,11.8
5016000,12.11111111,11.1,7.928888889,11.78888889
5016600,12.12222222,11.1,7.867777778,11.77777778
5017200,12.13333333,11.1,7.806666667,11.76666667
5017800,12.14444444,11.1,7.745555556,11.75555556
5018400,12.15555556,11.1,7.684444444,11.74444444
5019000,12.16666667,11.1,7.623333333,11.73333333
5019600,12.17777778,11.1,7.562222222,11.72222222
5020200,12.18888889,11.1,7.501111111,11.71111111
5020800,12.2,11.1,7.44,11.7
5021400,12.175,11.075,7.42875,11.7
5022000,12.15,11.05,7.4175,11.7
5022600,12.125,11.025,7.40625,11.7
5023200,12.1,11,7.395,11.7
5023800,12.075,10.975,7.38375,11.7
5024400,12.05,10.95,7.3725,11.7
5025000,12.025,10.925,7.36125,11.7
5025600,12,10.9,7.35,11.7
5026200,12.025,10.925,7.34625,11.7
5026800,12.05,10.95,7.3425,11.7
5027400,12.075,10.975,7.33875,11.7
5028000,12.1,11,7.335,11.7
5028600,12.125,11.025,7.33125,11.7
5029200,12.15,11.05,7.3275,11.7
5029800,12.175,11.075,7.32375,11.7
5030400,12.2,11.1,7.32,11.7
5031000,12.18888889,11.08888889,7.323333333,11.67777778
5031600,12.17777778,11.07777778,7.326666667,11.65555556
5032200,12.16666667,11.06666667,7.33,11.63333333
5032800,12.15555556,11.05555556,7.333333333,11.61111111
5033400,12.14444444,11.04444444,7.336666667,11.58888889
5034000,12.13333333,11.03333333,7.34,11.56666667
5034600,12.12222222,11.02222222,7.343333333,11.54444444
5035200,12.11111111,11.01111111,7.346666667,11.52222222
5035800,12.1,11,7.35,11.5
5036400,11.2225,10.3075,7.33,10.62
5037000,10.345,9.615,7.31,9.74
5037600,9.4675,8.9225,7.29,8.86
5038200,8.59,8.23,7.27,7.98
5038800,7.7125,7.5375,7.25,7.1
5039400,6.835,6.845,7.23,6.22
5040000,5.9575,6.1525,7.21,5.34
5040600,5.08,5.46,7.19,4.46
5041200,5.12375,5.50375,7.2025,4.37875
5041800,5.1675,5.5475,7.215,4.2975
5042400,5.21125,5.59125,7.2275,4.21625
5043000,5.255,5.635,7.24,4.135
5043600,5.29875,5.67875,7.2525,4.05375
5044200,5.3425,5.7225,7.265,3.9725
5044800,5.38625,5.76625,7.2775,3.89125
5045400,5.43,5.81,7.29,3.81
5046000,5.88375,6.11625,7.2925,4.38875
5046600,6.3375,6.4225,7.295,4.9675
5047200,6.79125,6.72875,7.2975,5.54625
5047800,7.245,7.035,7.3,6.125
5048400,7.69875,7.34125,7.3025,6.70375
5049000,8.1525,7.6475,7.305,7.2825
5049600,8.60625,7.95375,7.3075,7.86125
5050200,9.06,8.26,7.31,8.44
5050800,9.136666667,8.308888889,7.304444444,8.624444444
5051400,9.213333333,8.357777778,7.298888889,8.808888889
5052000,9.29,8.406666667,7.293333333,8.993333333
5052600,9.366666667,8.455555556,7.287777778,9.177777778
5053200,9.443333333,8.504444444,7.282222222,9.362222222
5053800,9.52,8.553333333,7.276666667,9.546666667
5054400,9.596666667,8.602222222,7.271111111,9.731111111
5055000,9.673333333,8.651111111,7.265555556,9.915555556
5055600,9.75,8.7,7.26,10.1
5056200,9.7075,8.735,7.24875,10.125
5056800,9.665,8.77,7.2375,10.15
5057400,9.6225,8.805,7.22625,10.175
5058000,9.58,8.84,7.215,10.2
5058600,9.5375,8.875,7.20375,10.225
5059200,9.495,8.91,7.1925,10.25
5059800,9.4525,8.945,7.18125,10.275
5060400,9.41,8.98,7.17,10.3
5061000,9.38375,8.985,7.14875,10.3
5061600,9.3575,8.99,7.1275,10.3
5062200,9.33125,8.995,7.10625,10.3
5062800,9.305,9,7.085,10.3
5063400,9.27875,9.005,7.06375,10.3
5064000,9.2525,9.01,7.0425,10.3
5064600,9.22625,9.015,7.02125,10.3
5065200,9.2,9.02,7,10.3
5065800,9.26,8.997777778,7.003333333,10.26666667
5066400,9.32,8.975555556,7.006666667,10.23333333
5067000,9.38,8.953333333,7.01,10.2
5067600,9.44,8.931111111,7.013333333,10.16666667
5068200,9.5,8.908888889,7.016666667,10.13333333
5068800,9.56,8.886666667,7.02,10.1
5069400,9.62,8.864444444,7.023333333,10.06666667
5070000,9.68,8.842222222,7.026666667,10.03333333
5070600,9.74,8.82,7.03,10
5071200,9.935,8.8825,7.06125,10.0375
5071800,10.13,8.945,7.0925,10.075
5072400,10.325,9.0075,7.12375,10.1125
5073000,10.52,9.07,7.155,10.15
5073600,10.715,9.1325,7.18625,10.1875
5074200,10.91,9.195,7.2175,10.225
5074800,11.105,9.2575,7.24875,10.2625
5075400,11.3,9.32,7.28,10.3
5076000,11.3,9.3175,7.295,10.3
5076600,11.3,9.315,7.31,10.3
5077200,11.3,9.3125,7.325,10.3
5077800,11.3,9.31,7.34,10.3
5078400,11.3,9.3075,7.355,10.3
5079000,11.3,9.305,7.37,10.3
5079600,11.3,9.3025,7.385,10.3
5080200,11.3,9.3,7.4,10.3
5080800,11.35555556,9.308888889,7.398888889,10.43333333
5081400,11.41111111,9.317777778,7.397777778,10.56666667
5082000,11.46666667,9.326666667,7.396666667,10.7
5082600,11.52222222,9.335555556,7.395555556,10.83333333
5083200,11.57777778,9.344444444,7.394444444,10.96666667
5083800,11.63333333,9.353333333,7.393333333,11.1
5084400,11.68888889,9.362222222,7.392222222,11.23333333
5085000,11.74444444,9.371111111,7.391111111,11.36666667
5085600,11.8,9.38,7.39,11.5
5086200,11.7875,9.39125,7.43,11.4875
5086800,11.775,9.4025,7.47,11.475
5087400,11.7625,9.41375,7.51,11.4625
5088000,11.75,9.425,7.55,11.45
5088600,11.7375,9.43625,7.59,11.4375
5089200,11.725,9.4475,7.63,11.425
5089800,11.7125,9.45875,7.67,11.4125
5090400,11.7,9.47,7.71,11.4
5091000,11.5375,9.44875,7.62375,11.2375
5091600,11.375,9.4275,7.5375,11.075
5092200,11.2125,9.40625,7.45125,10.9125
5092800,11.05,9.385,7.365,10.75
5093400,10.8875,9.36375,7.27875,10.5875
5094000,10.725,9.3425,7.1925,10.425
5094600,10.5625,9.32125,7.10625,10.2625
5095200,10.4,9.3,7.02,10.1
5095800,10.08,8.94125,6.7825,9.7925
5096400,9.76,8.5825,6.545,9.485
5097000,9.44,8.22375,6.3075,9.1775
5097600,9.12,7.865,6.07,8.87
5098200,8.8,7.50625,5.8325,8.5625
5098800,8.48,7.1475,5.595,8.255
5099400,8.16,6.78875,5.3575,7.9475
5100000,7.84,6.43,5.12,7.64
5100600,8.202222222,6.392222222,5.247777778,7.98
5101200,8.564444444,6.354444444,5.375555556,8.32
5101800,8.926666667,6.316666667,5.503333333,8.66
5102400,9.288888889,6.278888889,5.631111111,9
5103000,9.651111111,6.241111111,5.758888889,9.34
5103600,10.01333333,6.203333333,5.886666667,9.68
5104200,10.37555556,6.165555556,6.014444444,10.02
5104800,10.73777778,6.127777778,6.142222222,10.36
5105400,11.1,6.09,6.27,10.7
5106000,11.1,6.13625,6.1975,10.7
5106600,11.1,6.1825,6.125,10.7
5107200,11.1,6.22875,6.0525,10.7
5107800,11.1,6.275,5.98,10.7
5108400,11.1,6.32125,5.9075,10.7
5109000,11.1,6.3675,5.835,10.7
5109600,11.1,6.41375,5.7625,10.7
5110200,11.1,6.46,5.69,10.7
5110800,11.075,6.455,5.60125,10.6875
5111400,11.05,6.45,5.5125,10.675
5112000,11.025,6.445,5.42375,10.6625
5112600,11,6.44,5.335,10.65
5113200,10.975,6.435,5.24625,10.6375
5113800,10.95,6.43,5.1575,10.625
5114400,10.925,6.425,5.06875,10.6125
5115000,10.9,6.42,4.98,10.6
5115600,10.79555556,6.387777778,4.997777778,10.6
5116200,10.69111111,6.355555556,5.015555556,10.6
5116800,10.58666667,6.323333333,5.033333333,10.6
5117400,10.48222222,6.291111111,5.051111111,10.6
5118000,10.37777778,6.258888889,5.068888889,10.6
5118600,10.27333333,6.226666667,5.086666667,10.6
5119200,10.16888889,6.194444444,5.104444444,10.6
5119800,10.06444444,6.162222222,5.122222222,10.6
5120400,9.96,6.13,5.14,10.6
5121000,9.91125,6.07125,5.12375,10.6
5121600,9.8625,6.0125,5.1075,10.6
5122200,9.81375,5.95375,5.09125,10.6
5122800,9.765,5.895,5.075,10.6
5123400,9.71625,5.83625,5.05875,10.6
5124000,9.6675,5.7775,5.0425,10.6
5124600,9.61875,5.71875,5.02625,10.6
5125200,9.57,5.66,5.01,10.6
5125800,9.545,5.65875,4.9875,10.6
5126400,9.52,5.6575,4.965,10.6
5127000,9.495,5.65625,4.9425,10.6
5127600,9.47,5.655,4.92,10.6
5128200,9.445,5.65375,4.8975,10.6
5128800,9.42,5.6525,4.875,10.6
5129400,9.395,5.65125,4.8525,10.6
5130000,9.37,5.65,4.83,10.6
5130600,9.343333333,5.653333333,4.801111111,10.62222222
5131200,9.316666667,5.656666667,4.772222222,10.64444444
5131800,9.29,5.66,4.743333333,10.66666667
5132400,9.263333333,5.663333333,4.714444444,10.68888889
5133000,9.236666667,5.666666667,4.685555556,10.71111111
5133600,9.21,5.67,4.656666667,10.73333333
5134200,9.183333333,5.673333333,4.627777778,10.75555556
5134800,9.156666667,5.676666667,4.598888889,10.77777778
5135400,9.13,5.68,4.57,10.8
5136000,9.1275,5.65875,4.5775,10.8
5136600,9.125,5.6375,4.585,10.8
5137200,9.1225,5.61625,4.5925,10.8
5137800,9.12,5.595,4.6,10.8
5138400,9.1175,5.57375,4.6075,10.8
5139000,9.115,5.5525,4.615,10.8
5139600,9.1125,5.53125,4.6225,10.8
5140200,9.11,5.51,4.63,10.8
5140800,9.0625,5.4975,4.625,10.65375
5141400,9.015,5.485,4.62,10.5075
5142000,8.9675,5.4725,4.615,10.36125
5142600,8.92,5.46,4.61,10.215
5143200,8.8725,5.4475,4.605,10.06875
5143800,8.825,5.435,4.6,9.9225
5144400,8.7775,5.4225,4.595,9.77625
5145000,8.73,5.41,4.59,9.63
5145600,8.38875,5.37125,4.58875,8.94375
5146200,8.0475,5.3325,4.5875,8.2575
5146800,7.70625,5.29375,4.58625,7.57125
5147400,7.365,5.255,4.585,6.885
5148000,7.02375,5.21625,4.58375,6.19875
5148600,6.6825,5.1775,4.5825,5.5125
5149200,6.34125,5.13875,4.58125,4.82625
5149800,6,5.1,4.58,4.14
5150400,5.756666667,5.147777778,4.611111111,4.078888889
5151000,5.513333333,5.195555556,4.642222222,4.017777778
5151600,5.27,5.243333333,4.673333333,3.956666667
5152200,5.026666667,5.291111111,4.704444444,3.895555556
5152800,4.783333333,5.338888889,4.735555556,3.834444444
5153400,4.54,5.386666667,4.766666667,3.773333333
5154000,4.296666667,5.434444444,4.797777778,3.712222222
5154600,4.053333333,5.482222222,4.828888889,3.651111111
5155200,3.81,5.53,4.86,3.59
5155800,3.7975,5.55875,4.85625,3.57375
5156400,3.785,5.5875,4.8525,3.5575
5157000,3.7725,5.61625,4.84875,3.54125
5157600,3.76,5.645,4.845,3.525
5158200,3.7475,5.67375,4.84125,3.50875
5158800,3.735,5.7025,4.8375,3.4925
5159400,3.7225,5.73125,4.83375,3.47625
5160000,3.71,5.76,4.83,3.46
5160600,3.71125,5.76875,4.755,3.46
5161200,3.7125,5.7775,4.68,3.46
5161800,3.71375,5.78625,4.605,3.46
5162400,3.715,5.795,4.53,3.46
5163000,3.71625,5.80375,4.455,3.46
5163600,3.7175,5.8125,4.38,3.46
5164200,3.71875,5.82125,4.305,3.46
5164800,3.72,5.83,4.23,3.46
5165400,3.723333333,5.831111111,4.223333333,3.462222222
5166000,3.726666667,5.832222222,4.216666667,3.464444444
5166600,3.73,5.833333333,4.21,3.466666667
5167200,3.733333333,5.834444444,4.203333333,3.468888889
5167800,3.736666667,5.835555556,4.196666667,3.471111111
5168400,3.74,5.836666667,4.19,3.473333333
5169000,3.743333333,5.837777778,4.183333333,3.475555556
5169600,3.746666667,5.838888889,4.176666667,3.477777778
5170200,3.75,5.84,4.17,3.48
5170800,3.74375,5.85125,4.22625,3.48375
5171400,3.7375,5.8625,4.2825,3.4875
5172000,3.73125,5.87375,4.33875,3.49125
5172600,3.725,5.885,4.395,3.495
5173200,3.71875,5.89625,4.45125,3.49875
5173800,3.7125,5.9075,4.5075,3.5025
5174400,3.70625,5.91875,4.56375,3.50625
5175000,3.7,5.93,4.62,3.51
5175600,3.70375,5.94875,4.595,3.5075
5176200,3.7075,5.9675,4.57,3.505
5176800,3.71125,5.98625,4.545,3.5025
5177400,3.715,6.005,4.52,3.5
5178000,3.71875,6.02375,4.495,3.4975
5178600,3.7225,6.0425,4.47,3.495
5179200,3.72625,6.06125,4.445,3.4925
5179800,3.73,6.08,4.42,3.49
5180400,3.724444444,6.212222222,4.405555556,3.485555556
5181000,3.718888889,6.344444444,4.391111111,3.481111111
5181600,3.713333333,6.476666667,4.376666667,3.476666667
5182200,3.707777778,6.608888889,4.362222222,3.472222222
5182800,3.702222222,6.741111111,4.347777778,3.467777778
5183400,3.696666667,6.873333333,4.333333333,3.463333333
5184000,3.691111111,7.005555556,4.318888889,3.458888889
5184600,3.685555556,7.137777778,4.304444444,3.454444444
5185200,3.68,7.27,4.29,3.45
5185800,3.66625,7.07125,4.29375,3.45125
5186400,3.6525,6.8725,4.2975,3.4525
5187000,3.63875,6.67375,4.30125,3.45375
5187600,3.625,6.475,4.305,3.455
5188200,3.61125,6.27625,4.30875,3.45625
5188800,3.5975,6.0775,4.3125,3.4575
5189400,3.58375,5.87875,4.31625,3.45875
5190000,3.57,5.68,4.32,3.46
5190600,3.5675,5.695,4.32,3.42875
5191200,3.565,5.71,4.32,3.3975
5191800,3.5625,5.725,4.32,3.36625
5192400,3.56,5.74,4.32,3.335
5193000,3.5575,5.755,4.32,3.30375
5193600,3.555,5.77,4.32,3.2725
5194200,3.5525,5.785,4.32,3.24125
5194800,3.55,5.8,4.32,3.21
5195400,3.52,5.86,4.3375,3.19875
5196000,3.49,5.92,4.355,3.1875
5196600,3.46,5.98,4.3725,3.17625
5197200,3.43,6.04,4.39,3.165
5197800,3.4,6.1,4.4075,3.15375
5198400,3.37,6.16,4.425,3.1425
5199000,3.34,6.22,4.4425,3.13125
5199600,3.31,6.28,4.46,3.12
5200200,3.38,6.303333333,4.492222222,3.184444444
5200800,3.45,6.326666667,4.524444444,3.248888889
5201400,3.52,6.35,4.556666667,3.313333333
5202000,3.59,6.373333333,4.588888889,3.377777778
5202600,3.66,6.396666667,4.621111111,3.442222222
5203200,3.73,6.42,4.653333333,3.506666667
5203800,3.8,6.443333333,4.685555556,3.571111111
5204400,3.87,6.466666667,4.717777778,3.635555556
5205000,3.94,6.49,4.75,3.7
5205600,4.985,6.91375,4.715,4.6625
5206200,6.03,7.3375,4.68,5.625
5206800,7.075,7.76125,4.645,6.5875
5207400,8.12,8.185,4.61,7.55
5208000,9.165,8.60875,4.575,8.5125
5208600,10.21,9.0325,4.54,9.475
5209200,11.255,9.45625,4.505,10.4375
5209800,12.3,9.88,4.47,11.4
5210400,12.3,10.02,4.49375,11.4
5211000,12.3,10.16,4.5175,11.4
5211600,12.3,10.3,4.54125,11.4
5212200,12.3,10.44,4.565,11.4
5212800,12.3,10.58,4.58875,11.4
5213400,12.3,10.72,4.6125,11.4
5214000,12.3,10.86,4.63625,11.4
5214600,12.3,11,4.66,11.4
5215200,12.31111111,11.02222222,4.662222222,11.4
5215800,12.32222222,11.04444444,4.664444444,11.4
5216400,12.33333333,11.06666667,4.666666667,11.4
5217000,12.34444444,11.08888889,4.668888889,11.4
5217600,12.35555556,11.11111111,4.671111111,11.4
5218200,12.36666667,11.13333333,4.673333333,11.4
5218800,12.37777778,11.15555556,4.675555556,11.4
5219400,12.38888889,11.17777778,4.677777778,11.4
5220000,12.4,11.2,4.68,11.4
5220600,12.3875,11.2,4.67375,11.3875
5221200,12.375,11.2,4.6675,11.375
5221800,12.3625,11.2,4.66125,11.3625
5222400,12.35,11.2,4.655,11.35
5223000,12.3375,11.2,4.64875,11.3375
5223600,12.325,11.2,4.6425,11.325
5224200,12.3125,11.2,4.63625,11.3125
5224800,12.3,11.2,4.63,11.3
5225400,12.2,11.1375,4.63,11.175
5226000,12.1,11.075,4.63,11.05
5226600,12,11.0125,4.63,10.925
5227200,11.9,10.95,4.63,10.8
5227800,11.8,10.8875,4.63,10.675
5228400,11.7,10.825,4.63,10.55
5229000,11.6,10.7625,4.63,10.425
5229600,11.5,10.7,4.63,10.3
5230200,10.67666667,10.16222222,4.626666667,9.508888889
5230800,9.853333333,9.624444444,4.623333333,8.717777778
5231400,9.03,9.086666667,4.62,7.926666667
5232000,8.206666667,8.548888889,4.616666667,7.135555556
5232600,7.383333333,8.011111111,4.613333333,6.344444444
5233200,6.56,7.473333333,4.61,5.553333333
5233800,5.736666667,6.935555556,4.606666667,4.762222222
5234400,4.913333333,6.397777778,4.603333333,3.971111111
5235000,4.09,5.86,4.6,3.18
5235600,3.93125,5.645,4.60125,3.08875
5236200,3.7725,5.43,4.6025,2.9975
5236800,3.61375,5.215,4.60375,2.90625
5237400,3.455,5,4.605,2.815
5238000,3.29625,4.785,4.60625,2.72375
5238600,3.1375,4.57,4.6075,2.6325
5239200,2.97875,4.355,4.60875,2.54125
5239800,2.82,4.14,4.61,2.45
5240400,2.82375,4.13,4.60875,2.45125
5241000,2.8275,4.12,4.6075,2.4525
5241600,2.83125,4.11,4.60625,2.45375
5242200,2.835,4.1,4.605,2.455
5242800,2.83875,4.09,4.60375,2.45625
5243400,2.8425,4.08,4.6025,2.4575
5244000,2.84625,4.07,4.60125,2.45875
5244600,2.85,4.06,4.6,2.46
5245200,3.6125,4.60625,4.6025,3.13125
5245800,4.375,5.1525,4.605,3.8025
5246400,5.1375,5.69875,4.6075,4.47375
5247000,5.9,6.245,4.61,5.145
5247600,6.6625,6.79125,4.6125,5.81625
5248200,7.425,7.3375,4.615,6.4875
5248800,8.1875,7.88375,4.6175,7.15875
5249400,8.95,8.43,4.62,7.83
5250000,9.322222222,8.715555556,4.624444444,8.16
5250600,9.694444444,9.001111111,4.628888889,8.49
5251200,10.06666667,9.286666667,4.633333333,8.82
5251800,10.43888889,9.572222222,4.637777778,9.15
5252400,10.81111111,9.857777778,4.642222222,9.48
5253000,11.18333333,10.14333333,4.646666667,9.81
5253600,11.55555556,10.42888889,4.651111111,10.14
5254200,11.92777778,10.71444444,4.655555556,10.47
5254800,12.3,11,4.66,10.8
5255400,12.1375,10.9,4.60625,10.67625
5256000,11.975,10.8,4.5525,10.5525
5256600,11.8125,10.7,4.49875,10.42875
5257200,11.65,10.6,4.445,10.305
5257800,11.4875,10.5,4.39125,10.18125
5258400,11.325,10.4,4.3375,10.0575
5259000,11.1625,10.3,4.28375,9.93375
5259600,11,10.2,4.23,9.81
5260200,10.0975,9.45625,4.2175,8.9575
5260800,9.195,8.7125,4.205,8.105
5261400,8.2925,7.96875,4.1925,7.2525
5262000,7.39,7.225,4.18,6.4
5262600,6.4875,6.48125,4.1675,5.5475
5263200,5.585,5.7375,4.155,4.695
5263800,4.6825,4.99375,4.1425,3.8425
5264400,3.78,4.25,4.13,2.99
5265000,3.723333333,4.523333333,4.133333333,2.94
5265600,3.666666667,4.796666667,4.136666667,2.89
5266200,3.61,5.07,4.14,2.84
5266800,3.553333333,5.343333333,4.143333333,2.79
5267400,3.496666667,5.616666667,4.146666667,2.74
5268000,3.44,5.89,4.15,2.69
5268600,3.383333333,6.163333333,4.153333333,2.64
5269200,3.326666667,6.436666667,4.156666667,2.59
5269800,3.27,6.71,4.16,2.54
5270400,3.2725,6.78375,4.13375,2.55875
5271000,3.275,6.8575,4.1075,2.5775
5271600,3.2775,6.93125,4.08125,2.59625
5272200,3.28,7.005,4.055,2.615
5272800,3.2825,7.07875,4.02875,2.63375
5273400,3.285,7.1525,4.0025,2.6525
5274000,3.2875,7.22625,3.97625,2.67125
5274600,3.29,7.3,3.95,2.69
5275200,3.2875,7.18,3.9275,2.66625
5275800,3.285,7.06,3.905,2.6425
5276400,3.2825,6.94,3.8825,2.61875
5277000,3.28,6.82,3.86,2.595
5277600,3.2775,6.7,3.8375,2.57125
5278200,3.275,6.58,3.815,2.5475
5278800,3.2725,6.46,3.7925,2.52375
5279400,3.27,6.34,3.77,2.5
5280000,3.267777778,6.301111111,3.764444444,2.497777778
5280600,3.265555556,6.262222222,3.758888889,2.495555556
5281200,3.263333333,6.223333333,3.753333333,2.493333333
5281800,3.261111111,6.184444444,3.747777778,2.491111111
5282400,3.258888889,6.145555556,3.742222222,2.488888889
5283000,3.256666667,6.106666667,3.736666667,2.486666667
5283600,3.254444444,6.067777778,3.731111111,2.484444444
5284200,3.252222222,6.028888889,3.725555556,2.482222222
5284800,3.25,5.99,3.72,2.48
5285400,3.255,5.98125,3.72625,2.48
5286000,3.26,5.9725,3.7325,2.48
5286600,3.265,5.96375,3.73875,2.48
5287200,3.27,5.955,3.745,2.48
5287800,3.275,5.94625,3.75125,2.48
5288400,3.28,5.9375,3.7575,2.48
5289000,3.285,5.92875,3.76375,2.48
5289600,3.29,5.92,3.77,2.48
5290200,3.28625,5.93625,3.76875,2.47875
5290800,3.2825,5.9525,3.7675,2.4775
5291400,3.27875,5.96875,3.76625,2.47625
5292000,3.275,5.985,3.765,2.475
5292600,3.27125,6.00125,3.76375,2.47375
5293200,3.2675,6.0175,3.7625,2.4725
5293800,3.26375,6.03375,3.76125,2.47125
5294400,3.26,6.05,3.76,2.47
5295000,3.805,6.16625,3.73375,3.015
5295600,4.35,6.2825,3.7075,3.56
5296200,4.895,6.39875,3.68125,4.105
5296800,5.44,6.515,3.655,4.65
5297400,5.985,6.63125,3.62875,5.195
5298000,6.53,6.7475,3.6025,5.74
5298600,7.075,6.86375,3.57625,6.285
5299200,7.62,6.98,3.55,6.83
5299800,7.917777778,7.121111111,3.705555556,7.121111111
5300400,8.215555556,7.262222222,3.861111111,7.412222222
5301000,8.513333333,7.403333333,4.016666667,7.703333333
5301600,8.811111111,7.544444444,4.172222222,7.994444444
5302200,9.108888889,7.685555556,4.327777778,8.285555556
5302800,9.406666667,7.826666667,4.483333333,8.576666667
5303400,9.704444444,7.967777778,4.638888889,8.867777778
5304000,10.00222222,8.108888889,4.794444444,9.158888889
5304600,10.3,8.25,4.95,9.45
5305200,10.3375,8.345,5.08875,9.51875
5305800,10.375,8.44,5.2275,9.5875
5306400,10.4125,8.535,5.36625,9.65625
5307000,10.45,8.63,5.505,9.725
5307600,10.4875,8.725,5.64375,9.79375
5308200,10.525,8.82,5.7825,9.8625
5308800,10.5625,8.915,5.92125,9.93125
5309400,10.6,9.01,6.06,10
5310000,10.625,8.98625,5.96,10.0125
5310600,10.65,8.9625,5.86,10.025
5311200,10.675,8.93875,5.76,10.0375
5311800,10.7,8.915,5.66,10.05
5312400,10.725,8.89125,5.56,10.0625
5313000,10.75,8.8675,5.46,10.075
5313600,10.775,8.84375,5.36,10.0875
5314200,10.8,8.82,5.26,10.1
5314800,10.81111111,8.837777778,5.251111111,10.1
5315400,10.82222222,8.855555556,5.242222222,10.1
5316000,10.83333333,8.873333333,5.233333333,10.1
5316600,10.84444444,8.891111111,5.224444444,10.1
5317200,10.85555556,8.908888889,5.215555556,10.1
5317800,10.86666667,8.926666667,5.206666667,10.1
5318400,10.87777778,8.944444444,5.197777778,10.1
5319000,10.88888889,8.962222222,5.188888889,10.1
5319600,10.9,8.98,5.18,10.1
5320200,10.9,8.99375,5.18,10.1
5320800,10.9,9.0075,5.18,10.1
5321400,10.9,9.02125,5.18,10.1
5322000,10.9,9.035,5.18,10.1
5322600,10.9,9.04875,5.18,10.1
5323200,10.9,9.0625,5.18,10.1
5323800,10.9,9.07625,5.18,10.1
5324400,10.9,9.09,5.18,10.1
5325000,10.9,9.27875,5.32625,10.1
5325600,10.9,9.4675,5.4725,10.1
5326200,10.9,9.65625,5.61875,10.1
5326800,10.9,9.845,5.765,10.1
5327400,10.9,10.03375,5.91125,10.1
5328000,10.9,10.2225,6.0575,10.1
5328600,10.9,10.41125,6.20375,10.1
5329200,10.9,10.6,6.35,10.1
5329800,10.9,10.6,6.352222222,10.1
5330400,10.9,10.6,6.354444444,10.1
5331000,10.9,10.6,6.356666667,10.1
5331600,10.9,10.6,6.358888889,10.1
5332200,10.9,10.6,6.361111111,10.1
5332800,10.9,10.6,6.363333333,10.1
5333400,10.9,10.6,6.365555556,10.1
5334000,10.9,10.6,6.367777778,10.1
5334600,10.9,10.6,6.37,10.1
5335200,10.9,10.6,6.38625,10.1
5335800,10.9,10.6,6.4025,10.1
5336400,10.9,10.6,6.41875,10.1
5337000,10.9,10.6,6.435,10.1
5337600,10.9,10.6,6.45125,10.1
5338200,10.9,10.6,6.4675,10.1
5338800,10.9,10.6,6.48375,10.1
5339400,10.9,10.6,6.5,10.1
5340000,10.9,10.5875,6.54125,10.1
5340600,10.9,10.575,6.5825,10.1
5341200,10.9,10.5625,6.62375,10.1
5341800,10.9,10.55,6.665,10.1
5342400,10.9,10.5375,6.70625,10.1
5343000,10.9,10.525,6.7475,10.1
5343600,10.9,10.5125,6.78875,10.1
5344200,10.9,10.5,6.83,10.1
5344800,10.9,10.3,6.9325,10.1125
5345400,10.9,10.1,7.035,10.125
5346000,10.9,9.9,7.1375,10.1375
5346600,10.9,9.7,7.24,10.15
5347200,10.9,9.5,7.3425,10.1625
5347800,10.9,9.3,7.445,10.175
5348400,10.9,9.1,7.5475,10.1875
5349000,10.9,8.9,7.65,10.2
5349600,10.88888889,8.937777778,7.592222222,10.18888889
5350200,10.87777778,8.975555556,7.534444444,10.17777778
5350800,10.86666667,9.013333333,7.476666667,10.16666667
5351400,10.85555556,9.051111111,7.418888889,10.15555556
5352000,10.84444444,9.088888889,7.361111111,10.14444444
5352600,10.83333333,9.126666667,7.303333333,10.13333333
5353200,10.82222222,9.164444444,7.245555556,10.12222222
5353800,10.81111111,9.202222222,7.187777778,10.11111111
5354400,10.8,9.24,7.13,10.1
5355000,10.8125,9.41,7.03125,10.1
5355600,10.825,9.58,6.9325,10.1
5356200,10.8375,9.75,6.83375,10.1
5356800,10.85,9.92,6.735,10.1
5357400,10.8625,10.09,6.63625,10.1
5358000,10.875,10.26,6.5375,10.1
5358600,10.8875,10.43,6.43875,10.1
5359200,10.9,10.6,6.34,10.1
5359800,10.9125,10.6,6.3425,10.1
5360400,10.925,10.6,6.345,10.1
5361000,10.9375,10.6,6.3475,10.1
5361600,10.95,10.6,6.35,10.1
5362200,10.9625,10.6,6.3525,10.1
5362800,10.975,10.6,6.355,10.1
5363400,10.9875,10.6,6.3575,10.1
5364000,11,10.6,6.36,10.1
5364600,10.98888889,10.58888889,6.318888889,10.1
5365200,10.97777778,10.57777778,6.277777778,10.1
5365800,10.96666667,10.56666667,6.236666667,10.1
5366400,10.95555556,10.55555556,6.195555556,10.1
5367000,10.94444444,10.54444444,6.154444444,10.1
5367600,10.93333333,10.53333333,6.113333333,10.1
5368200,10.92222222,10.52222222,6.072222222,10.1
5368800,10.91111111,10.51111111,6.031111111,10.1
5369400,10.9,10.5,5.99,10.1
5370000,10.9,10.475,5.98125,10.1
5370600,10.9,10.45,5.9725,10.1
5371200,10.9,10.425,5.96375,10.1
5371800,10.9,10.4,5.955,10.1
5372400,10.9,10.375,5.94625,10.1
5373000,10.9,10.35,5.9375,10.1
5373600,10.9,10.325,5.92875,10.1
5374200,10.9,10.3,5.92,10.1
5374800,10.9,10.3125,5.92125,10.1125
5375400,10.9,10.325,5.9225,10.125
5376000,10.9,10.3375,5.92375,10.1375
5376600,10.9,10.35,5.925,10.15
5377200,10.9,10.3625,5.92625,10.1625
5377800,10.9,10.375,5.9275,10.175
5378400,10.9,10.3875,5.92875,10.1875
5379000,10.9,10.4,5.93,10.2
5379600,10.9,10.4,5.933333333,10.17444444
5380200,10.9,10.4,5.936666667,10.14888889
5380800,10.9,10.4,5.94,10.12333333
5381400,10.9,10.4,5.943333333,10.09777778
5382000,10.9,10.4,5.946666667,10.07222222
5382600,10.9,10.4,5.95,10.04666667
5383200,10.9,10.4,5.953333333,10.02111111
5383800,10.9,10.4,5.956666667,9.995555556
5384400,10.9,10.4,5.96,9.97
5385000,10.9,10.425,5.9575,9.97
5385600,10.9,10.45,5.955,9.97
5386200,10.9,10.475,5.9525,9.97
5386800,10.9,10.5,5.95,9.97
5387400,10.9,10.525,5.9475,9.97
5388000,10.9,10.55,5.945,9.97
5388600,10.9,10.575,5.9425,9.97
5389200,10.9,10.6,5.94,9.97
5389800,10.9,10.575,5.935,9.9575
5390400,10.9,10.55,5.93,9.945
5391000,10.9,10.525,5.925,9.9325
5391600,10.9,10.5,5.92,9.92
5392200,10.9,10.475,5.915,9.9075
5392800,10.9,10.45,5.91,9.895
5393400,10.9,10.425,5.905,9.8825
5394000,10.9,10.4,5.9,9.87
5394600,10.9,10.375,5.905,9.87375
5395200,10.9,10.35,5.91,9.8775
5395800,10.9,10.325,5.915,9.88125
5396400,10.9,10.3,5.92,9.885
5397000,10.9,10.275,5.925,9.88875
5397600,10.9,10.25,5.93,9.8925
5398200,10.9,10.225,5.935,9.89625
5398800,10.9,10.2,5.94,9.9
5399400,10.9,10.21111111,5.956666667,9.875555556
5400000,10.9,10.22222222,5.973333333,9.851111111
5400600,10.9,10.23333333,5.99,9.826666667
5401200,10.9,10.24444444,6.006666667,9.802222222
5401800,10.9,10.25555556,6.023333333,9.777777778
5402400,10.9,10.26666667,6.04,9.753333333
5403000,10.9,10.27777778,6.056666667,9.728888889
5403600,10.9,10.28888889,6.073333333,9.704444444
5404200,10.9,10.3,6.09,9.68
5404800,10.9,10.3125,6.10375,9.7075
5405400,10.9,10.325,6.1175,9.735
5406000,10.9,10.3375,6.13125,9.7625
5406600,10.9,10.35,6.145,9.79
5407200,10.9,10.3625,6.15875,9.8175
5407800,10.9,10.375,6.1725,9.845
5408400,10.9,10.3875,6.18625,9.8725
5409000,10.9,10.4,6.2,9.9
5409600,10.9,10.4,6.23125,9.90125
5410200,10.9,10.4,6.2625,9.9025
5410800,10.9,10.4,6.29375,9.90375
5411400,10.9,10.4,6.325,9.905
5412000,10.9,10.4,6.35625,9.90625
5412600,10.9,10.4,6.3875,9.9075
5413200,10.9,10.4,6.41875,9.90875
5413800,10.9,10.4,6.45,9.91
5414400,10.86666667,10.42222222,6.458888889,9.931111111
5415000,10.83333333,10.44444444,6.467777778,9.952222222
5415600,10.8,10.46666667,6.476666667,9.973333333
5416200,10.76666667,10.48888889,6.485555556,9.994444444
5416800,10.73333333,10.51111111,6.494444444,10.01555556
5417400,10.7,10.53333333,6.503333333,10.03666667
5418000,10.66666667,10.55555556,6.512222222,10.05777778
5418600,10.63333333,10.57777778,6.521111111,10.07888889
5419200,10.6,10.6,6.53,10.1
5419800,10.51625,10.48875,6.5325,10.06875
5420400,10.4325,10.3775,6.535,10.0375
5421000,10.34875,10.26625,6.5375,10.00625
5421600,10.265,10.155,6.54,9.975
5422200,10.18125,10.04375,6.5425,9.94375
5422800,10.0975,9.9325,6.545,9.9125
5423400,10.01375,9.82125,6.5475,9.88125
5424000,9.93,9.71,6.55,9.85
5424600,9.815,9.3325,6.5625,9.69125
5425200,9.7,8.955,6.575,9.5325
5425800,9.585,8.5775,6.5875,9.37375
5426400,9.47,8.2,6.6,9.215
5427000,9.355,7.8225,6.6125,9.05625
5427600,9.24,7.445,6.625,8.8975
5428200,9.125,7.0675,6.6375,8.73875
5428800,9.01,6.69,6.65,8.58
5429400,8.938888889,6.605555556,6.647777778,8.725555556
5430000,8.867777778,6.521111111,6.645555556,8.871111111
5430600,8.796666667,6.436666667,6.643333333,9.016666667
5431200,8.725555556,6.352222222,6.641111111,9.162222222
5431800,8.654444444,6.267777778,6.638888889,9.307777778
5432400,8.583333333,6.183333333,6.636666667,9.453333333
5433000,8.512222222,6.098888889,6.634444444,9.598888889
5433600,8.441111111,6.014444444,6.632222222,9.744444444
5434200,8.37,5.93,6.63,9.89
5434800,8.3675,5.8325,6.55875,9.5125
5435400,8.365,5.735,6.4875,9.135
5436000,8.3625,5.6375,6.41625,8.7575
5436600,8.36,5.54,6.345,8.38
5437200,8.3575,5.4425,6.27375,8.0025
5437800,8.355,5.345,6.2025,7.625
5438400,8.3525,5.2475,6.13125,7.2475
5439000,8.35,5.15,6.06,6.87
5439600,8.14375,4.8525,6.07125,6.85875
5440200,7.9375,4.555,6.0825,6.8475
5440800,7.73125,4.2575,6.09375,6.83625
5441400,7.525,3.96,6.105,6.825
5442000,7.31875,3.6625,6.11625,6.81375
5442600,7.1125,3.365,6.1275,6.8025
5443200,6.90625,3.0675,6.13875,6.79125
5443800,6.7,2.77,6.15,6.78
5444400,6.87375,2.77125,6.17625,7.07875
5445000,7.0475,2.7725,6.2025,7.3775
5445600,7.22125,2.77375,6.22875,7.67625
5446200,7.395,2.775,6.255,7.975
5446800,7.56875,2.77625,6.28125,8.27375
5447400,7.7425,2.7775,6.3075,8.5725
5448000,7.91625,2.77875,6.33375,8.87125
5448600,8.09,2.78,6.36,9.17
5449200,8.124444444,2.781111111,6.362222222,8.926666667
5449800,8.158888889,2.782222222,6.364444444,8.683333333
5450400,8.193333333,2.783333333,6.366666667,8.44
5451000,8.227777778,2.784444444,6.368888889,8.196666667
5451600,8.262222222,2.785555556,6.371111111,7.953333333
5452200,8.296666667,2.786666667,6.373333333,7.71
5452800,8.331111111,2.787777778,6.375555556,7.466666667
5453400,8.365555556,2.788888889,6.377777778,7.223333333
5454000,8.4,2.79,6.38,6.98
5454600,8.4175,2.78625,6.37875,6.95375
5455200,8.435,2.7825,6.3775,6.9275
5455800,8.4525,2.77875,6.37625,6.90125
5456400,8.47,2.775,6.375,6.875
5457000,8.4875,2.77125,6.37375,6.84875
5457600,8.505,2.7675,6.3725,6.8225
5458200,8.5225,2.76375,6.37125,6.79625
5458800,8.54,2.76,6.37,6.77
5459400,8.51375,2.75625,6.36875,6.77
5460000,8.4875,2.7525,6.3675,6.77
5460600,8.46125,2.74875,6.36625,6.77
5461200,8.435,2.745,6.365,6.77
5461800,8.40875,2.74125,6.36375,6.77
5462400,8.3825,2.7375,6.3625,6.77
5463000,8.35625,2.73375,6.36125,6.77
5463600,8.33,2.73,6.36,6.77
5464200,8.343333333,2.711111111,6.356666667,6.777777778
5464800,8.356666667,2.692222222,6.353333333,6.785555556
5465400,8.37,2.673333333,6.35,6.793333333
5466000,8.383333333,2.654444444,6.346666667,6.801111111
5466600,8.396666667,2.635555556,6.343333333,6.808888889
5467200,8.41,2.616666667,6.34,6.816666667
5467800,8.423333333,2.597777778,6.336666667,6.824444444
5468400,8.436666667,2.578888889,6.333333333,6.832222222
5469000,8.45,2.56,6.33,6.84
5469600,8.46375,2.5375,6.33375,6.8125
5470200,8.4775,2.515,6.3375,6.785
5470800,8.49125,2.4925,6.34125,6.7575
5471400,8.505,2.47,6.345,6.73
5472000,8.51875,2.4475,6.34875,6.7025
5472600,8.5325,2.425,6.3525,6.675
5473200,8.54625,2.4025,6.35625,6.6475
5473800,8.56,2.38,6.36,6.62
5474400,8.5425,2.34375,6.36375,6.58125
5475000,8.525,2.3075,6.3675,6.5425
5475600,8.5075,2.27125,6.37125,6.50375
5476200,8.49,2.235,6.375,6.465
5476800,8.4725,2.19875,6.37875,6.42625
5477400,8.455,2.1625,6.3825,6.3875
5478000,8.4375,2.12625,6.38625,6.34875
5478600,8.42,2.09,6.39,6.31
5479200,8.274444444,2.085555556,6.385555556,6.304444444
5479800,8.128888889,2.081111111,6.381111111,6.298888889
5480400,7.983333333,2.076666667,6.376666667,6.293333333
5481000,7.837777778,2.072222222,6.372222222,6.287777778
5481600,7.692222222,2.067777778,6.367777778,6.282222222
5482200,7.546666667,2.063333333,6.363333333,6.276666667
5482800,7.401111111,2.058888889,6.358888889,6.271111111
5483400,7.255555556,2.054444444,6.354444444,6.265555556
5484000,7.11,2.05,6.35,6.26
5484600,7.1,2.0525,6.3325,6.265
5485200,7.09,2.055,6.315,6.27
5485800,7.08,2.0575,6.2975,6.275
5486400,7.07,2.06,6.28,6.28
5487000,7.06,2.0625,6.2625,6.285
5487600,7.05,2.065,6.245,6.29
5488200,7.04,2.0675,6.2275,6.295
5488800,7.03,2.07,6.21,6.3
5489400,7.0575,2.0675,6.19625,6.2875
5490000,7.085,2.065,6.1825,6.275
5490600,7.1125,2.0625,6.16875,6.2625
5491200,7.14,2.06,6.155,6.25
5491800,7.1675,2.0575,6.14125,6.2375
5492400,7.195,2.055,6.1275,6.225
5493000,7.2225,2.0525,6.11375,6.2125
5493600,7.25,2.05,6.1,6.2
5494200,7.2325,2.05,6.30375,6.20625
5494800,7.215,2.05,6.5075,6.2125
5495400,7.1975,2.05,6.71125,6.21875
5496000,7.18,2.05,6.915,6.225
5496600,7.1625,2.05,7.11875,6.23125
5497200,7.145,2.05,7.3225,6.2375
5497800,7.1275,2.05,7.52625,6.24375
5498400,7.11,2.05,7.73,6.25
5499000,7.107777778,2.054444444,7.755555556,6.246666667
5499600,7.105555556,2.058888889,7.781111111,6.243333333
5500200,7.103333333,2.063333333,7.806666667,6.24
5500800,7.101111111,2.067777778,7.832222222,6.236666667
5501400,7.098888889,2.072222222,7.857777778,6.233333333
5502000,7.096666667,2.076666667,7.883333333,6.23
5502600,7.094444444,2.081111111,7.908888889,6.226666667
5503200,7.092222222,2.085555556,7.934444444,6.223333333
5503800,7.09,2.09,7.96,6.22
5504400,7.125,2.09125,7.96375,6.2225
5505000,7.16,2.0925,7.9675,6.225
5505600,7.195,2.09375,7.97125,6.2275
5506200,7.23,2.095,7.975,6.23
5506800,7.265,2.09625,7.97875,6.2325
5507400,7.3,2.0975,7.9825,6.235
5508000,7.335,2.09875,7.98625,6.2375
5508600,7.37,2.1,7.99,6.24
5509200,7.585,2.1625,7.9925,6.6575
5509800,7.8,2.225,7.995,7.075
5510400,8.015,2.2875,7.9975,7.4925
5511000,8.23,2.35,8,7.91
5511600,8.445,2.4125,8.0025,8.3275
5512200,8.66,2.475,8.005,8.745
5512800,8.875,2.5375,8.0075,9.1625
5513400,9.09,2.6,8.01,9.58
5514000,9.187777778,3.354444444,8.036666667,9.671111111
5514600,9.285555556,4.108888889,8.063333333,9.762222222
5515200,9.383333333,4.863333333,8.09,9.853333333
5515800,9.481111111,5.617777778,8.116666667,9.944444444
5516400,9.578888889,6.372222222,8.143333333,10.03555556
5517000,9.676666667,7.126666667,8.17,10.12666667
5517600,9.774444444,7.881111111,8.196666667,10.21777778
5518200,9.872222222,8.635555556,8.223333333,10.30888889
5518800,9.97,9.39,8.25,10.4
5519400,9.9525,9.29,8.18125,10.3875
5520000,9.935,9.19,8.1125,10.375
5520600,9.9175,9.09,8.04375,10.3625
5521200,9.9,8.99,7.975,10.35
5521800,9.8825,8.89,7.90625,10.3375
5522400,9.865,8.79,7.8375,10.325
5523000,9.8475,8.69,7.76875,10.3125
5523600,9.83,8.59,7.7,10.3
5524200,9.91375,8.73625,7.6525,10.3
5524800,9.9975,8.8825,7.605,10.3
5525400,10.08125,9.02875,7.5575,10.3
5526000,10.165,9.175,7.51,10.3
5526600,10.24875,9.32125,7.4625,10.3
5527200,10.3325,9.4675,7.415,10.3
5527800,10.41625,9.61375,7.3675,10.3
5528400,10.5,9.76,7.32,10.3
5529000,10.47777778,9.733333333,7.324444444,10.31111111
5529600,10.45555556,9.706666667,7.328888889,10.32222222
5530200,10.43333333,9.68,7.333333333,10.33333333
5530800,10.41111111,9.653333333,7.337777778,10.34444444
5531400,10.38888889,9.626666667,7.342222222,10.35555556
5532000,10.36666667,9.6,7.346666667,10.36666667
5532600,10.34444444,9.573333333,7.351111111,10.37777778
5533200,10.32222222,9.546666667,7.355555556,10.38888889
5533800,10.3,9.52,7.36,10.4
5534400,10.475,9.73,7.33375,10.475
5535000,10.65,9.94,7.3075,10.55
5535600,10.825,10.15,7.28125,10.625
5536200,11,10.36,7.255,10.7
5536800,11.175,10.57,7.22875,10.775
5537400,11.35,10.78,7.2025,10.85
5538000,11.525,10.99,7.17625,10.925
5538600,11.7,11.2,7.15,11
5539200,11.7375,11.2,7.075,11
5539800,11.775,11.2,7,11
5540400,11.8125,11.2,6.925,11
5541000,11.85,11.2,6.85,11
5541600,11.8875,11.2,6.775,11
5542200,11.925,11.2,6.7,11
5542800,11.9625,11.2,6.625,11
5543400,12,11.2,6.55,11
5544000,12.025,11.2,6.5625,11
5544600,12.05,11.2,6.575,11
5545200,12.075,11.2,6.5875,11
5545800,12.1,11.2,6.6,11
5546400,12.125,11.2,6.6125,11
5547000,12.15,11.2,6.625,11
5547600,12.175,11.2,6.6375,11
5548200,12.2,11.2,6.65,11
5548800,12.2,11.21111111,6.653333333,11.05555556
5549400,12.2,11.22222222,6.656666667,11.11111111
5550000,12.2,11.23333333,6.66,11.16666667
5550600,12.2,11.24444444,6.663333333,11.22222222
5551200,12.2,11.25555556,6.666666667,11.27777778
5551800,12.2,11.26666667,6.67,11.33333333
5552400,12.2,11.27777778,6.673333333,11.38888889
5553000,12.2,11.28888889,6.676666667,11.44444444
5553600,12.2,11.3,6.68,11.5
5554200,12.2125,11.3,6.675,11.5
5554800,12.225,11.3,6.67,11.5
5555400,12.2375,11.3,6.665,11.5
5556000,12.25,11.3,6.66,11.5
5556600,12.2625,11.3,6.655,11.5
5557200,12.275,11.3,6.65,11.5
5557800,12.2875,11.3,6.645,11.5
5558400,12.3,11.3,6.64,11.5
5559000,12.15,11.12875,6.6475,11.4
5559600,12,10.9575,6.655,11.3
5560200,11.85,10.78625,6.6625,11.2
5560800,11.7,10.615,6.67,11.1
5561400,11.55,10.44375,6.6775,11
5562000,11.4,10.2725,6.685,10.9
5562600,11.25,10.10125,6.6925,10.8
5563200,11.1,9.93,6.7,10.7
5563800,10.94333333,9.818888889,6.694444444,10.60666667
5564400,10.78666667,9.707777778,6.688888889,10.51333333
5565000,10.63,9.596666667,6.683333333,10.42
5565600,10.47333333,9.485555556,6.677777778,10.32666667
5566200,10.31666667,9.374444444,6.672222222,10.23333333
5566800,10.16,9.263333333,6.666666667,10.14
5567400,10.00333333,9.152222222,6.661111111,10.04666667
5568000,9.846666667,9.041111111,6.655555556,9.953333333
5568600,9.69,8.93,6.65,9.86
5569200,9.6275,8.9375,6.63625,9.89
5569800,9.565,8.945,6.6225,9.92
5570400,9.5025,8.9525,6.60875,9.95
5571000,9.44,8.96,6.595,9.98
5571600,9.3775,8.9675,6.58125,10.01
5572200,9.315,8.975,6.5675,10.04
5572800,9.2525,8.9825,6.55375,10.07
5573400,9.19,8.99,6.54,10.1
5574000,9.145,8.9925,6.515,10.04
5574600,9.1,8.995,6.49,9.98
5575200,9.055,8.9975,6.465,9.92
5575800,9.01,9,6.44,9.86
5576400,8.965,9.0025,6.415,9.8
5577000,8.92,9.005,6.39,9.74
5577600,8.875,9.0075,6.365,9.68
5578200,8.83,9.01,6.34,9.62
5578800,8.756666667,9.008888889,6.334444444,9.377777778
5579400,8.683333333,9.007777778,6.328888889,9.135555556
5580000,8.61,9.006666667,6.323333333,8.893333333
5580600,8.536666667,9.005555556,6.317777778,8.651111111
5581200,8.463333333,9.004444444,6.312222222,8.408888889
5581800,8.39,9.003333333,6.306666667,8.166666667
5582400,8.316666667,9.002222222,6.301111111,7.924444444
5583000,8.243333333,9.001111111,6.295555556,7.682222222
5583600,8.17,9,6.29,7.44
5584200,8.09375,9,6.285,7.285
5584800,8.0175,9,6.28,7.13
5585400,7.94125,9,6.275,6.975
5586000,7.865,9,6.27,6.82
5586600,7.78875,9,6.265,6.665
5587200,7.7125,9,6.26,6.51
5587800,7.63625,9,6.255,6.355
5588400,7.56,9,6.25,6.2
5589000,7.775,9,6.255,6.61
5589600,7.99,9,6.26,7.02
5590200,8.205,9,6.265,7.43
5590800,8.42,9,6.27,7.84
5591400,8.635,9,6.275,8.25
5592000,8.85,9,6.28,8.66
5592600,9.065,9,6.285,9.07
5593200,9.28,9,6.29,9.48
5593800,9.33875,9.00125,6.29125,9.595
5594400,9.3975,9.0025,6.2925,9.71
5595000,9.45625,9.00375,6.29375,9.825
5595600,9.515,9.005,6.295,9.94
5596200,9.57375,9.00625,6.29625,10.055
5596800,9.6325,9.0075,6.2975,10.17
5597400,9.69125,9.00875,6.29875,10.285
5598000,9.75,9.01,6.3,10.4
5598600,9.755555556,9.027777778,6.308888889,10.4
5599200,9.761111111,9.045555556,6.317777778,10.4
5599800,9.766666667,9.063333333,6.326666667,10.4
5600400,9.772222222,9.081111111,6.335555556,10.4
5601000,9.777777778,9.098888889,6.344444444,10.4
5601600,9.783333333,9.116666667,6.353333333,10.4
5602200,9.788888889,9.134444444,6.362222222,10.4
5602800,9.794444444,9.152222222,6.371111111,10.4
5603400,9.8,9.17,6.38,10.4
5604000,9.8025,9.2075,6.39125,10.4
5604600,9.805,9.245,6.4025,10.4
5605200,9.8075,9.2825,6.41375,10.4
5605800,9.81,9.32,6.425,10.4
5606400,9.8125,9.3575,6.43625,10.4
5607000,9.815,9.395,6.4475,10.4
5607600,9.8175,9.4325,6.45875,10.4
5608200,9.82,9.47,6.47,10.4
5608800,9.81875,9.44875,6.51875,10.4
5609400,9.8175,9.4275,6.5675,10.4
5610000,9.81625,9.40625,6.61625,10.4
5610600,9.815,9.385,6.665,10.4
5611200,9.81375,9.36375,6.71375,10.4
5611800,9.8125,9.3425,6.7625,10.4
5612400,9.81125,9.32125,6.81125,10.4
5613000,9.81,9.3,6.86,10.4
5613600,10.00888889,9.3,6.896666667,10.38888889
5614200,10.20777778,9.3,6.933333333,10.37777778
5614800,10.40666667,9.3,6.97,10.36666667
5615400,10.60555556,9.3,7.006666667,10.35555556
5616000,10.80444444,9.3,7.043333333,10.34444444
5616600,11.00333333,9.3,7.08,10.33333333
5617200,11.20222222,9.3,7.116666667,10.32222222
5617800,11.40111111,9.3,7.153333333,10.31111111
5618400,11.6,9.3,7.19,10.3
5619000,11.5125,9.27625,7.1325,10.1
5619600,11.425,9.2525,7.075,9.9
5620200,11.3375,9.22875,7.0175,9.7
5620800,11.25,9.205,6.96,9.5
5621400,11.1625,9.18125,6.9025,9.3
5622000,11.075,9.1575,6.845,9.1
5622600,10.9875,9.13375,6.7875,8.9
5623200,10.9,9.11,6.73,8.7
5623800,10.8,9.0975,6.7225,8.785
5624400,10.7,9.085,6.715,8.87
5625000,10.6,9.0725,6.7075,8.955
5625600,10.5,9.06,6.7,9.04
5626200,10.4,9.0475,6.6925,9.125
5626800,10.3,9.035,6.685,9.21
5627400,10.2,9.0225,6.6775,9.295
5628000,10.1,9.01,6.67,9.38
5628600,10.03555556,9.011111111,6.791111111,9.388888889
5629200,9.971111111,9.012222222,6.912222222,9.397777778
5629800,9.906666667,9.013333333,7.033333333,9.406666667
5630400,9.842222222,9.014444444,7.154444444,9.415555556
5631000,9.777777778,9.015555556,7.275555556,9.424444444
5631600,9.713333333,9.016666667,7.396666667,9.433333333
5632200,9.648888889,9.017777778,7.517777778,9.442222222
5632800,9.584444444,9.018888889,7.638888889,9.451111111
5633400,9.52,9.02,7.76,9.46
5634000,9.4,9.01625,7.7575,9.4475
5634600,9.28,9.0125,7.755,9.435
5635200,9.16,9.00875,7.7525,9.4225
5635800,9.04,9.005,7.75,9.41
5636400,8.92,9.00125,7.7475,9.3975
5637000,8.8,8.9975,7.745,9.385
5637600,8.68,8.99375,7.7425,9.3725
5638200,8.56,8.99,7.74,9.36
5638800,8.41875,9.00875,7.7425,9.34875
5639400,8.2775,9.0275,7.745,9.3375
5640000,8.13625,9.04625,7.7475,9.32625
5640600,7.995,9.065,7.75,9.315
5641200,7.85375,9.08375,7.7525,9.30375
5641800,7.7125,9.1025,7.755,9.2925
5642400,7.57125,9.12125,7.7575,9.28125
5643000,7.43,9.14,7.76,9.27
5643600,7.4225,9.14,7.75625,9.27
5644200,7.415,9.14,7.7525,9.27
5644800,7.4075,9.14,7.74875,9.27
5645400,7.4,9.14,7.745,9.27
5646000,7.3925,9.14,7.74125,9.27
5646600,7.385,9.14,7.7375,9.27
5647200,7.3775,9.14,7.73375,9.27
5647800,7.37,9.14,7.73,9.27
5648400,7.37,9.134444444,7.73,9.27
5649000,7.37,9.128888889,7.73,9.27
5649600,7.37,9.123333333,7.73,9.27
5650200,7.37,9.117777778,7.73,9.27
5650800,7.37,9.112222222,7.73,9.27
5651400,7.37,9.106666667,7.73,9.27
5652000,7.37,9.101111111,7.73,9.27
5652600,7.37,9.095555556,7.73,9.27
5653200,7.37,9.09,7.73,9.27
5653800,7.38,9.1,7.73,9.2725
5654400,7.39,9.11,7.73,9.275
5655000,7.4,9.12,7.73,9.2775
5655600,7.41,9.13,7.73,9.28
5656200,7.42,9.14,7.73,9.2825
5656800,7.43,9.15,7.73,9.285
5657400,7.44,9.16,7.73,9.2875
5658000,7.45,9.17,7.73,9.29
5658600,7.44,9.1625,7.725,9.28375
5659200,7.43,9.155,7.72,9.2775
5659800,7.42,9.1475,7.715,9.27125
5660400,7.41,9.14,7.71,9.265
5661000,7.4,9.1325,7.705,9.25875
5661600,7.39,9.125,7.7,9.2525
5662200,7.38,9.1175,7.695,9.24625
5662800,7.37,9.11,7.69,9.24
5663400,7.373333333,9.108888889,7.694444444,9.234444444
5664000,7.376666667,9.107777778,7.698888889,9.228888889
5664600,7.38,9.106666667,7.703333333,9.223333333
5665200,7.383333333,9.105555556,7.707777778,9.217777778
5665800,7.386666667,9.104444444,7.712222222,9.212222222
5666400,7.39,9.103333333,7.716666667,9.206666667
5667000,7.393333333,9.102222222,7.721111111,9.201111111
5667600,7.396666667,9.101111111,7.725555556,9.195555556
5668200,7.4,9.1,7.73,9.19
5668800,7.39625,9.10125,7.565,9.2
5669400,7.3925,9.1025,7.4,9.21
5670000,7.38875,9.10375,7.235,9.22
5670600,7.385,9.105,7.07,9.23
5671200,7.38125,9.10625,6.905,9.24
5671800,7.3775,9.1075,6.74,9.25
5672400,7.37375,9.10875,6.575,9.26
5673000,7.37,9.11,6.41,9.27
5673600,7.4225,9.11125,6.38875,9.27625
5674200,7.475,9.1125,6.3675,9.2825
5674800,7.5275,9.11375,6.34625,9.28875
5675400,7.58,9.115,6.325,9.295
5676000,7.6325,9.11625,6.30375,9.30125
5676600,7.685,9.1175,6.2825,9.3075
5677200,7.7375,9.11875,6.26125,9.31375
5677800,7.79,9.12,6.24,9.32
5678400,8.246666667,9.172222222,6.238888889,9.406666667
5679000,8.703333333,9.224444444,6.237777778,9.493333333
5679600,9.16,9.276666667,6.236666667,9.58
5680200,9.616666667,9.328888889,6.235555556,9.666666667
5680800,10.07333333,9.381111111,6.234444444,9.753333333
5681400,10.53,9.433333333,6.233333333,9.84
5682000,10.98666667,9.485555556,6.232222222,9.926666667
5682600,11.44333333,9.537777778,6.231111111,10.01333333
5683200,11.9,9.59,6.23,10.1
5683800,11.95,9.71625,6.26125,10.1625
5684400,12,9.8425,6.2925,10.225
5685000,12.05,9.96875,6.32375,10.2875
5685600,12.1,10.095,6.355,10.35
5686200,12.15,10.22125,6.38625,10.4125
5686800,12.2,10.3475,6.4175,10.475
5687400,12.25,10.47375,6.44875,10.5375
5688000,12.3,10.6,6.48,10.6
5688600,12.3,10.6,6.4825,10.5875
5689200,12.3,10.6,6.485,10.575
5689800,12.3,10.6,6.4875,10.5625
5690400,12.3,10.6,6.49,10.55
5691000,12.3,10.6,6.4925,10.5375
5691600,12.3,10.6,6.495,10.525
5692200,12.3,10.6,6.4975,10.5125
5692800,12.3,10.6,6.5,10.5
5693400,12.3,10.625,6.48375,10.5125
5694000,12.3,10.65,6.4675,10.525
5694600,12.3,10.675,6.45125,10.5375
5695200,12.3,10.7,6.435,10.55
5695800,12.3,10.725,6.41875,10.5625
5696400,12.3,10.75,6.4025,10.575
5697000,12.3,10.775,6.38625,10.5875
5697600,12.3,10.8,6.37,10.6
5698200,12.31111111,10.78888889,6.358888889,10.67777778
5698800,12.32222222,10.77777778,6.347777778,10.75555556
5699400,12.33333333,10.76666667,6.336666667,10.83333333
5700000,12.34444444,10.75555556,6.325555556,10.91111111
5700600,12.35555556,10.74444444,6.314444444,10.98888889
5701200,12.36666667,10.73333333,6.303333333,11.06666667
5701800,12.37777778,10.72222222,6.292222222,11.14444444
5702400,12.38888889,10.71111111,6.281111111,11.22222222
5703000,12.4,10.7,6.27,11.3
5703600,12.3875,10.7,6.25125,11.3375
5704200,12.375,10.7,6.2325,11.375
5704800,12.3625,10.7,6.21375,11.4125
5705400,12.35,10.7,6.195,11.45
5706000,12.3375,10.7,6.17625,11.4875
5706600,12.325,10.7,6.1575,11.525
5707200,12.3125,10.7,6.13875,11.5625
5707800,12.3,10.7,6.12,11.6
5708400,12.3125,10.6625,6.10875,11.6125
5709000,12.325,10.625,6.0975,11.625
5709600,12.3375,10.5875,6.08625,11.6375
5710200,12.35,10.55,6.075,11.65
5710800,12.3625,10.5125,6.06375,11.6625
5711400,12.375,10.475,6.0525,11.675
5712000,12.3875,10.4375,6.04125,11.6875
5712600,12.4,10.4,6.03,11.7
5713200,12.38888889,10.38888889,6.026666667,11.71111111
5713800,12.37777778,10.37777778,6.023333333,11.72222222
5714400,12.36666667,10.36666667,6.02,11.73333333
5715000,12.35555556,10.35555556,6.016666667,11.74444444
5715600,12.34444444,10.34444444,6.013333333,11.75555556
5716200,12.33333333,10.33333333,6.01,11.76666667
5716800,12.32222222,10.32222222,6.006666667,11.77777778
5717400,12.31111111,10.31111111,6.003333333,11.78888889
5718000,12.3,10.3,6,11.8
5718600,12.15,10.1475,5.9975,11.675
5719200,12,9.995,5.995,11.55
5719800,11.85,9.8425,5.9925,11.425
5720400,11.7,9.69,5.99,11.3
5721000,11.55,9.5375,5.9875,11.175
5721600,11.4,9.385,5.985,11.05
5722200,11.25,9.2325,5.9825,10.925
5722800,11.1,9.08,5.98,10.8
5723400,10.85,8.81625,5.97875,10.5825
5724000,10.6,8.5525,5.9775,10.365
5724600,10.35,8.28875,5.97625,10.1475
5725200,10.1,8.025,5.975,9.93
5725800,9.85,7.76125,5.97375,9.7125
5726400,9.6,7.4975,5.9725,9.495
5727000,9.35,7.23375,5.97125,9.2775
5727600,9.1,6.97,5.97,9.06
5728200,9.042222222,6.946666667,5.968888889,9.001111111
5728800,8.984444444,6.923333333,5.967777778,8.942222222
5729400,8.926666667,6.9,5.966666667,8.883333333
5730000,8.868888889,6.876666667,5.965555556,8.824444444
5730600,8.811111111,6.853333333,5.964444444,8.765555556
5731200,8.753333333,6.83,5.963333333,8.706666667
5731800,8.695555556,6.806666667,5.962222222,8.647777778
5732400,8.637777778,6.783333333,5.961111111,8.588888889
5733000,8.58,6.76,5.96,8.53
5733600,8.47875,6.665,5.96,8.40875
5734200,8.3775,6.57,5.96,8.2875
5734800,8.27625,6.475,5.96,8.16625
5735400,8.175,6.38,5.96,8.045
5736000,8.07375,6.285,5.96,7.92375
5736600,7.9725,6.19,5.96,7.8025
5737200,7.87125,6.095,5.96,7.68125
5737800,7.77,6,5.96,7.56
5738400,7.73625,5.995,5.9575,7.54875
5739000,7.7025,5.99,5.955,7.5375
5739600,7.66875,5.985,5.9525,7.52625
5740200,7.635,5.98,5.95,7.515
5740800,7.60125,5.975,5.9475,7.50375
5741400,7.5675,5.97,5.945,7.4925
5742000,7.53375,5.965,5.9425,7.48125
5742600,7.5,5.96,5.94,7.47
5743200,7.48625,5.95875,5.94,7.4925
5743800,7.4725,5.9575,5.94,7.515
5744400,7.45875,5.95625,5.94,7.5375
5745000,7.445,5.955,5.94,7.56
5745600,7.43125,5.95375,5.94,7.5825
5746200,7.4175,5.9525,5.94,7.605
5746800,7.40375,5.95125,5.94,7.6275
5747400,7.39,5.95,5.94,7.65
5748000,7.443333333,6.003333333,5.938888889,7.692222222
5748600,7.496666667,6.056666667,5.937777778,7.734444444
5749200,7.55,6.11,5.936666667,7.776666667
5749800,7.603333333,6.163333333,5.935555556,7.818888889
5750400,7.656666667,6.216666667,5.934444444,7.861111111
5751000,7.71,6.27,5.933333333,7.903333333
5751600,7.763333333,6.323333333,5.932222222,7.945555556
5752200,7.816666667,6.376666667,5.931111111,7.987777778
5752800,7.87,6.43,5.93,8.03
5753400,7.97125,6.54875,5.93125,8.12625
5754000,8.0725,6.6675,5.9325,8.2225
5754600,8.17375,6.78625,5.93375,8.31875
5755200,8.275,6.905,5.935,8.415
5755800,8.37625,7.02375,5.93625,8.51125
5756400,8.4775,7.1425,5.9375,8.6075
5757000,8.57875,7.26125,5.93875,8.70375
5757600,8.68,7.38,5.94,8.8
5758200,8.6175,7.36125,5.94125,8.77625
5758800,8.555,7.3425,5.9425,8.7525
5759400,8.4925,7.32375,5.94375,8.72875
5760000,8.43,7.305,5.945,8.705
5760600,8.3675,7.28625,5.94625,8.68125
5761200,8.305,7.2675,5.9475,8.6575
5761800,8.2425,7.24875,5.94875,8.63375
5762400,8.18,7.23,5.95,8.61
5763000,8.097777778,7.193333333,5.95,8.62
5763600,8.015555556,7.156666667,5.95,8.63
5764200,7.933333333,7.12,5.95,8.64
5764800,7.851111111,7.083333333,5.95,8.65
5765400,7.768888889,7.046666667,5.95,8.66
5766000,7.686666667,7.01,5.95,8.67
5766600,7.604444444,6.973333333,5.95,8.68
5767200,7.522222222,6.936666667,5.95,8.69
5767800,7.44,6.9,5.95,8.7
5768400,7.34375,6.925,5.9425,8.7025
5769000,7.2475,6.95,5.935,8.705
5769600,7.15125,6.975,5.9275,8.7075
5770200,7.055,7,5.92,8.71
5770800,6.95875,7.025,5.9125,8.7125
5771400,6.8625,7.05,5.905,8.715
5772000,6.76625,7.075,5.8975,8.7175
5772600,6.67,7.1,5.89,8.72
5773200,6.57875,7.0425,5.89625,8.6475
5773800,6.4875,6.985,5.9025,8.575
5774400,6.39625,6.9275,5.90875,8.5025
5775000,6.305,6.87,5.915,8.43
5775600,6.21375,6.8125,5.92125,8.3575
5776200,6.1225,6.755,5.9275,8.285
5776800,6.03125,6.6975,5.93375,8.2125
5777400,5.94,6.64,5.94,8.14
5778000,5.887777778,6.583333333,5.938888889,8.087777778
5778600,5.835555556,6.526666667,5.937777778,8.035555556
5779200,5.783333333,6.47,5.936666667,7.983333333
5779800,5.731111111,6.413333333,5.935555556,7.931111111
5780400,5.678888889,6.356666667,5.934444444,7.878888889
5781000,5.626666667,6.3,5.933333333,7.826666667
5781600,5.574444444,6.243333333,5.932222222,7.774444444
5782200,5.522222222,6.186666667,5.931111111,7.722222222
5782800,5.47,6.13,5.93,7.67
5783400,5.4825,6.08875,5.81375,7.68
5784000,5.495,6.0475,5.6975,7.69
5784600,5.5075,6.00625,5.58125,7.7
5785200,5.52,5.965,5.465,7.71
5785800,5.5325,5.92375,5.34875,7.72
5786400,5.545,5.8825,5.2325,7.73
5787000,5.5575,5.84125,5.11625,7.74
5787600,5.57,5.8,5,7.75
5788200,5.595,5.84125,4.99875,7.8025
5788800,5.62,5.8825,4.9975,7.855
5789400,5.645,5.92375,4.99625,7.9075
5790000,5.67,5.965,4.995,7.96
5790600,5.695,6.00625,4.99375,8.0125
5791200,5.72,6.0475,4.9925,8.065
5791800,5.745,6.08875,4.99125,8.1175
5792400,5.77,6.13,4.99,8.17
5793000,5.7375,6.19875,4.995,8.1825
5793600,5.705,6.2675,5,8.195
5794200,5.6725,6.33625,5.005,8.2075
5794800,5.64,6.405,5.01,8.22
5795400,5.6075,6.47375,5.015,8.2325
5796000,5.575,6.5425,5.02,8.245
5796600,5.5425,6.61125,5.025,8.2575
5797200,5.51,6.68,5.03,8.27
5797800,5.312222222,6.788888889,5,8.054444444
5798400,5.114444444,6.897777778,4.97,7.838888889
5799000,4.916666667,7.006666667,4.94,7.623333333
5799600,4.718888889,7.115555556,4.91,7.407777778
5800200,4.521111111,7.224444444,4.88,7.192222222
5800800,4.323333333,7.333333333,4.85,6.976666667
5801400,4.125555556,7.442222222,4.82,6.761111111
5802000,3.927777778,7.551111111,4.79,6.545555556
5802600,3.73,7.66,4.76,6.33
5803200,3.99,7.6825,4.75375,6.62125
5803800,4.25,7.705,4.7475,6.9125
5804400,4.51,7.7275,4.74125,7.20375
5805000,4.77,7.75,4.735,7.495
5805600,5.03,7.7725,4.72875,7.78625
5806200,5.29,7.795,4.7225,8.0775
5806800,5.55,7.8175,4.71625,8.36875
5807400,5.81,7.84,4.71,8.66
5808000,6.0175,7.76,4.74125,8.72125
5808600,6.225,7.68,4.7725,8.7825
5809200,6.4325,7.6,4.80375,8.84375
5809800,6.64,7.52,4.835,8.905
5810400,6.8475,7.44,4.86625,8.96625
5811000,7.055,7.36,4.8975,9.0275
5811600,7.2625,7.28,4.92875,9.08875
5812200,7.47,7.2,4.96,9.15
5812800,7.466666667,7.195555556,4.96,9.108888889
5813400,7.463333333,7.191111111,4.96,9.067777778
5814000,7.46,7.186666667,4.96,9.026666667
5814600,7.456666667,7.182222222,4.96,8.985555556
5815200,7.453333333,7.177777778,4.96,8.944444444
5815800,7.45,7.173333333,4.96,8.903333333
5816400,7.446666667,7.168888889,4.96,8.862222222
5817000,7.443333333,7.164444444,4.96,8.821111111
5817600,7.44,7.16,4.96,8.78
5818200,8.06,7.155,4.9625,8.7925
5818800,8.68,7.15,4.965,8.805
5819400,9.3,7.145,4.9675,8.8175
5820000,9.92,7.14,4.97,8.83
5820600,10.54,7.135,4.9725,8.8425
5821200,11.16,7.13,4.975,8.855
5821800,11.78,7.125,4.9775,8.8675
5822400,12.4,7.12,4.98,8.88
5823000,12.4,7.115,4.98875,8.8725
5823600,12.4,7.11,4.9975,8.865
5824200,12.4,7.105,5.00625,8.8575
5824800,12.4,7.1,5.015,8.85
5825400,12.4,7.095,5.02375,8.8425
5826000,12.4,7.09,5.0325,8.835
5826600,12.4,7.085,5.04125,8.8275
5827200,12.4,7.08,5.05,8.82
5827800,12.37777778,7.11,5.05,8.827777778
5828400,12.35555556,7.14,5.05,8.835555556
5829000,12.33333333,7.17,5.05,8.843333333
5829600,12.31111111,7.2,5.05,8.851111111
5830200,12.28888889,7.23,5.05,8.858888889
5830800,12.26666667,7.26,5.05,8.866666667
5831400,12.24444444,7.29,5.05,8.874444444
5832000,12.22222222,7.32,5.05,8.882222222
5832600,12.2,7.35,5.05,8.89
5833200,12.2,7.36625,5.04875,9.05375
5833800,12.2,7.3825,5.0475,9.2175
5834400,12.2,7.39875,5.04625,9.38125
5835000,12.2,7.415,5.045,9.545
5835600,12.2,7.43125,5.04375,9.70875
5836200,12.2,7.4475,5.0425,9.8725
5836800,12.2,7.46375,5.04125,10.03625
5837400,12.2,7.48,5.04,10.2
5838000,12.225,7.62625,5.03875,10.2625
5838600,12.25,7.7725,5.0375,10.325
5839200,12.275,7.91875,5.03625,10.3875
5839800,12.3,8.065,5.035,10.45
5840400,12.325,8.21125,5.03375,10.5125
5841000,12.35,8.3575,5.0325,10.575
5841600,12.375,8.50375,5.03125,10.6375
5842200,12.4,8.65,5.03,10.7
5842800,12.3875,8.725,5.15875,10.725
5843400,12.375,8.8,5.2875,10.75
5844000,12.3625,8.875,5.41625,10.775
5844600,12.35,8.95,5.545,10.8
5845200,12.3375,9.025,5.67375,10.825
5845800,12.325,9.1,5.8025,10.85
5846400,12.3125,9.175,5.93125,10.875
5847000,12.3,9.25,6.06,10.9
5847600,12.31111111,9.344444444,6.077777778,11.01111111
5848200,12.32222222,9.438888889,6.095555556,11.12222222
5848800,12.33333333,9.533333333,6.113333333,11.23333333
5849400,12.34444444,9.627777778,6.131111111,11.34444444
5850000,12.35555556,9.722222222,6.148888889,11.45555556
5850600,12.36666667,9.816666667,6.166666667,11.56666667
5851200,12.37777778,9.911111111,6.184444444,11.67777778
5851800,12.38888889,10.00555556,6.202222222,11.78888889
5852400,12.4,10.1,6.22,11.9
5853000,12.3625,10.1625,6.2425,11.9125
5853600,12.325,10.225,6.265,11.925
5854200,12.2875,10.2875,6.2875,11.9375
5854800,12.25,10.35,6.31,11.95
5855400,12.2125,10.4125,6.3325,11.9625
5856000,12.175,10.475,6.355,11.975
5856600,12.1375,10.5375,6.3775,11.9875
5857200,12.1,10.6,6.4,12
5857800,12.1375,10.55,6.305,11.72875
5858400,12.175,10.5,6.21,11.4575
5859000,12.2125,10.45,6.115,11.18625
5859600,12.25,10.4,6.02,10.915
5860200,12.2875,10.35,5.925,10.64375
5860800,12.325,10.3,5.83,10.3725
5861400,12.3625,10.25,5.735,10.10125
5862000,12.4,10.2,5.64,9.83
5862600,11.90444444,9.847777778,5.603333333,9.223333333
5863200,11.40888889,9.495555556,5.566666667,8.616666667
5863800,10.91333333,9.143333333,5.53,8.01
5864400,10.41777778,8.791111111,5.493333333,7.403333333
5865000,9.922222222,8.438888889,5.456666667,6.796666667
5865600,9.426666667,8.086666667,5.42,6.19
5866200,8.931111111,7.734444444,5.383333333,5.583333333
5866800,8.435555556,7.382222222,5.346666667,4.976666667
5867400,7.94,7.03,5.31,4.37
5868000,7.4275,7.125,5.30625,4.215
5868600,6.915,7.22,5.3025,4.06
5869200,6.4025,7.315,5.29875,3.905
5869800,5.89,7.41,5.295,3.75
5870400,5.3775,7.505,5.29125,3.595
5871000,4.865,7.6,5.2875,3.44
5871600,4.3525,7.695,5.28375,3.285
5872200,3.84,7.79,5.28,3.13
5872800,3.84125,8.19125,5.27875,3.16125
5873400,3.8425,8.5925,5.2775,3.1925
5874000,3.84375,8.99375,5.27625,3.22375
5874600,3.845,9.395,5.275,3.255
5875200,3.84625,9.79625,5.27375,3.28625
5875800,3.8475,10.1975,5.2725,3.3175
5876400,3.84875,10.59875,5.27125,3.34875
5877000,3.85,11,5.27,3.38
5877600,3.845555556,11.05555556,5.264444444,3.357777778
5878200,3.841111111,11.11111111,5.258888889,3.335555556
5878800,3.836666667,11.16666667,5.253333333,3.313333333
5879400,3.832222222,11.22222222,5.247777778,3.291111111
5880000,3.827777778,11.27777778,5.242222222,3.268888889
5880600,3.823333333,11.33333333,5.236666667,3.246666667
5881200,3.818888889,11.38888889,5.231111111,3.224444444
5881800,3.814444444,11.44444444,5.225555556,3.202222222
5882400,3.81,11.5,5.22,3.18
5883000,3.8475,11.3375,5.21125,3.27875
5883600,3.885,11.175,5.2025,3.3775
5884200,3.9225,11.0125,5.19375,3.47625
5884800,3.96,10.85,5.185,3.575
5885400,3.9975,10.6875,5.17625,3.67375
5886000,4.035,10.525,5.1675,3.7725
5886600,4.0725,10.3625,5.15875,3.87125
5887200,4.11,10.2,5.15,3.97
5887800,4.53375,10.1875,5.16125,4.34875
5888400,4.9575,10.175,5.1725,4.7275
5889000,5.38125,10.1625,5.18375,5.10625
5889600,5.805,10.15,5.195,5.485
5890200,6.22875,10.1375,5.20625,5.86375
5890800,6.6525,10.125,5.2175,6.2425
5891400,7.07625,10.1125,5.22875,6.62125
5892000,7.5,10.1,5.24,7
5892600,7.51,10.05125,5.215,6.95375
5893200,7.52,10.0025,5.19,6.9075
5893800,7.53,9.95375,5.165,6.86125
5894400,7.54,9.905,5.14,6.815
5895000,7.55,9.85625,5.115,6.76875
5895600,7.56,9.8075,5.09,6.7225
5896200,7.57,9.75875,5.065,6.67625
5896800,7.58,9.71,5.04,6.63
5897400,7.603333333,9.694444444,5.001111111,6.576666667
5898000,7.626666667,9.678888889,4.962222222,6.523333333
5898600,7.65,9.663333333,4.923333333,6.47
5899200,7.673333333,9.647777778,4.884444444,6.416666667
5899800,7.696666667,9.632222222,4.845555556,6.363333333
5900400,7.72,9.616666667,4.806666667,6.31
5901000,7.743333333,9.601111111,4.767777778,6.256666667
5901600,7.766666667,9.585555556,4.728888889,6.203333333
5902200,7.79,9.57,4.69,6.15
5902800,7.75,9.5425,4.69,6.10625
5903400,7.71,9.515,4.69,6.0625
5904000,7.67,9.4875,4.69,6.01875
5904600,7.63,9.46,4.69,5.975
5905200,7.59,9.4325,4.69,5.93125
5905800,7.55,9.405,4.69,5.8875
5906400,7.51,9.3775,4.69,5.84375
5907000,7.47,9.35,4.69,5.8
5907600,7.50625,9.35,4.6875,5.76125
5908200,7.5425,9.35,4.685,5.7225
5908800,7.57875,9.35,4.6825,5.68375
5909400,7.615,9.35,4.68,5.645
5910000,7.65125,9.35,4.6775,5.60625
5910600,7.6875,9.35,4.675,5.5675
5911200,7.72375,9.35,4.6725,5.52875
5911800,7.76,9.35,4.67,5.49
5912400,7.731111111,9.375555556,4.657777778,5.514444444
5913000,7.702222222,9.401111111,4.645555556,5.538888889
5913600,7.673333333,9.426666667,4.633333333,5.563333333
5914200,7.644444444,9.452222222,4.621111111,5.587777778
5914800,7.615555556,9.477777778,4.608888889,5.612222222
5915400,7.586666667,9.503333333,4.596666667,5.636666667
5916000,7.557777778,9.528888889,4.584444444,5.661111111
5916600,7.528888889,9.554444444,4.572222222,5.685555556
5917200,7.5,9.58,4.56,5.71
5917800,7.54,9.615,4.5775,5.75625
5918400,7.58,9.65,4.595,5.8025
5919000,7.62,9.685,4.6125,5.84875
5919600,7.66,9.72,4.63,5.895
5920200,7.7,9.755,4.6475,5.94125
5920800,7.74,9.79,4.665,5.9875
5921400,7.78,9.825,4.6825,6.03375
5922000,7.82,9.86,4.7,6.08
5922600,7.85375,9.8625,4.69375,6.02625
5923200,7.8875,9.865,4.6875,5.9725
5923800,7.92125,9.8675,4.68125,5.91875
5924400,7.955,9.87,4.675,5.865
5925000,7.98875,9.8725,4.66875,5.81125
5925600,8.0225,9.875,4.6625,5.7575
5926200,8.05625,9.8775,4.65625,5.70375
5926800,8.09,9.88,4.65,5.65
5927400,8.125555556,9.873333333,4.708888889,5.69
5928000,8.161111111,9.866666667,4.767777778,5.73
5928600,8.196666667,9.86,4.826666667,5.77
5929200,8.232222222,9.853333333,4.885555556,5.81
5929800,8.267777778,9.846666667,4.944444444,5.85
5930400,8.303333333,9.84,5.003333333,5.89
5931000,8.338888889,9.833333333,5.062222222,5.93
5931600,8.374444444,9.826666667,5.121111111,5.97
5932200,8.41,9.82,5.18,6.01
5932800,8.425,9.7925,5.51625,6.29875
5933400,8.44,9.765,5.8525,6.5875
5934000,8.455,9.7375,6.18875,6.87625
5934600,8.47,9.71,6.525,7.165
5935200,8.485,9.6825,6.86125,7.45375
5935800,8.5,9.655,7.1975,7.7425
5936400,8.515,9.6275,7.53375,8.03125
5937000,8.53,9.6,7.87,8.32
5937600,8.44,9.5575,7.89125,7.9725
5938200,8.35,9.515,7.9125,7.625
5938800,8.26,9.4725,7.93375,7.2775
5939400,8.17,9.43,7.955,6.93
5940000,8.08,9.3875,7.97625,6.5825
5940600,7.99,9.345,7.9975,6.235
5941200,7.9,9.3025,8.01875,5.8875
5941800,7.81,9.26,8.04,5.54
5942400,7.92125,9.2675,8.0325,5.76
5943000,8.0325,9.275,8.025,5.98
5943600,8.14375,9.2825,8.0175,6.2
5944200,8.255,9.29,8.01,6.42
5944800,8.36625,9.2975,8.0025,6.64
5945400,8.4775,9.305,7.995,6.86
5946000,8.58875,9.3125,7.9875,7.08
5946600,8.7,9.32,7.98,7.3
5947200,8.714444444,9.317777778,7.984444444,7.285555556
5947800,8.728888889,9.315555556,7.988888889,7.271111111
5948400,8.743333333,9.313333333,7.993333333,7.256666667
5949000,8.757777778,9.311111111,7.997777778,7.242222222
5949600,8.772222222,9.308888889,8.002222222,7.227777778
5950200,8.786666667,9.306666667,8.006666667,7.213333333
5950800,8.801111111,9.304444444,8.011111111,7.198888889
5951400,8.815555556,9.302222222,8.015555556,7.184444444
5952000,8.83,9.3,8.02,7.17
5952600,8.85375,9.31125,8.02375,7.175
5953200,8.8775,9.3225,8.0275,7.18
5953800,8.90125,9.33375,8.03125,7.185
5954400,8.925,9.345,8.035,7.19
5955000,8.94875,9.35625,8.03875,7.195
5955600,8.9725,9.3675,8.0425,7.2
5956200,8.99625,9.37875,8.04625,7.205
5956800,9.02,9.39,8.05,7.21
5957400,9.09,9.425,8.1025,7.275
5958000,9.16,9.46,8.155,7.34
5958600,9.23,9.495,8.2075,7.405
5959200,9.3,9.53,8.26,7.47
5959800,9.37,9.565,8.3125,7.535
5960400,9.44,9.6,8.365,7.6
5961000,9.51,9.635,8.4175,7.665
5961600,9.58,9.67,8.47,7.73
5962200,9.586666667,9.694444444,8.506666667,7.765555556
5962800,9.593333333,9.718888889,8.543333333,7.801111111
5963400,9.6,9.743333333,8.58,7.836666667
5964000,9.606666667,9.767777778,8.616666667,7.872222222
5964600,9.613333333,9.792222222,8.653333333,7.907777778
5965200,9.62,9.816666667,8.69,7.943333333
5965800,9.626666667,9.841111111,8.726666667,7.978888889
5966400,9.633333333,9.865555556,8.763333333,8.014444444
5967000,9.64,9.89,8.8,8.05
5967600,9.6525,9.90375,8.7975,8.04125
5968200,9.665,9.9175,8.795,8.0325
5968800,9.6775,9.93125,8.7925,8.02375
5969400,9.69,9.945,8.79,8.015
5970000,9.7025,9.95875,8.7875,8.00625
5970600,9.715,9.9725,8.785,7.9975
5971200,9.7275,9.98625,8.7825,7.98875
5971800,9.74,10,8.78,7.98
5972400,9.7325,10.025,8.775,8.15375
5973000,9.725,10.05,8.77,8.3275
5973600,9.7175,10.075,8.765,8.50125
5974200,9.71,10.1,8.76,8.675
5974800,9.7025,10.125,8.755,8.84875
5975400,9.695,10.15,8.75,9.0225
5976000,9.6875,10.175,8.745,9.19625
5976600,9.68,10.2,8.74,9.37
5977200,9.672222222,10.2,8.723333333,9.416666667
5977800,9.664444444,10.2,8.706666667,9.463333333
5978400,9.656666667,10.2,8.69,9.51
5979000,9.648888889,10.2,8.673333333,9.556666667
5979600,9.641111111,10.2,8.656666667,9.603333333
5980200,9.633333333,10.2,8.64,9.65
5980800,9.625555556,10.2,8.623333333,9.696666667
5981400,9.617777778,10.2,8.606666667,9.743333333
5982000,9.61,10.2,8.59,9.79
5982600,9.6375,10.2125,8.59875,9.80375
5983200,9.665,10.225,8.6075,9.8175
5983800,9.6925,10.2375,8.61625,9.83125
5984400,9.72,10.25,8.625,9.845
5985000,9.7475,10.2625,8.63375,9.85875
5985600,9.775,10.275,8.6425,9.8725
5986200,9.8025,10.2875,8.65125,9.88625
5986800,9.83,10.3,8.66,9.9
5987400,10.12625,10.4375,8.64875,9.9875
5988000,10.4225,10.575,8.6375,10.075
5988600,10.71875,10.7125,8.62625,10.1625
5989200,11.015,10.85,8.615,10.25
5989800,11.31125,10.9875,8.60375,10.3375
5990400,11.6075,11.125,8.5925,10.425
5991000,11.90375,11.2625,8.58125,10.5125
5991600,12.2,11.4,8.57,10.6
5992200,12.2,11.3875,8.57625,10.6
5992800,12.2,11.375,8.5825,10.6
5993400,12.2,11.3625,8.58875,10.6
5994000,12.2,11.35,8.595,10.6
5994600,12.2,11.3375,8.60125,10.6
5995200,12.2,11.325,8.6075,10.6
5995800,12.2,11.3125,8.61375,10.6
5996400,12.2,11.3,8.62,10.6
5997000,12.16666667,11.3,8.626666667,10.6
5997600,12.13333333,11.3,8.633333333,10.6
5998200,12.1,11.3,8.64,10.6
5998800,12.06666667,11.3,8.646666667,10.6
5999400,12.03333333,11.3,8.653333333,10.6
6000000,12,11.3,8.66,10.6
6000600,11.96666667,11.3,8.666666667,10.6
6001200,11.93333333,11.3,8.673333333,10.6
6001800,11.9,11.3,8.68,10.6
6002400,11.925,11.3125,8.6775,10.575
6003000,11.95,11.325,8.675,10.55
6003600,11.975,11.3375,8.6725,10.525
6004200,12,11.35,8.67,10.5
6004800,12.025,11.3625,8.6675,10.475
6005400,12.05,11.375,8.665,10.45
6006000,12.075,11.3875,8.6625,10.425
6006600,12.1,11.4,8.66,10.4
6007200,12.0875,11.3875,8.65375,10.3875
6007800,12.075,11.375,8.6475,10.375
6008400,12.0625,11.3625,8.64125,10.3625
6009000,12.05,11.35,8.635,10.35
6009600,12.0375,11.3375,8.62875,10.3375
6010200,12.025,11.325,8.6225,10.325
6010800,12.0125,11.3125,8.61625,10.3125
6011400,12,11.3,8.61,10.3
6012000,11.91111111,11.27777778,8.613333333,10.27777778
6012600,11.82222222,11.25555556,8.616666667,10.25555556
6013200,11.73333333,11.23333333,8.62,10.23333333
6013800,11.64444444,11.21111111,8.623333333,10.21111111
6014400,11.55555556,11.18888889,8.626666667,10.18888889
6015000,11.46666667,11.16666667,8.63,10.16666667
6015600,11.37777778,11.14444444,8.633333333,10.14444444
6016200,11.28888889,11.12222222,8.636666667,10.12222222
6016800,11.2,11.1,8.64,10.1
6017400,10.9925,10.95625,8.62125,10.00125
6018000,10.785,10.8125,8.6025,9.9025
6018600,10.5775,10.66875,8.58375,9.80375
6019200,10.37,10.525,8.565,9.705
6019800,10.1625,10.38125,8.54625,9.60625
6020400,9.955,10.2375,8.5275,9.5075
6021000,9.7475,10.09375,8.50875,9.40875
6021600,9.54,9.95,8.49,9.31
6022200,9.5975,9.95625,8.55125,9.3225
6022800,9.655,9.9625,8.6125,9.335
6023400,9.7125,9.96875,8.67375,9.3475
6024000,9.77,9.975,8.735,9.36
6024600,9.8275,9.98125,8.79625,9.3725
6025200,9.885,9.9875,8.8575,9.385
6025800,9.9425,9.99375,8.91875,9.3975
6026400,10,10,8.98,9.41
6027000,10.13333333,10.11111111,9.036666667,9.472222222
6027600,10.26666667,10.22222222,9.093333333,9.534444444
6028200,10.4,10.33333333,9.15,9.596666667
6028800,10.53333333,10.44444444,9.206666667,9.658888889
6029400,10.66666667,10.55555556,9.263333333,9.721111111
6030000,10.8,10.66666667,9.32,9.783333333
6030600,10.93333333,10.77777778,9.376666667,9.845555556
6031200,11.06666667,10.88888889,9.433333333,9.907777778
6031800,11.2,11,9.49,9.97
6032400,10.97625,10.82875,9.48625,9.87875
6033000,10.7525,10.6575,9.4825,9.7875
6033600,10.52875,10.48625,9.47875,9.69625
6034200,10.305,10.315,9.475,9.605
6034800,10.08125,10.14375,9.47125,9.51375
6035400,9.8575,9.9725,9.4675,9.4225
6036000,9.63375,9.80125,9.46375,9.33125
6036600,9.41,9.63,9.46,9.24
6037200,9.16375,9.38375,9.46125,9.15
6037800,8.9175,9.1375,9.4625,9.06
6038400,8.67125,8.89125,9.46375,8.97
6039000,8.425,8.645,9.465,8.88
6039600,8.17875,8.39875,9.46625,8.79
6040200,7.9325,8.1525,9.4675,8.7
6040800,7.68625,7.90625,9.46875,8.61
6041400,7.44,7.66,9.47,8.52
6042000,7.8975,8.0775,9.465,8.67
6042600,8.355,8.495,9.46,8.82
6043200,8.8125,8.9125,9.455,8.97
6043800,9.27,9.33,9.45,9.12
6044400,9.7275,9.7475,9.445,9.27
6045000,10.185,10.165,9.44,9.42
6045600,10.6425,10.5825,9.435,9.57
6046200,11.1,11,9.43,9.72
